claim_id,source_id,question_id,paper_key,page_ref,dimension,concept,definition,mechanism,causal_chain,variables_parameters,theory_evidence_status,claim_text,project_use,validation_status,reviewer_comment,note_path,cluster_id,cluster_question_id,evidence_anchor,quote_or_paraphrase,memo_section_target,confidence
CLM_C1_Q01_001,MULTI,C1_Q01,cluster_synthesis,,variables_parameters,land,,land speculation crowds out productive capital,,D_t/r_t; K_t; W,model_based_synthesis,"Here is a synthesis of the distinction between wealth and productive capital based on the provided Stiglitz (2015) papers, tailored for your Fondecyt project on land-rent financialization.",Latin American applicability,needs_page,"Cluster-level synthesis. Related sources: [""PDF009"", ""PDF010"", ""PDF011""]. C6 all-source inference applies if cluster_id is C6.",03_notes/clusters/C1_Q01.md,C1,C1_Q01,[NOTEBOOKLM_CLUSTER],paraphrase,3. Conceptual objects,low
CLM_C1_Q01_002,PDF009,C1_Q01,Stiglitz_2015c,"1, 2, 4, 11 - Key passage(s), paraphrased or short quote only: - ""if wealth (with a growing population, wealth per capita), appropriately measured, was non-decreasing, t...",causality,land,,land speculation crowds out productive capital,"Core claim: Standard wealth metrics fail to accurately assess economic sustainability because they conflate non-productive asset inflation (like land and capitalized monopoly rents) with true productive capital, wh...",D_t/r_t; K_t; W,measurement_or_empirical_motivation,"Core claim: Standard wealth metrics fail to accurately assess economic sustainability because they conflate non-productive asset inflation (like land and capitalized monopoly rents) with true productive capital, wh...",land-credit crowding-out,validated_paraphrase,"Source-specific row parsed from Phase 2 cluster evidence map for The Measurement of Wealth: Recessions, Sustainability and Inequality.",03_notes/clusters/C1_Q01.md,C1,C1_Q01,"- Page(s): 1, 2, 4, 11 - Key passage(s), paraphrased or short quote only: - ""if wealth (with a growing population, wealth per capita), appropriately measured, was non-decreasing, t...",paraphrase,3. Conceptual objects,medium
CLM_C1_Q01_003,PDF010,C1_Q01,Stiglitz_2015b,"16, 17, 18 - Key passage(s), paraphrased or short quote only: - ""It is the decision of the banks (the central bank) concerning credit availability that drives the price ...",variables_parameters,land,,real-estate credit amplifies land-price inflation,,P_t; collateral parameter; W,measurement_or_empirical_motivation,"Core claim: Part IV explains the ""wealth residual"" by showing that credit expansion, explicitly secured by land collateral, artificially inflates land prices and measured wealth while contributing nothing to—and po...",land-credit crowding-out,validated_paraphrase,Source-specific row parsed from Phase 2 cluster evidence map for New Theoretical Perspectives on the Distribution of Income and Wealth among Individuals: Part IV: Land and Credit.,03_notes/clusters/C1_Q01.md,C1,C1_Q01,"- Page(s): 16, 17, 18 - Key passage(s), paraphrased or short quote only: - ""It is the decision of the banks (the central bank) concerning credit availability that drives the price ...",paraphrase,3. Conceptual objects,medium
CLM_C1_Q01_004,PDF011,C1_Q01,Stiglitz_2015a,"10, 11, 28 - Key passage(s), paraphrased or short quote only: - ""If these numbers were accurate, the observed increase in wealth income ratios must come from somewhere e...",variables_parameters,land,,land changes R versus G and debt-rollover conditions,,W,measurement_or_empirical_motivation,"Core claim: The wealth residual represents the massive gap between the observed surge in aggregate wealth and the actual, much lower rate of real capital accumulation dictated by national savings data, indicating t...",land-credit crowding-out,validated_paraphrase,Source-specific row parsed from Phase 2 cluster evidence map for New Theoretical Perspectives on the Distribution of Income and Wealth among Individuals: Part I. The Wealth Residual.,03_notes/clusters/C1_Q01.md,C1,C1_Q01,"- Page(s): 10, 11, 28 - Key passage(s), paraphrased or short quote only: - ""If these numbers were accurate, the observed increase in wealth income ratios must come from somewhere e...",paraphrase,3. Conceptual objects,medium
CLM_C1_Q02_001,MULTI,C1_Q02,cluster_synthesis,,variables_parameters,land,,unbalanced growth separates land prices from rents,,D_t/r_t,model_based_synthesis,Here is the concise synthesis based on the selected sources for your Fondecyt project on land-rent financialization: 1.,Latin American applicability,needs_page,"Cluster-level synthesis. Related sources: [""PDF009"", ""PDF010"", ""PDF011""]. C6 all-source inference applies if cluster_id is C6.",03_notes/clusters/C1_Q02.md,C1,C1_Q02,[NOTEBOOKLM_CLUSTER],paraphrase,1. Introduction,low
CLM_C1_Q02_002,PDF009,C1_Q02,Stiglitz_2015c,"1, 2, 4, 11 - Key passage(s), paraphrased or short quote only: - ""if wealth (with a growing population, wealth per capita), appropriately measured, was non-decreasing, t...",causality,land,,land speculation crowds out productive capital,"Core claim: Standard wealth metrics fail to accurately assess economic sustainability because they conflate non-productive asset inflation (like land and capitalized monopoly rents) with true productive capital, wh...",D_t/r_t; K_t; W,measurement_or_empirical_motivation,"Core claim: Standard wealth metrics fail to accurately assess economic sustainability because they conflate non-productive asset inflation (like land and capitalized monopoly rents) with true productive capital, wh...",land-credit crowding-out,validated_paraphrase,"Source-specific row parsed from Phase 2 cluster evidence map for The Measurement of Wealth: Recessions, Sustainability and Inequality.",03_notes/clusters/C1_Q02.md,C1,C1_Q02,"- Page(s): 1, 2, 4, 11 - Key passage(s), paraphrased or short quote only: - ""if wealth (with a growing population, wealth per capita), appropriately measured, was non-decreasing, t...",paraphrase,3. Conceptual objects,medium
CLM_C1_Q02_003,PDF010,C1_Q02,Stiglitz_2015b,"16, 17, 18 - Key passage(s), paraphrased or short quote only: - ""It is the decision of the banks (the central bank) concerning credit availability that drives the price ...",variables_parameters,land,,real-estate credit amplifies land-price inflation,,P_t; collateral parameter; W,measurement_or_empirical_motivation,"Core claim: Part IV explains the ""wealth residual"" by showing that credit expansion, explicitly secured by land collateral, artificially inflates land prices and measured wealth while contributing nothing to—and po...",land-credit crowding-out,validated_paraphrase,Source-specific row parsed from Phase 2 cluster evidence map for New Theoretical Perspectives on the Distribution of Income and Wealth among Individuals: Part IV: Land and Credit.,03_notes/clusters/C1_Q02.md,C1,C1_Q02,"- Page(s): 16, 17, 18 - Key passage(s), paraphrased or short quote only: - ""It is the decision of the banks (the central bank) concerning credit availability that drives the price ...",paraphrase,3. Conceptual objects,medium
CLM_C1_Q02_004,PDF011,C1_Q02,Stiglitz_2015a,"10, 11, 28 - Key passage(s), paraphrased or short quote only: - ""If these numbers were accurate, the observed increase in wealth income ratios must come from somewhere e...",variables_parameters,land,,land changes R versus G and debt-rollover conditions,,W,measurement_or_empirical_motivation,"Core claim: The wealth residual represents the massive gap between the observed surge in aggregate wealth and the actual, much lower rate of real capital accumulation dictated by national savings data, indicating t...",land-credit crowding-out,validated_paraphrase,Source-specific row parsed from Phase 2 cluster evidence map for New Theoretical Perspectives on the Distribution of Income and Wealth among Individuals: Part I. The Wealth Residual.,03_notes/clusters/C1_Q02.md,C1,C1_Q02,"- Page(s): 10, 11, 28 - Key passage(s), paraphrased or short quote only: - ""If these numbers were accurate, the observed increase in wealth income ratios must come from somewhere e...",paraphrase,3. Conceptual objects,medium
CLM_C1_Q03_001,MULTI,C1_Q03,cluster_synthesis,,variables_parameters,land,,land changes R versus G and debt-rollover conditions,,,model_based_synthesis,Here is a concise synthesis answering your cluster-level question based on the provided sources.,land-credit crowding-out,needs_page,"Cluster-level synthesis. Related sources: [""PDF009"", ""PDF010"", ""PDF011""]. C6 all-source inference applies if cluster_id is C6.",03_notes/clusters/C1_Q03.md,C1,C1_Q03,[NOTEBOOKLM_CLUSTER],paraphrase,1. Introduction,low
CLM_C1_Q03_002,PDF009,C1_Q03,Stiglitz_2015c,"1, 2, 4, 11 - Key passage(s), paraphrased or short quote only: - ""if wealth (with a growing population, wealth per capita), appropriately measured, was non-decreasing, t...",causality,land,,land speculation crowds out productive capital,"Core claim: Standard wealth metrics fail to accurately assess economic sustainability because they conflate non-productive asset inflation (like land and capitalized monopoly rents) with true productive capital, wh...",D_t/r_t; K_t; W,measurement_or_empirical_motivation,"Core claim: Standard wealth metrics fail to accurately assess economic sustainability because they conflate non-productive asset inflation (like land and capitalized monopoly rents) with true productive capital, wh...",land-credit crowding-out,validated_paraphrase,"Source-specific row parsed from Phase 2 cluster evidence map for The Measurement of Wealth: Recessions, Sustainability and Inequality.",03_notes/clusters/C1_Q03.md,C1,C1_Q03,"- Page(s): 1, 2, 4, 11 - Key passage(s), paraphrased or short quote only: - ""if wealth (with a growing population, wealth per capita), appropriately measured, was non-decreasing, t...",paraphrase,3. Conceptual objects,medium
CLM_C1_Q03_003,PDF010,C1_Q03,Stiglitz_2015b,"16, 17, 18 - Key passage(s), paraphrased or short quote only: - ""It is the decision of the banks (the central bank) concerning credit availability that drives the price ...",variables_parameters,land,,real-estate credit amplifies land-price inflation,,P_t; collateral parameter; W,measurement_or_empirical_motivation,"Core claim: Part IV explains the ""wealth residual"" by showing that credit expansion, explicitly secured by land collateral, artificially inflates land prices and measured wealth while contributing nothing to—and po...",land-credit crowding-out,validated_paraphrase,Source-specific row parsed from Phase 2 cluster evidence map for New Theoretical Perspectives on the Distribution of Income and Wealth among Individuals: Part IV: Land and Credit.,03_notes/clusters/C1_Q03.md,C1,C1_Q03,"- Page(s): 16, 17, 18 - Key passage(s), paraphrased or short quote only: - ""It is the decision of the banks (the central bank) concerning credit availability that drives the price ...",paraphrase,3. Conceptual objects,medium
CLM_C1_Q03_004,PDF011,C1_Q03,Stiglitz_2015a,"10, 11, 28 - Key passage(s), paraphrased or short quote only: - ""If these numbers were accurate, the observed increase in wealth income ratios must come from somewhere e...",variables_parameters,land,,land changes R versus G and debt-rollover conditions,,W,measurement_or_empirical_motivation,"Core claim: The wealth residual represents the massive gap between the observed surge in aggregate wealth and the actual, much lower rate of real capital accumulation dictated by national savings data, indicating t...",land-credit crowding-out,validated_paraphrase,Source-specific row parsed from Phase 2 cluster evidence map for New Theoretical Perspectives on the Distribution of Income and Wealth among Individuals: Part I. The Wealth Residual.,03_notes/clusters/C1_Q03.md,C1,C1_Q03,"- Page(s): 10, 11, 28 - Key passage(s), paraphrased or short quote only: - ""If these numbers were accurate, the observed increase in wealth income ratios must come from somewhere e...",paraphrase,3. Conceptual objects,medium
CLM_C1_Q04_001,MULTI,C1_Q04,cluster_synthesis,,variables_parameters,land,,,,,model_based_synthesis,1.,land-credit crowding-out,needs_page,"Cluster-level synthesis. Related sources: [""PDF009"", ""PDF010"", ""PDF011""]. C6 all-source inference applies if cluster_id is C6.",03_notes/clusters/C1_Q04.md,C1,C1_Q04,[NOTEBOOKLM_CLUSTER],paraphrase,1. Introduction,low
CLM_C1_Q04_002,PDF009,C1_Q04,Stiglitz_2015c,"1, 2, 4, 11 - Key passage(s), paraphrased or short quote only: - ""if wealth (with a growing population, wealth per capita), appropriately measured, was non-decreasing, t...",causality,land,,land speculation crowds out productive capital,"Core claim: Standard wealth metrics fail to accurately assess economic sustainability because they conflate non-productive asset inflation (like land and capitalized monopoly rents) with true productive capital, wh...",D_t/r_t; K_t; W,measurement_or_empirical_motivation,"Core claim: Standard wealth metrics fail to accurately assess economic sustainability because they conflate non-productive asset inflation (like land and capitalized monopoly rents) with true productive capital, wh...",land-credit crowding-out,validated_paraphrase,"Source-specific row parsed from Phase 2 cluster evidence map for The Measurement of Wealth: Recessions, Sustainability and Inequality.",03_notes/clusters/C1_Q04.md,C1,C1_Q04,"- Page(s): 1, 2, 4, 11 - Key passage(s), paraphrased or short quote only: - ""if wealth (with a growing population, wealth per capita), appropriately measured, was non-decreasing, t...",paraphrase,3. Conceptual objects,medium
CLM_C1_Q04_003,PDF010,C1_Q04,Stiglitz_2015b,"16, 17, 18 - Key passage(s), paraphrased or short quote only: - ""It is the decision of the banks (the central bank) concerning credit availability that drives the price ...",variables_parameters,land,,real-estate credit amplifies land-price inflation,,P_t; collateral parameter; W,measurement_or_empirical_motivation,"Core claim: Part IV explains the ""wealth residual"" by showing that credit expansion, explicitly secured by land collateral, artificially inflates land prices and measured wealth while contributing nothing to—and po...",land-credit crowding-out,validated_paraphrase,Source-specific row parsed from Phase 2 cluster evidence map for New Theoretical Perspectives on the Distribution of Income and Wealth among Individuals: Part IV: Land and Credit.,03_notes/clusters/C1_Q04.md,C1,C1_Q04,"- Page(s): 16, 17, 18 - Key passage(s), paraphrased or short quote only: - ""It is the decision of the banks (the central bank) concerning credit availability that drives the price ...",paraphrase,3. Conceptual objects,medium
CLM_C1_Q04_004,PDF011,C1_Q04,Stiglitz_2015a,"10, 11, 28 - Key passage(s), paraphrased or short quote only: - ""If these numbers were accurate, the observed increase in wealth income ratios must come from somewhere e...",variables_parameters,land,,land changes R versus G and debt-rollover conditions,,W,measurement_or_empirical_motivation,"Core claim: The wealth residual represents the massive gap between the observed surge in aggregate wealth and the actual, much lower rate of real capital accumulation dictated by national savings data, indicating t...",land-credit crowding-out,validated_paraphrase,Source-specific row parsed from Phase 2 cluster evidence map for New Theoretical Perspectives on the Distribution of Income and Wealth among Individuals: Part I. The Wealth Residual.,03_notes/clusters/C1_Q04.md,C1,C1_Q04,"- Page(s): 10, 11, 28 - Key passage(s), paraphrased or short quote only: - ""If these numbers were accurate, the observed increase in wealth income ratios must come from somewhere e...",paraphrase,3. Conceptual objects,medium
CLM_C1_Q05_001,MULTI,C1_Q05,cluster_synthesis,,variables_parameters,land,,,,,model_based_synthesis,1.,land-credit crowding-out,needs_page,"Cluster-level synthesis. Related sources: [""PDF009"", ""PDF010"", ""PDF011""]. C6 all-source inference applies if cluster_id is C6.",03_notes/clusters/C1_Q05.md,C1,C1_Q05,[NOTEBOOKLM_CLUSTER],paraphrase,1. Introduction,low
CLM_C1_Q05_002,PDF009,C1_Q05,Stiglitz_2015c,"1, 2, 4, 11 - Key passage(s), paraphrased or short quote only: - ""if wealth (with a growing population, wealth per capita), appropriately measured, was non-decreasing, t...",causality,land,,land speculation crowds out productive capital,"Core claim: Standard wealth metrics fail to accurately assess economic sustainability because they conflate non-productive asset inflation (like land and capitalized monopoly rents) with true productive capital, wh...",D_t/r_t; K_t; W,measurement_or_empirical_motivation,"Core claim: Standard wealth metrics fail to accurately assess economic sustainability because they conflate non-productive asset inflation (like land and capitalized monopoly rents) with true productive capital, wh...",land-credit crowding-out,validated_paraphrase,"Source-specific row parsed from Phase 2 cluster evidence map for The Measurement of Wealth: Recessions, Sustainability and Inequality.",03_notes/clusters/C1_Q05.md,C1,C1_Q05,"- Page(s): 1, 2, 4, 11 - Key passage(s), paraphrased or short quote only: - ""if wealth (with a growing population, wealth per capita), appropriately measured, was non-decreasing, t...",paraphrase,3. Conceptual objects,medium
CLM_C1_Q05_003,PDF010,C1_Q05,Stiglitz_2015b,"16, 17, 18 - Key passage(s), paraphrased or short quote only: - ""It is the decision of the banks (the central bank) concerning credit availability that drives the price ...",variables_parameters,land,,real-estate credit amplifies land-price inflation,,P_t; collateral parameter; W,measurement_or_empirical_motivation,"Core claim: Part IV explains the ""wealth residual"" by showing that credit expansion, explicitly secured by land collateral, artificially inflates land prices and measured wealth while contributing nothing to—and po...",land-credit crowding-out,validated_paraphrase,Source-specific row parsed from Phase 2 cluster evidence map for New Theoretical Perspectives on the Distribution of Income and Wealth among Individuals: Part IV: Land and Credit.,03_notes/clusters/C1_Q05.md,C1,C1_Q05,"- Page(s): 16, 17, 18 - Key passage(s), paraphrased or short quote only: - ""It is the decision of the banks (the central bank) concerning credit availability that drives the price ...",paraphrase,3. Conceptual objects,medium
CLM_C1_Q05_004,PDF011,C1_Q05,Stiglitz_2015a,"10, 11, 28 - Key passage(s), paraphrased or short quote only: - ""If these numbers were accurate, the observed increase in wealth income ratios must come from somewhere e...",variables_parameters,land,,land changes R versus G and debt-rollover conditions,,W,measurement_or_empirical_motivation,"Core claim: The wealth residual represents the massive gap between the observed surge in aggregate wealth and the actual, much lower rate of real capital accumulation dictated by national savings data, indicating t...",land-credit crowding-out,validated_paraphrase,Source-specific row parsed from Phase 2 cluster evidence map for New Theoretical Perspectives on the Distribution of Income and Wealth among Individuals: Part I. The Wealth Residual.,03_notes/clusters/C1_Q05.md,C1,C1_Q05,"- Page(s): 10, 11, 28 - Key passage(s), paraphrased or short quote only: - ""If these numbers were accurate, the observed increase in wealth income ratios must come from somewhere e...",paraphrase,3. Conceptual objects,medium
CLM_C2_Q01_001,MULTI,C2_Q01,cluster_synthesis,,variables_parameters,land,,,,,model_based_synthesis,1.,land-credit crowding-out,needs_page,"Cluster-level synthesis. Related sources: [""PDF006"", ""PDF007"", ""PDF004""]. C6 all-source inference applies if cluster_id is C6.",03_notes/clusters/C2_Q01.md,C2,C2_Q01,[NOTEBOOKLM_CLUSTER],paraphrase,1. Introduction,low
CLM_C2_Q01_002,PDF004,C2_Q01,Hirano_Stiglitz_2025b,"3, 4, 9, 17, 34, 49 - Key passage(s), paraphrased or short quote only: - ""This paper is meant to provide an overview of the research program, providing the simplest mode...",variables_parameters,land,,real-estate credit amplifies land-price inflation,,,measurement_or_empirical_motivation,"Core claim: The paper organizes a four-part theoretical research program demonstrating that market economies are intrinsically prone to expectation-driven instability, and that the presence of land and credit frict...",land-credit crowding-out,validated_paraphrase,Source-specific row parsed from Phase 2 cluster evidence map for Growth and Fluctuations Economies with Land Speculation.,03_notes/clusters/C2_Q01.md,C2,C2_Q01,"- Page(s): 3, 4, 9, 17, 34, 49 - Key passage(s), paraphrased or short quote only: - ""This paper is meant to provide an overview of the research program, providing the simplest mode...",paraphrase,5. Mechanism II,medium
CLM_C2_Q01_003,PDF006,C2_Q01,Hirano_Stiglitz_2022b,"1, 2, 10 - Key passage(s), paraphrased or short quote only: - ""In the Real Business Cycle (RBC) model (or other representative agent models) or the Solow model, there is...",variables_parameters,land,,land changes R versus G and debt-rollover conditions,,,measurement_or_empirical_motivation,"Core claim: Wobbly macro-dynamics describes a rational-expectations economy that infinitely fluctuates without converging or displaying regular periodicity, fundamentally challenging standard RBC and Solow models t...",wobbly dynamics and instability,validated_paraphrase,Source-specific row parsed from Phase 2 cluster evidence map for The Wobbly Economy: Global Dynamics with Phase and State Transitions.,03_notes/clusters/C2_Q01.md,C2,C2_Q01,"- Page(s): 1, 2, 10 - Key passage(s), paraphrased or short quote only: - ""In the Real Business Cycle (RBC) model (or other representative agent models) or the Solow model, there is...",paraphrase,8. Wobbly dynamics,medium
CLM_C2_Q01_004,PDF007,C2_Q01,Hirano_Stiglitz_2022a,"7, 24, 46, 47 - Key passage(s), paraphrased or short quote only: - ""Land crowds out productive capital... higher land prices lead to less capital accumulation. That, in ...",causality,land,,land speculation crowds out productive capital,"Core claim: Introducing land as an alternative asset fundamentally alters macroeconomic dynamics by crowding out productive capital, which lowers wages and output while expanding the conditions under which the econ...",K_t,measurement_or_empirical_motivation,"Core claim: Introducing land as an alternative asset fundamentally alters macroeconomic dynamics by crowding out productive capital, which lowers wages and output while expanding the conditions under which the econ...",land-credit crowding-out,validated_paraphrase,Source-specific row parsed from Phase 2 cluster evidence map for Land Speculation and Wobbly Dynamics with Endogenous Phase Transitions.,03_notes/clusters/C2_Q01.md,C2,C2_Q01,"- Page(s): 7, 24, 46, 47 - Key passage(s), paraphrased or short quote only: - ""Land crowds out productive capital... higher land prices lead to less capital accumulation. That, in ...",paraphrase,3. Conceptual objects,medium
CLM_C2_Q02_001,MULTI,C2_Q02,cluster_synthesis,,variables_parameters,land,,land changes R versus G and debt-rollover conditions,,,model_based_synthesis,"Here is the synthesis of how the introduction of land alters the baseline wobbly economy, based on the provided sources: 1.",wobbly dynamics and instability,needs_page,"Cluster-level synthesis. Related sources: [""PDF006"", ""PDF007"", ""PDF004""]. C6 all-source inference applies if cluster_id is C6.",03_notes/clusters/C2_Q02.md,C2,C2_Q02,[NOTEBOOKLM_CLUSTER],paraphrase,8. Wobbly dynamics,low
CLM_C2_Q02_002,PDF004,C2_Q02,Hirano_Stiglitz_2025b,"3, 4, 9, 17, 34, 49 - Key passage(s), paraphrased or short quote only: - ""This paper is meant to provide an overview of the research program, providing the simplest mode...",variables_parameters,land,,real-estate credit amplifies land-price inflation,,,measurement_or_empirical_motivation,"Core claim: The paper organizes a four-part theoretical research program demonstrating that market economies are intrinsically prone to expectation-driven instability, and that the presence of land and credit frict...",land-credit crowding-out,validated_paraphrase,Source-specific row parsed from Phase 2 cluster evidence map for Growth and Fluctuations Economies with Land Speculation.,03_notes/clusters/C2_Q02.md,C2,C2_Q02,"- Page(s): 3, 4, 9, 17, 34, 49 - Key passage(s), paraphrased or short quote only: - ""This paper is meant to provide an overview of the research program, providing the simplest mode...",paraphrase,5. Mechanism II,medium
CLM_C2_Q02_003,PDF006,C2_Q02,Hirano_Stiglitz_2022b,"1, 2, 10 - Key passage(s), paraphrased or short quote only: - ""In the Real Business Cycle (RBC) model (or other representative agent models) or the Solow model, there is...",variables_parameters,land,,land changes R versus G and debt-rollover conditions,,,measurement_or_empirical_motivation,"Core claim: Wobbly macro-dynamics describes a rational-expectations economy that infinitely fluctuates without converging or displaying regular periodicity, fundamentally challenging standard RBC and Solow models t...",wobbly dynamics and instability,validated_paraphrase,Source-specific row parsed from Phase 2 cluster evidence map for The Wobbly Economy: Global Dynamics with Phase and State Transitions.,03_notes/clusters/C2_Q02.md,C2,C2_Q02,"- Page(s): 1, 2, 10 - Key passage(s), paraphrased or short quote only: - ""In the Real Business Cycle (RBC) model (or other representative agent models) or the Solow model, there is...",paraphrase,8. Wobbly dynamics,medium
CLM_C2_Q02_004,PDF007,C2_Q02,Hirano_Stiglitz_2022a,"7, 24, 46, 47 - Key passage(s), paraphrased or short quote only: - ""Land crowds out productive capital... higher land prices lead to less capital accumulation. That, in ...",causality,land,,land speculation crowds out productive capital,"Core claim: Introducing land as an alternative asset fundamentally alters macroeconomic dynamics by crowding out productive capital, which lowers wages and output while expanding the conditions under which the econ...",K_t,measurement_or_empirical_motivation,"Core claim: Introducing land as an alternative asset fundamentally alters macroeconomic dynamics by crowding out productive capital, which lowers wages and output while expanding the conditions under which the econ...",land-credit crowding-out,validated_paraphrase,Source-specific row parsed from Phase 2 cluster evidence map for Land Speculation and Wobbly Dynamics with Endogenous Phase Transitions.,03_notes/clusters/C2_Q02.md,C2,C2_Q02,"- Page(s): 7, 24, 46, 47 - Key passage(s), paraphrased or short quote only: - ""Land crowds out productive capital... higher land prices lead to less capital accumulation. That, in ...",paraphrase,3. Conceptual objects,medium
CLM_C2_Q03_001,MULTI,C2_Q03,cluster_synthesis,,variables_parameters,land,,leverage creates land-bubble phase transition,,,model_based_synthesis,Here is a synthesis of the selected sources addressing your question on phase transitions and real-estate dynamics for the Fondecyt project memo: 1.,wobbly dynamics and instability,needs_page,"Cluster-level synthesis. Related sources: [""PDF006"", ""PDF007"", ""PDF004""]. C6 all-source inference applies if cluster_id is C6.",03_notes/clusters/C2_Q03.md,C2,C2_Q03,[NOTEBOOKLM_CLUSTER],paraphrase,1. Introduction,low
CLM_C2_Q03_002,PDF004,C2_Q03,Hirano_Stiglitz_2025b,"3, 4, 9, 17, 34, 49 - Key passage(s), paraphrased or short quote only: - ""This paper is meant to provide an overview of the research program, providing the simplest mode...",variables_parameters,land,,real-estate credit amplifies land-price inflation,,,measurement_or_empirical_motivation,"Core claim: The paper organizes a four-part theoretical research program demonstrating that market economies are intrinsically prone to expectation-driven instability, and that the presence of land and credit frict...",land-credit crowding-out,validated_paraphrase,Source-specific row parsed from Phase 2 cluster evidence map for Growth and Fluctuations Economies with Land Speculation.,03_notes/clusters/C2_Q03.md,C2,C2_Q03,"- Page(s): 3, 4, 9, 17, 34, 49 - Key passage(s), paraphrased or short quote only: - ""This paper is meant to provide an overview of the research program, providing the simplest mode...",paraphrase,5. Mechanism II,medium
CLM_C2_Q03_003,PDF006,C2_Q03,Hirano_Stiglitz_2022b,"1, 2, 10 - Key passage(s), paraphrased or short quote only: - ""In the Real Business Cycle (RBC) model (or other representative agent models) or the Solow model, there is...",variables_parameters,land,,land changes R versus G and debt-rollover conditions,,,measurement_or_empirical_motivation,"Core claim: Wobbly macro-dynamics describes a rational-expectations economy that infinitely fluctuates without converging or displaying regular periodicity, fundamentally challenging standard RBC and Solow models t...",wobbly dynamics and instability,validated_paraphrase,Source-specific row parsed from Phase 2 cluster evidence map for The Wobbly Economy: Global Dynamics with Phase and State Transitions.,03_notes/clusters/C2_Q03.md,C2,C2_Q03,"- Page(s): 1, 2, 10 - Key passage(s), paraphrased or short quote only: - ""In the Real Business Cycle (RBC) model (or other representative agent models) or the Solow model, there is...",paraphrase,8. Wobbly dynamics,medium
CLM_C2_Q03_004,PDF007,C2_Q03,Hirano_Stiglitz_2022a,"7, 24, 46, 47 - Key passage(s), paraphrased or short quote only: - ""Land crowds out productive capital... higher land prices lead to less capital accumulation. That, in ...",causality,land,,land speculation crowds out productive capital,"Core claim: Introducing land as an alternative asset fundamentally alters macroeconomic dynamics by crowding out productive capital, which lowers wages and output while expanding the conditions under which the econ...",K_t,measurement_or_empirical_motivation,"Core claim: Introducing land as an alternative asset fundamentally alters macroeconomic dynamics by crowding out productive capital, which lowers wages and output while expanding the conditions under which the econ...",land-credit crowding-out,validated_paraphrase,Source-specific row parsed from Phase 2 cluster evidence map for Land Speculation and Wobbly Dynamics with Endogenous Phase Transitions.,03_notes/clusters/C2_Q03.md,C2,C2_Q03,"- Page(s): 7, 24, 46, 47 - Key passage(s), paraphrased or short quote only: - ""Land crowds out productive capital... higher land prices lead to less capital accumulation. That, in ...",paraphrase,3. Conceptual objects,medium
CLM_C2_Q04_001,MULTI,C2_Q04,cluster_synthesis,,variables_parameters,land,,land speculation crowds out productive capital,,D_t/r_t,model_based_synthesis,"Here is the cluster-level literature synthesis for your Fondecyt project on land-rent financialization, focusing on the dynamic crowding-out effect of land speculation.",Latin American applicability,needs_page,"Cluster-level synthesis. Related sources: [""PDF006"", ""PDF007"", ""PDF004""]. C6 all-source inference applies if cluster_id is C6.",03_notes/clusters/C2_Q04.md,C2,C2_Q04,[NOTEBOOKLM_CLUSTER],paraphrase,4. Mechanism I,low
CLM_C2_Q04_002,PDF004,C2_Q04,Hirano_Stiglitz_2025b,"3, 4, 9, 17, 34, 49 - Key passage(s), paraphrased or short quote only: - ""This paper is meant to provide an overview of the research program, providing the simplest mode...",variables_parameters,land,,real-estate credit amplifies land-price inflation,,,measurement_or_empirical_motivation,"Core claim: The paper organizes a four-part theoretical research program demonstrating that market economies are intrinsically prone to expectation-driven instability, and that the presence of land and credit frict...",land-credit crowding-out,validated_paraphrase,Source-specific row parsed from Phase 2 cluster evidence map for Growth and Fluctuations Economies with Land Speculation.,03_notes/clusters/C2_Q04.md,C2,C2_Q04,"- Page(s): 3, 4, 9, 17, 34, 49 - Key passage(s), paraphrased or short quote only: - ""This paper is meant to provide an overview of the research program, providing the simplest mode...",paraphrase,5. Mechanism II,medium
CLM_C2_Q04_003,PDF006,C2_Q04,Hirano_Stiglitz_2022b,"1, 2, 10 - Key passage(s), paraphrased or short quote only: - ""In the Real Business Cycle (RBC) model (or other representative agent models) or the Solow model, there is...",variables_parameters,land,,land changes R versus G and debt-rollover conditions,,,measurement_or_empirical_motivation,"Core claim: Wobbly macro-dynamics describes a rational-expectations economy that infinitely fluctuates without converging or displaying regular periodicity, fundamentally challenging standard RBC and Solow models t...",wobbly dynamics and instability,validated_paraphrase,Source-specific row parsed from Phase 2 cluster evidence map for The Wobbly Economy: Global Dynamics with Phase and State Transitions.,03_notes/clusters/C2_Q04.md,C2,C2_Q04,"- Page(s): 1, 2, 10 - Key passage(s), paraphrased or short quote only: - ""In the Real Business Cycle (RBC) model (or other representative agent models) or the Solow model, there is...",paraphrase,8. Wobbly dynamics,medium
CLM_C2_Q04_004,PDF007,C2_Q04,Hirano_Stiglitz_2022a,"7, 24, 46, 47 - Key passage(s), paraphrased or short quote only: - ""Land crowds out productive capital... higher land prices lead to less capital accumulation. That, in ...",causality,land,,land speculation crowds out productive capital,"Core claim: Introducing land as an alternative asset fundamentally alters macroeconomic dynamics by crowding out productive capital, which lowers wages and output while expanding the conditions under which the econ...",K_t,measurement_or_empirical_motivation,"Core claim: Introducing land as an alternative asset fundamentally alters macroeconomic dynamics by crowding out productive capital, which lowers wages and output while expanding the conditions under which the econ...",land-credit crowding-out,validated_paraphrase,Source-specific row parsed from Phase 2 cluster evidence map for Land Speculation and Wobbly Dynamics with Endogenous Phase Transitions.,03_notes/clusters/C2_Q04.md,C2,C2_Q04,"- Page(s): 7, 24, 46, 47 - Key passage(s), paraphrased or short quote only: - ""Land crowds out productive capital... higher land prices lead to less capital accumulation. That, in ...",paraphrase,3. Conceptual objects,medium
CLM_C2_Q05_001,MULTI,C2_Q05,cluster_synthesis,,variables_parameters,land,,leverage creates land-bubble phase transition,,,model_based_synthesis,"Here is a concise synthesis of the C2 cluster (Wobbly dynamics, phase transitions, and land-price instability) tailored for the Fondecyt project memo.",wobbly dynamics and instability,needs_page,"Cluster-level synthesis. Related sources: [""PDF006"", ""PDF007"", ""PDF004""]. C6 all-source inference applies if cluster_id is C6.",03_notes/clusters/C2_Q05.md,C2,C2_Q05,[NOTEBOOKLM_CLUSTER],paraphrase,8. Wobbly dynamics,low
CLM_C2_Q05_002,PDF004,C2_Q05,Hirano_Stiglitz_2025b,"3, 4, 9, 17, 34, 49 - Key passage(s), paraphrased or short quote only: - ""This paper is meant to provide an overview of the research program, providing the simplest mode...",variables_parameters,land,,real-estate credit amplifies land-price inflation,,,measurement_or_empirical_motivation,"Core claim: The paper organizes a four-part theoretical research program demonstrating that market economies are intrinsically prone to expectation-driven instability, and that the presence of land and credit frict...",land-credit crowding-out,validated_paraphrase,Source-specific row parsed from Phase 2 cluster evidence map for Growth and Fluctuations Economies with Land Speculation.,03_notes/clusters/C2_Q05.md,C2,C2_Q05,"- Page(s): 3, 4, 9, 17, 34, 49 - Key passage(s), paraphrased or short quote only: - ""This paper is meant to provide an overview of the research program, providing the simplest mode...",paraphrase,5. Mechanism II,medium
CLM_C2_Q05_003,PDF006,C2_Q05,Hirano_Stiglitz_2022b,"1, 2, 10 - Key passage(s), paraphrased or short quote only: - ""In the Real Business Cycle (RBC) model (or other representative agent models) or the Solow model, there is...",variables_parameters,land,,land changes R versus G and debt-rollover conditions,,,measurement_or_empirical_motivation,"Core claim: Wobbly macro-dynamics describes a rational-expectations economy that infinitely fluctuates without converging or displaying regular periodicity, fundamentally challenging standard RBC and Solow models t...",wobbly dynamics and instability,validated_paraphrase,Source-specific row parsed from Phase 2 cluster evidence map for The Wobbly Economy: Global Dynamics with Phase and State Transitions.,03_notes/clusters/C2_Q05.md,C2,C2_Q05,"- Page(s): 1, 2, 10 - Key passage(s), paraphrased or short quote only: - ""In the Real Business Cycle (RBC) model (or other representative agent models) or the Solow model, there is...",paraphrase,8. Wobbly dynamics,medium
CLM_C2_Q05_004,PDF007,C2_Q05,Hirano_Stiglitz_2022a,"7, 24, 46, 47 - Key passage(s), paraphrased or short quote only: - ""Land crowds out productive capital... higher land prices lead to less capital accumulation. That, in ...",causality,land,,land speculation crowds out productive capital,"Core claim: Introducing land as an alternative asset fundamentally alters macroeconomic dynamics by crowding out productive capital, which lowers wages and output while expanding the conditions under which the econ...",K_t,measurement_or_empirical_motivation,"Core claim: Introducing land as an alternative asset fundamentally alters macroeconomic dynamics by crowding out productive capital, which lowers wages and output while expanding the conditions under which the econ...",land-credit crowding-out,validated_paraphrase,Source-specific row parsed from Phase 2 cluster evidence map for Land Speculation and Wobbly Dynamics with Endogenous Phase Transitions.,03_notes/clusters/C2_Q05.md,C2,C2_Q05,"- Page(s): 7, 24, 46, 47 - Key passage(s), paraphrased or short quote only: - ""Land crowds out productive capital... higher land prices lead to less capital accumulation. That, in ...",paraphrase,3. Conceptual objects,medium
CLM_C3_Q01_001,MULTI,C3_Q01,cluster_synthesis,,variables_parameters,land,,,,,model_based_synthesis,1.,land-credit crowding-out,needs_page,"Cluster-level synthesis. Related sources: [""PDF013"", ""PDF003""]. C6 all-source inference applies if cluster_id is C6.",03_notes/clusters/C3_Q01.md,C3,C3_Q01,[NOTEBOOKLM_CLUSTER],paraphrase,1. Introduction,low
CLM_C3_Q01_002,PDF003,C3_Q01,Hirano_Stiglitz_2025c,"1 - Key passage(s), paraphrased or short quote only: ""rapid expansion in credit systematically predicts growth slowdowns. The credit expansion of the early part of this ...",variables_parameters,land,,land speculation crowds out productive capital,,k_{t+1},measurement_or_empirical_motivation,"Core claim: The macroeconomic impact of a credit boom depends strictly on its sectoral composition, as credit expansions directed toward real estate systematically crowd out productive commercial investment and ret...",land-credit crowding-out,validated_paraphrase,"Source-specific row parsed from Phase 2 cluster evidence map for Credit, Land Speculation, and Low-Interest-Rate Policy.",03_notes/clusters/C3_Q01.md,C3,C3_Q01,"- Page(s): 1 - Key passage(s), paraphrased or short quote only: ""rapid expansion in credit systematically predicts growth slowdowns. The credit expansion of the early part of this ...",paraphrase,4. Mechanism I,medium
CLM_C3_Q01_003,PDF013,C3_Q01,Hirano_Stiglitz_2024_stored2021,"1, 15, 33, 38 - Key passage(s), paraphrased or short quote only: - ""We show that it is not so much aggregate credit expansion that matters for long-run productivity and ...",variables_parameters,land,,real-estate credit amplifies land-price inflation,,,measurement_or_empirical_motivation,"Core claim: The sectoral-credit hypothesis asserts that credit expansions enhance long-run economic growth only when directed to productive sectors (like manufacturing), whereas credit expansions directed toward re...",land-credit crowding-out,validated_paraphrase,"Source-specific row parsed from Phase 2 cluster evidence map for Credit, Land Speculation, and Long-Run Economic Growth.",03_notes/clusters/C3_Q01.md,C3,C3_Q01,"- Page(s): 1, 15, 33, 38 - Key passage(s), paraphrased or short quote only: - ""We show that it is not so much aggregate credit expansion that matters for long-run productivity and ...",paraphrase,5. Mechanism II,medium
CLM_C3_Q02_001,MULTI,C3_Q02,cluster_synthesis,,variables_parameters,land,,land changes R versus G and debt-rollover conditions,,,model_based_synthesis,Here is the synthesis based on the provided NotebookLM source papers: 1.,land-credit crowding-out,needs_page,"Cluster-level synthesis. Related sources: [""PDF013"", ""PDF003""]. C6 all-source inference applies if cluster_id is C6.",03_notes/clusters/C3_Q02.md,C3,C3_Q02,[NOTEBOOKLM_CLUSTER],paraphrase,1. Introduction,low
CLM_C3_Q02_002,PDF003,C3_Q02,Hirano_Stiglitz_2025c,"1 - Key passage(s), paraphrased or short quote only: ""rapid expansion in credit systematically predicts growth slowdowns. The credit expansion of the early part of this ...",variables_parameters,land,,land speculation crowds out productive capital,,k_{t+1},measurement_or_empirical_motivation,"Core claim: The macroeconomic impact of a credit boom depends strictly on its sectoral composition, as credit expansions directed toward real estate systematically crowd out productive commercial investment and ret...",land-credit crowding-out,validated_paraphrase,"Source-specific row parsed from Phase 2 cluster evidence map for Credit, Land Speculation, and Low-Interest-Rate Policy.",03_notes/clusters/C3_Q02.md,C3,C3_Q02,"- Page(s): 1 - Key passage(s), paraphrased or short quote only: ""rapid expansion in credit systematically predicts growth slowdowns. The credit expansion of the early part of this ...",paraphrase,4. Mechanism I,medium
CLM_C3_Q02_003,PDF013,C3_Q02,Hirano_Stiglitz_2024_stored2021,"1, 15, 33, 38 - Key passage(s), paraphrased or short quote only: - ""We show that it is not so much aggregate credit expansion that matters for long-run productivity and ...",variables_parameters,land,,real-estate credit amplifies land-price inflation,,,measurement_or_empirical_motivation,"Core claim: The sectoral-credit hypothesis asserts that credit expansions enhance long-run economic growth only when directed to productive sectors (like manufacturing), whereas credit expansions directed toward re...",land-credit crowding-out,validated_paraphrase,"Source-specific row parsed from Phase 2 cluster evidence map for Credit, Land Speculation, and Long-Run Economic Growth.",03_notes/clusters/C3_Q02.md,C3,C3_Q02,"- Page(s): 1, 15, 33, 38 - Key passage(s), paraphrased or short quote only: - ""We show that it is not so much aggregate credit expansion that matters for long-run productivity and ...",paraphrase,5. Mechanism II,medium
CLM_C3_Q03_001,MULTI,C3_Q03,cluster_synthesis,,variables_parameters,land,,,,,model_based_synthesis,1.,land-credit crowding-out,needs_page,"Cluster-level synthesis. Related sources: [""PDF013"", ""PDF003""]. C6 all-source inference applies if cluster_id is C6.",03_notes/clusters/C3_Q03.md,C3,C3_Q03,[NOTEBOOKLM_CLUSTER],paraphrase,1. Introduction,low
CLM_C3_Q03_002,PDF003,C3_Q03,Hirano_Stiglitz_2025c,"1 - Key passage(s), paraphrased or short quote only: ""rapid expansion in credit systematically predicts growth slowdowns. The credit expansion of the early part of this ...",variables_parameters,land,,land speculation crowds out productive capital,,k_{t+1},measurement_or_empirical_motivation,"Core claim: The macroeconomic impact of a credit boom depends strictly on its sectoral composition, as credit expansions directed toward real estate systematically crowd out productive commercial investment and ret...",land-credit crowding-out,validated_paraphrase,"Source-specific row parsed from Phase 2 cluster evidence map for Credit, Land Speculation, and Low-Interest-Rate Policy.",03_notes/clusters/C3_Q03.md,C3,C3_Q03,"- Page(s): 1 - Key passage(s), paraphrased or short quote only: ""rapid expansion in credit systematically predicts growth slowdowns. The credit expansion of the early part of this ...",paraphrase,4. Mechanism I,medium
CLM_C3_Q03_003,PDF013,C3_Q03,Hirano_Stiglitz_2024_stored2021,"1, 15, 33, 38 - Key passage(s), paraphrased or short quote only: - ""We show that it is not so much aggregate credit expansion that matters for long-run productivity and ...",variables_parameters,land,,real-estate credit amplifies land-price inflation,,,measurement_or_empirical_motivation,"Core claim: The sectoral-credit hypothesis asserts that credit expansions enhance long-run economic growth only when directed to productive sectors (like manufacturing), whereas credit expansions directed toward re...",land-credit crowding-out,validated_paraphrase,"Source-specific row parsed from Phase 2 cluster evidence map for Credit, Land Speculation, and Long-Run Economic Growth.",03_notes/clusters/C3_Q03.md,C3,C3_Q03,"- Page(s): 1, 15, 33, 38 - Key passage(s), paraphrased or short quote only: - ""We show that it is not so much aggregate credit expansion that matters for long-run productivity and ...",paraphrase,5. Mechanism II,medium
CLM_C3_Q04_001,MULTI,C3_Q04,cluster_synthesis,,variables_parameters,land,,,,,model_based_synthesis,1.,land-credit crowding-out,needs_page,"Cluster-level synthesis. Related sources: [""PDF013"", ""PDF003""]. C6 all-source inference applies if cluster_id is C6.",03_notes/clusters/C3_Q04.md,C3,C3_Q04,[NOTEBOOKLM_CLUSTER],paraphrase,1. Introduction,low
CLM_C3_Q04_002,PDF003,C3_Q04,Hirano_Stiglitz_2025c,"1 - Key passage(s), paraphrased or short quote only: ""rapid expansion in credit systematically predicts growth slowdowns. The credit expansion of the early part of this ...",variables_parameters,land,,land speculation crowds out productive capital,,k_{t+1},measurement_or_empirical_motivation,"Core claim: The macroeconomic impact of a credit boom depends strictly on its sectoral composition, as credit expansions directed toward real estate systematically crowd out productive commercial investment and ret...",land-credit crowding-out,validated_paraphrase,"Source-specific row parsed from Phase 2 cluster evidence map for Credit, Land Speculation, and Low-Interest-Rate Policy.",03_notes/clusters/C3_Q04.md,C3,C3_Q04,"- Page(s): 1 - Key passage(s), paraphrased or short quote only: ""rapid expansion in credit systematically predicts growth slowdowns. The credit expansion of the early part of this ...",paraphrase,4. Mechanism I,medium
CLM_C3_Q04_003,PDF013,C3_Q04,Hirano_Stiglitz_2024_stored2021,"1, 15, 33, 38 - Key passage(s), paraphrased or short quote only: - ""We show that it is not so much aggregate credit expansion that matters for long-run productivity and ...",variables_parameters,land,,real-estate credit amplifies land-price inflation,,,measurement_or_empirical_motivation,"Core claim: The sectoral-credit hypothesis asserts that credit expansions enhance long-run economic growth only when directed to productive sectors (like manufacturing), whereas credit expansions directed toward re...",land-credit crowding-out,validated_paraphrase,"Source-specific row parsed from Phase 2 cluster evidence map for Credit, Land Speculation, and Long-Run Economic Growth.",03_notes/clusters/C3_Q04.md,C3,C3_Q04,"- Page(s): 1, 15, 33, 38 - Key passage(s), paraphrased or short quote only: - ""We show that it is not so much aggregate credit expansion that matters for long-run productivity and ...",paraphrase,5. Mechanism II,medium
CLM_C3_Q05_001,MULTI,C3_Q05,cluster_synthesis,,variables_parameters,land,,real-estate credit amplifies land-price inflation,,,measurement_or_empirical_motivation,"Here is the synthesis of the empirical literature mobilized regarding real-estate versus manufacturing credit, based on the provided documents.",land-credit crowding-out,needs_page,"Cluster-level synthesis. Related sources: [""PDF013"", ""PDF003""]. C6 all-source inference applies if cluster_id is C6.",03_notes/clusters/C3_Q05.md,C3,C3_Q05,[NOTEBOOKLM_CLUSTER],paraphrase,5. Mechanism II,low
CLM_C3_Q05_002,PDF003,C3_Q05,Hirano_Stiglitz_2025c,"1 - Key passage(s), paraphrased or short quote only: ""rapid expansion in credit systematically predicts growth slowdowns. The credit expansion of the early part of this ...",variables_parameters,land,,land speculation crowds out productive capital,,k_{t+1},measurement_or_empirical_motivation,"Core claim: The macroeconomic impact of a credit boom depends strictly on its sectoral composition, as credit expansions directed toward real estate systematically crowd out productive commercial investment and ret...",land-credit crowding-out,validated_paraphrase,"Source-specific row parsed from Phase 2 cluster evidence map for Credit, Land Speculation, and Low-Interest-Rate Policy.",03_notes/clusters/C3_Q05.md,C3,C3_Q05,"- Page(s): 1 - Key passage(s), paraphrased or short quote only: ""rapid expansion in credit systematically predicts growth slowdowns. The credit expansion of the early part of this ...",paraphrase,4. Mechanism I,medium
CLM_C3_Q05_003,PDF013,C3_Q05,Hirano_Stiglitz_2024_stored2021,"1, 15, 33, 38 - Key passage(s), paraphrased or short quote only: - ""We show that it is not so much aggregate credit expansion that matters for long-run productivity and ...",variables_parameters,land,,real-estate credit amplifies land-price inflation,,,measurement_or_empirical_motivation,"Core claim: The sectoral-credit hypothesis asserts that credit expansions enhance long-run economic growth only when directed to productive sectors (like manufacturing), whereas credit expansions directed toward re...",land-credit crowding-out,validated_paraphrase,"Source-specific row parsed from Phase 2 cluster evidence map for Credit, Land Speculation, and Long-Run Economic Growth.",03_notes/clusters/C3_Q05.md,C3,C3_Q05,"- Page(s): 1, 15, 33, 38 - Key passage(s), paraphrased or short quote only: - ""We show that it is not so much aggregate credit expansion that matters for long-run productivity and ...",paraphrase,5. Mechanism II,medium
CLM_C3_Q06_001,MULTI,C3_Q06,cluster_synthesis,,variables_parameters,land,,,,,model_based_synthesis,1.,land-credit crowding-out,needs_page,"Cluster-level synthesis. Related sources: [""PDF013"", ""PDF003""]. C6 all-source inference applies if cluster_id is C6.",03_notes/clusters/C3_Q06.md,C3,C3_Q06,[NOTEBOOKLM_CLUSTER],paraphrase,1. Introduction,low
CLM_C3_Q06_002,PDF003,C3_Q06,Hirano_Stiglitz_2025c,"1 - Key passage(s), paraphrased or short quote only: ""rapid expansion in credit systematically predicts growth slowdowns. The credit expansion of the early part of this ...",variables_parameters,land,,land speculation crowds out productive capital,,k_{t+1},measurement_or_empirical_motivation,"Core claim: The macroeconomic impact of a credit boom depends strictly on its sectoral composition, as credit expansions directed toward real estate systematically crowd out productive commercial investment and ret...",land-credit crowding-out,validated_paraphrase,"Source-specific row parsed from Phase 2 cluster evidence map for Credit, Land Speculation, and Low-Interest-Rate Policy.",03_notes/clusters/C3_Q06.md,C3,C3_Q06,"- Page(s): 1 - Key passage(s), paraphrased or short quote only: ""rapid expansion in credit systematically predicts growth slowdowns. The credit expansion of the early part of this ...",paraphrase,4. Mechanism I,medium
CLM_C3_Q06_003,PDF013,C3_Q06,Hirano_Stiglitz_2024_stored2021,"1, 15, 33, 38 - Key passage(s), paraphrased or short quote only: - ""We show that it is not so much aggregate credit expansion that matters for long-run productivity and ...",variables_parameters,land,,real-estate credit amplifies land-price inflation,,,measurement_or_empirical_motivation,"Core claim: The sectoral-credit hypothesis asserts that credit expansions enhance long-run economic growth only when directed to productive sectors (like manufacturing), whereas credit expansions directed toward re...",land-credit crowding-out,validated_paraphrase,"Source-specific row parsed from Phase 2 cluster evidence map for Credit, Land Speculation, and Long-Run Economic Growth.",03_notes/clusters/C3_Q06.md,C3,C3_Q06,"- Page(s): 1, 15, 33, 38 - Key passage(s), paraphrased or short quote only: - ""We show that it is not so much aggregate credit expansion that matters for long-run productivity and ...",paraphrase,5. Mechanism II,medium
CLM_C4_Q01_001,MULTI,C4_Q01,cluster_synthesis,,variables_parameters,land,,,,,model_based_synthesis,1.,land-credit crowding-out,needs_page,"Cluster-level synthesis. Related sources: [""PDF008"", ""PDF001"", ""PDF012""]. C6 all-source inference applies if cluster_id is C6.",03_notes/clusters/C4_Q01.md,C4,C4_Q01,[NOTEBOOKLM_CLUSTER],paraphrase,1. Introduction,low
CLM_C4_Q01_002,PDF001,C4_Q01,Hirano_Toda_2025b,"1, 3, 4 - Key passage(s), paraphrased or short quote only: - ""To explain this apparent disconnection between land output and land value... we theoretically study the lon...",variables_parameters,land,,real-estate credit amplifies land-price inflation,,P_t,measurement_or_empirical_motivation,"Core claim: The paper explains the disconnection between declining land output and persistently high land values through the inevitable emergence of ""land overvaluation,"" where land prices are driven by its role as...",land overvaluation theorem,validated_paraphrase,Source-specific row parsed from Phase 2 cluster evidence map for Unbalanced Growth and Land Overvaluation.,03_notes/clusters/C4_Q01.md,C4,C4_Q01,"- Page(s): 1, 3, 4 - Key passage(s), paraphrased or short quote only: - ""To explain this apparent disconnection between land output and land value... we theoretically study the lon...",paraphrase,6. Mechanism III,medium
CLM_C4_Q01_003,PDF008,C4_Q01,Hirano_Jinnai_Toda_2024,"2, 3, 9 - Key passage(s), paraphrased or short quote only: - ""Capital investment and land price reinforce each other, with endogenous changes in land rents, generating a...",variables_parameters,land,,land speculation crowds out productive capital,,P_t; D_t/r_t; k_{t+1}; W,measurement_or_empirical_motivation,"Core claim: The model features a powerful financial accelerator where rising land prices increase aggregate wealth, fueling greater capital investment that recursively drives up land rents and asset demand, ultimat...",land-credit crowding-out,validated_paraphrase,"Source-specific row parsed from Phase 2 cluster evidence map for Leverage, Endogenous Unbalanced Growth, and Asset Price Bubbles.",03_notes/clusters/C4_Q01.md,C4,C4_Q01,"- Page(s): 2, 3, 9 - Key passage(s), paraphrased or short quote only: - ""Capital investment and land price reinforce each other, with endogenous changes in land rents, generating a...",paraphrase,3. Conceptual objects,medium
CLM_C4_Q01_004,PDF012,C4_Q01,Toda_2025,"1, 2, 3 - Key passage(s), paraphrased or short quote only: - ""Skeptics of rational land or housing bubbles have claimed that bubbles do not exist on the basis of the sup...",variables_parameters,land,,leverage creates land-bubble phase transition,,D_t/r_t,measurement_or_empirical_motivation,"Core claim: The paper refutes the empirical objection that stationary housing rent-yields rule out rational bubbles, demonstrating that land bubbles inevitably emerge even when the aggregate housing rent-to-price r...",land-credit crowding-out,validated_paraphrase,Source-specific row parsed from Phase 2 cluster evidence map for Land Bubbles Despite Non-Vanishing Rents.,03_notes/clusters/C4_Q01.md,C4,C4_Q01,"- Page(s): 1, 2, 3 - Key passage(s), paraphrased or short quote only: - ""Skeptics of rational land or housing bubbles have claimed that bubbles do not exist on the basis of the sup...",paraphrase,1. Introduction,medium
CLM_C4_Q02_001,MULTI,C4_Q02,cluster_synthesis,,variables_parameters,land,,,,,model_based_synthesis,1.,land-credit crowding-out,needs_page,"Cluster-level synthesis. Related sources: [""PDF008"", ""PDF001"", ""PDF012""]. C6 all-source inference applies if cluster_id is C6.",03_notes/clusters/C4_Q02.md,C4,C4_Q02,[NOTEBOOKLM_CLUSTER],paraphrase,1. Introduction,low
CLM_C4_Q02_002,PDF001,C4_Q02,Hirano_Toda_2025b,"1, 3, 4 - Key passage(s), paraphrased or short quote only: - ""To explain this apparent disconnection between land output and land value... we theoretically study the lon...",variables_parameters,land,,real-estate credit amplifies land-price inflation,,P_t,measurement_or_empirical_motivation,"Core claim: The paper explains the disconnection between declining land output and persistently high land values through the inevitable emergence of ""land overvaluation,"" where land prices are driven by its role as...",land overvaluation theorem,validated_paraphrase,Source-specific row parsed from Phase 2 cluster evidence map for Unbalanced Growth and Land Overvaluation.,03_notes/clusters/C4_Q02.md,C4,C4_Q02,"- Page(s): 1, 3, 4 - Key passage(s), paraphrased or short quote only: - ""To explain this apparent disconnection between land output and land value... we theoretically study the lon...",paraphrase,6. Mechanism III,medium
CLM_C4_Q02_003,PDF008,C4_Q02,Hirano_Jinnai_Toda_2024,"2, 3, 9 - Key passage(s), paraphrased or short quote only: - ""Capital investment and land price reinforce each other, with endogenous changes in land rents, generating a...",variables_parameters,land,,land speculation crowds out productive capital,,P_t; D_t/r_t; k_{t+1}; W,measurement_or_empirical_motivation,"Core claim: The model features a powerful financial accelerator where rising land prices increase aggregate wealth, fueling greater capital investment that recursively drives up land rents and asset demand, ultimat...",land-credit crowding-out,validated_paraphrase,"Source-specific row parsed from Phase 2 cluster evidence map for Leverage, Endogenous Unbalanced Growth, and Asset Price Bubbles.",03_notes/clusters/C4_Q02.md,C4,C4_Q02,"- Page(s): 2, 3, 9 - Key passage(s), paraphrased or short quote only: - ""Capital investment and land price reinforce each other, with endogenous changes in land rents, generating a...",paraphrase,3. Conceptual objects,medium
CLM_C4_Q02_004,PDF012,C4_Q02,Toda_2025,"1, 2, 3 - Key passage(s), paraphrased or short quote only: - ""Skeptics of rational land or housing bubbles have claimed that bubbles do not exist on the basis of the sup...",variables_parameters,land,,leverage creates land-bubble phase transition,,D_t/r_t,measurement_or_empirical_motivation,"Core claim: The paper refutes the empirical objection that stationary housing rent-yields rule out rational bubbles, demonstrating that land bubbles inevitably emerge even when the aggregate housing rent-to-price r...",land-credit crowding-out,validated_paraphrase,Source-specific row parsed from Phase 2 cluster evidence map for Land Bubbles Despite Non-Vanishing Rents.,03_notes/clusters/C4_Q02.md,C4,C4_Q02,"- Page(s): 1, 2, 3 - Key passage(s), paraphrased or short quote only: - ""Skeptics of rational land or housing bubbles have claimed that bubbles do not exist on the basis of the sup...",paraphrase,1. Introduction,medium
CLM_C4_Q03_001,MULTI,C4_Q03,cluster_synthesis,,variables_parameters,land,,,,,model_based_synthesis,1.,land-credit crowding-out,needs_page,"Cluster-level synthesis. Related sources: [""PDF008"", ""PDF001"", ""PDF012""]. C6 all-source inference applies if cluster_id is C6.",03_notes/clusters/C4_Q03.md,C4,C4_Q03,[NOTEBOOKLM_CLUSTER],paraphrase,1. Introduction,low
CLM_C4_Q03_002,PDF001,C4_Q03,Hirano_Toda_2025b,"1, 3, 4 - Key passage(s), paraphrased or short quote only: - ""To explain this apparent disconnection between land output and land value... we theoretically study the lon...",variables_parameters,land,,real-estate credit amplifies land-price inflation,,P_t,measurement_or_empirical_motivation,"Core claim: The paper explains the disconnection between declining land output and persistently high land values through the inevitable emergence of ""land overvaluation,"" where land prices are driven by its role as...",land overvaluation theorem,validated_paraphrase,Source-specific row parsed from Phase 2 cluster evidence map for Unbalanced Growth and Land Overvaluation.,03_notes/clusters/C4_Q03.md,C4,C4_Q03,"- Page(s): 1, 3, 4 - Key passage(s), paraphrased or short quote only: - ""To explain this apparent disconnection between land output and land value... we theoretically study the lon...",paraphrase,6. Mechanism III,medium
CLM_C4_Q03_003,PDF008,C4_Q03,Hirano_Jinnai_Toda_2024,"2, 3, 9 - Key passage(s), paraphrased or short quote only: - ""Capital investment and land price reinforce each other, with endogenous changes in land rents, generating a...",variables_parameters,land,,land speculation crowds out productive capital,,P_t; D_t/r_t; k_{t+1}; W,measurement_or_empirical_motivation,"Core claim: The model features a powerful financial accelerator where rising land prices increase aggregate wealth, fueling greater capital investment that recursively drives up land rents and asset demand, ultimat...",land-credit crowding-out,validated_paraphrase,"Source-specific row parsed from Phase 2 cluster evidence map for Leverage, Endogenous Unbalanced Growth, and Asset Price Bubbles.",03_notes/clusters/C4_Q03.md,C4,C4_Q03,"- Page(s): 2, 3, 9 - Key passage(s), paraphrased or short quote only: - ""Capital investment and land price reinforce each other, with endogenous changes in land rents, generating a...",paraphrase,3. Conceptual objects,medium
CLM_C4_Q03_004,PDF012,C4_Q03,Toda_2025,"1, 2, 3 - Key passage(s), paraphrased or short quote only: - ""Skeptics of rational land or housing bubbles have claimed that bubbles do not exist on the basis of the sup...",variables_parameters,land,,leverage creates land-bubble phase transition,,D_t/r_t,measurement_or_empirical_motivation,"Core claim: The paper refutes the empirical objection that stationary housing rent-yields rule out rational bubbles, demonstrating that land bubbles inevitably emerge even when the aggregate housing rent-to-price r...",land-credit crowding-out,validated_paraphrase,Source-specific row parsed from Phase 2 cluster evidence map for Land Bubbles Despite Non-Vanishing Rents.,03_notes/clusters/C4_Q03.md,C4,C4_Q03,"- Page(s): 1, 2, 3 - Key passage(s), paraphrased or short quote only: - ""Skeptics of rational land or housing bubbles have claimed that bubbles do not exist on the basis of the sup...",paraphrase,1. Introduction,medium
CLM_C4_Q04_001,MULTI,C4_Q04,cluster_synthesis,,variables_parameters,land,,,,,model_based_synthesis,1.,land-credit crowding-out,needs_page,"Cluster-level synthesis. Related sources: [""PDF008"", ""PDF001"", ""PDF012""]. C6 all-source inference applies if cluster_id is C6.",03_notes/clusters/C4_Q04.md,C4,C4_Q04,[NOTEBOOKLM_CLUSTER],paraphrase,1. Introduction,low
CLM_C4_Q04_002,PDF001,C4_Q04,Hirano_Toda_2025b,"1, 3, 4 - Key passage(s), paraphrased or short quote only: - ""To explain this apparent disconnection between land output and land value... we theoretically study the lon...",variables_parameters,land,,real-estate credit amplifies land-price inflation,,P_t,measurement_or_empirical_motivation,"Core claim: The paper explains the disconnection between declining land output and persistently high land values through the inevitable emergence of ""land overvaluation,"" where land prices are driven by its role as...",land overvaluation theorem,validated_paraphrase,Source-specific row parsed from Phase 2 cluster evidence map for Unbalanced Growth and Land Overvaluation.,03_notes/clusters/C4_Q04.md,C4,C4_Q04,"- Page(s): 1, 3, 4 - Key passage(s), paraphrased or short quote only: - ""To explain this apparent disconnection between land output and land value... we theoretically study the lon...",paraphrase,6. Mechanism III,medium
CLM_C4_Q04_003,PDF008,C4_Q04,Hirano_Jinnai_Toda_2024,"2, 3, 9 - Key passage(s), paraphrased or short quote only: - ""Capital investment and land price reinforce each other, with endogenous changes in land rents, generating a...",variables_parameters,land,,land speculation crowds out productive capital,,P_t; D_t/r_t; k_{t+1}; W,measurement_or_empirical_motivation,"Core claim: The model features a powerful financial accelerator where rising land prices increase aggregate wealth, fueling greater capital investment that recursively drives up land rents and asset demand, ultimat...",land-credit crowding-out,validated_paraphrase,"Source-specific row parsed from Phase 2 cluster evidence map for Leverage, Endogenous Unbalanced Growth, and Asset Price Bubbles.",03_notes/clusters/C4_Q04.md,C4,C4_Q04,"- Page(s): 2, 3, 9 - Key passage(s), paraphrased or short quote only: - ""Capital investment and land price reinforce each other, with endogenous changes in land rents, generating a...",paraphrase,3. Conceptual objects,medium
CLM_C4_Q04_004,PDF012,C4_Q04,Toda_2025,"1, 2, 3 - Key passage(s), paraphrased or short quote only: - ""Skeptics of rational land or housing bubbles have claimed that bubbles do not exist on the basis of the sup...",variables_parameters,land,,leverage creates land-bubble phase transition,,D_t/r_t,measurement_or_empirical_motivation,"Core claim: The paper refutes the empirical objection that stationary housing rent-yields rule out rational bubbles, demonstrating that land bubbles inevitably emerge even when the aggregate housing rent-to-price r...",land-credit crowding-out,validated_paraphrase,Source-specific row parsed from Phase 2 cluster evidence map for Land Bubbles Despite Non-Vanishing Rents.,03_notes/clusters/C4_Q04.md,C4,C4_Q04,"- Page(s): 1, 2, 3 - Key passage(s), paraphrased or short quote only: - ""Skeptics of rational land or housing bubbles have claimed that bubbles do not exist on the basis of the sup...",paraphrase,1. Introduction,medium
CLM_C4_Q05_001,MULTI,C4_Q05,cluster_synthesis,,variables_parameters,land,,land changes R versus G and debt-rollover conditions,,,model_based_synthesis,"Here is the concise synthesis addressing your question for the Fondecyt project, based strictly on the provided sources: 1.",Latin American applicability,needs_page,"Cluster-level synthesis. Related sources: [""PDF008"", ""PDF001"", ""PDF012""]. C6 all-source inference applies if cluster_id is C6.",03_notes/clusters/C4_Q05.md,C4,C4_Q05,[NOTEBOOKLM_CLUSTER],paraphrase,1. Introduction,low
CLM_C4_Q05_002,PDF001,C4_Q05,Hirano_Toda_2025b,"1, 3, 4 - Key passage(s), paraphrased or short quote only: - ""To explain this apparent disconnection between land output and land value... we theoretically study the lon...",variables_parameters,land,,real-estate credit amplifies land-price inflation,,P_t,measurement_or_empirical_motivation,"Core claim: The paper explains the disconnection between declining land output and persistently high land values through the inevitable emergence of ""land overvaluation,"" where land prices are driven by its role as...",land overvaluation theorem,validated_paraphrase,Source-specific row parsed from Phase 2 cluster evidence map for Unbalanced Growth and Land Overvaluation.,03_notes/clusters/C4_Q05.md,C4,C4_Q05,"- Page(s): 1, 3, 4 - Key passage(s), paraphrased or short quote only: - ""To explain this apparent disconnection between land output and land value... we theoretically study the lon...",paraphrase,6. Mechanism III,medium
CLM_C4_Q05_003,PDF008,C4_Q05,Hirano_Jinnai_Toda_2024,"2, 3, 9 - Key passage(s), paraphrased or short quote only: - ""Capital investment and land price reinforce each other, with endogenous changes in land rents, generating a...",variables_parameters,land,,land speculation crowds out productive capital,,P_t; D_t/r_t; k_{t+1}; W,measurement_or_empirical_motivation,"Core claim: The model features a powerful financial accelerator where rising land prices increase aggregate wealth, fueling greater capital investment that recursively drives up land rents and asset demand, ultimat...",land-credit crowding-out,validated_paraphrase,"Source-specific row parsed from Phase 2 cluster evidence map for Leverage, Endogenous Unbalanced Growth, and Asset Price Bubbles.",03_notes/clusters/C4_Q05.md,C4,C4_Q05,"- Page(s): 2, 3, 9 - Key passage(s), paraphrased or short quote only: - ""Capital investment and land price reinforce each other, with endogenous changes in land rents, generating a...",paraphrase,3. Conceptual objects,medium
CLM_C4_Q05_004,PDF012,C4_Q05,Toda_2025,"1, 2, 3 - Key passage(s), paraphrased or short quote only: - ""Skeptics of rational land or housing bubbles have claimed that bubbles do not exist on the basis of the sup...",variables_parameters,land,,leverage creates land-bubble phase transition,,D_t/r_t,measurement_or_empirical_motivation,"Core claim: The paper refutes the empirical objection that stationary housing rent-yields rule out rational bubbles, demonstrating that land bubbles inevitably emerge even when the aggregate housing rent-to-price r...",land-credit crowding-out,validated_paraphrase,Source-specific row parsed from Phase 2 cluster evidence map for Land Bubbles Despite Non-Vanishing Rents.,03_notes/clusters/C4_Q05.md,C4,C4_Q05,"- Page(s): 1, 2, 3 - Key passage(s), paraphrased or short quote only: - ""Skeptics of rational land or housing bubbles have claimed that bubbles do not exist on the basis of the sup...",paraphrase,1. Introduction,medium
CLM_C5_Q01_001,MULTI,C5_Q01,cluster_synthesis,,variables_parameters,land,,,,,model_based_synthesis,1.,land-credit crowding-out,needs_page,"Cluster-level synthesis. Related sources: [""PDF002"", ""PDF014""]. C6 all-source inference applies if cluster_id is C6.",03_notes/clusters/C5_Q01.md,C5,C5_Q01,[NOTEBOOKLM_CLUSTER],paraphrase,1. Introduction,low
CLM_C5_Q01_002,PDF002,C5_Q01,Hirano_Toda_2025a,"1, 2, 16, 17 - Key passage(s), paraphrased or short quote only: - ""Since McCallum (1987), it is well known that in an overlapping generations (OLG) economy with land, th...",causality,land,,land changes R versus G and debt-rollover conditions,"Core claim: The paper refutes the conventional McCallum/Homburg claim that land unconditionally guarantees Pareto efficiency ($RG$), proving that their result depends on knife-edge balanced-growth restrictions and...",,measurement_or_empirical_motivation,"Core claim: The paper refutes the conventional McCallum/Homburg claim that land unconditionally guarantees Pareto efficiency ($RG$), proving that their result depends on knife-edge balanced-growth restrictions and...",land-credit crowding-out,validated_paraphrase,Source-specific row parsed from Phase 2 cluster evidence map for Land and Infinite Debt Rollover.,03_notes/clusters/C5_Q01.md,C5,C5_Q01,"- Page(s): 1, 2, 16, 17 - Key passage(s), paraphrased or short quote only: - ""Since McCallum (1987), it is well known that in an overlapping generations (OLG) economy with land, th...",paraphrase,1. Introduction,medium
CLM_C5_Q01_003,PDF014,C5_Q01,Hirano_Toda_2026,"4 - Key passage(s), paraphrased or short quote only: - ""Of course, it should be noted that incorporating various realistic factors may make $R < G$ possible under balanc...",causality,land,,land changes R versus G and debt-rollover conditions,"Core claim: The CIGS version adds an explicit critique of the $R < G$ heuristic, arguing that even if market frictions allow $R < G$ in a land model, the simple $G$ versus $R$ condition loses its theoretical cohere...",,measurement_or_empirical_motivation,"Core claim: The CIGS version adds an explicit critique of the $R < G$ heuristic, arguing that even if market frictions allow $R < G$ in a land model, the simple $G$ versus $R$ condition loses its theoretical cohere...",land-credit crowding-out,validated_paraphrase,"Source-specific row parsed from Phase 2 cluster evidence map for Land, G versus R, and Infinite Debt Rollover.",03_notes/clusters/C5_Q01.md,C5,C5_Q01,"- Page(s): 4 - Key passage(s), paraphrased or short quote only: - ""Of course, it should be noted that incorporating various realistic factors may make $R < G$ possible under balanc...",paraphrase,1. Introduction,medium
CLM_C5_Q02_001,MULTI,C5_Q02,cluster_synthesis,,variables_parameters,land,,land changes R versus G and debt-rollover conditions,,R,model_based_synthesis,"Synthesis for Cluster C5: Land, R versus G, and infinite debt rollover 1.",debt rollover / R versus G,needs_page,"Cluster-level synthesis. Related sources: [""PDF002"", ""PDF014""]. C6 all-source inference applies if cluster_id is C6.",03_notes/clusters/C5_Q02.md,C5,C5_Q02,[NOTEBOOKLM_CLUSTER],paraphrase,7. Mechanism IV,low
CLM_C5_Q02_002,PDF002,C5_Q02,Hirano_Toda_2025a,"1, 2, 16, 17 - Key passage(s), paraphrased or short quote only: - ""Since McCallum (1987), it is well known that in an overlapping generations (OLG) economy with land, th...",causality,land,,land changes R versus G and debt-rollover conditions,"Core claim: The paper refutes the conventional McCallum/Homburg claim that land unconditionally guarantees Pareto efficiency ($RG$), proving that their result depends on knife-edge balanced-growth restrictions and...",,measurement_or_empirical_motivation,"Core claim: The paper refutes the conventional McCallum/Homburg claim that land unconditionally guarantees Pareto efficiency ($RG$), proving that their result depends on knife-edge balanced-growth restrictions and...",land-credit crowding-out,validated_paraphrase,Source-specific row parsed from Phase 2 cluster evidence map for Land and Infinite Debt Rollover.,03_notes/clusters/C5_Q02.md,C5,C5_Q02,"- Page(s): 1, 2, 16, 17 - Key passage(s), paraphrased or short quote only: - ""Since McCallum (1987), it is well known that in an overlapping generations (OLG) economy with land, th...",paraphrase,1. Introduction,medium
CLM_C5_Q02_003,PDF014,C5_Q02,Hirano_Toda_2026,"4 - Key passage(s), paraphrased or short quote only: - ""Of course, it should be noted that incorporating various realistic factors may make $R < G$ possible under balanc...",causality,land,,land changes R versus G and debt-rollover conditions,"Core claim: The CIGS version adds an explicit critique of the $R < G$ heuristic, arguing that even if market frictions allow $R < G$ in a land model, the simple $G$ versus $R$ condition loses its theoretical cohere...",,measurement_or_empirical_motivation,"Core claim: The CIGS version adds an explicit critique of the $R < G$ heuristic, arguing that even if market frictions allow $R < G$ in a land model, the simple $G$ versus $R$ condition loses its theoretical cohere...",land-credit crowding-out,validated_paraphrase,"Source-specific row parsed from Phase 2 cluster evidence map for Land, G versus R, and Infinite Debt Rollover.",03_notes/clusters/C5_Q02.md,C5,C5_Q02,"- Page(s): 4 - Key passage(s), paraphrased or short quote only: - ""Of course, it should be noted that incorporating various realistic factors may make $R < G$ possible under balanc...",paraphrase,1. Introduction,medium
CLM_C5_Q03_001,MULTI,C5_Q03,cluster_synthesis,,variables_parameters,land,,,,,model_based_synthesis,1.,land-credit crowding-out,needs_page,"Cluster-level synthesis. Related sources: [""PDF002"", ""PDF014""]. C6 all-source inference applies if cluster_id is C6.",03_notes/clusters/C5_Q03.md,C5,C5_Q03,[NOTEBOOKLM_CLUSTER],paraphrase,1. Introduction,low
CLM_C5_Q03_002,PDF002,C5_Q03,Hirano_Toda_2025a,"1, 2, 16, 17 - Key passage(s), paraphrased or short quote only: - ""Since McCallum (1987), it is well known that in an overlapping generations (OLG) economy with land, th...",causality,land,,land changes R versus G and debt-rollover conditions,"Core claim: The paper refutes the conventional McCallum/Homburg claim that land unconditionally guarantees Pareto efficiency ($RG$), proving that their result depends on knife-edge balanced-growth restrictions and...",,measurement_or_empirical_motivation,"Core claim: The paper refutes the conventional McCallum/Homburg claim that land unconditionally guarantees Pareto efficiency ($RG$), proving that their result depends on knife-edge balanced-growth restrictions and...",land-credit crowding-out,validated_paraphrase,Source-specific row parsed from Phase 2 cluster evidence map for Land and Infinite Debt Rollover.,03_notes/clusters/C5_Q03.md,C5,C5_Q03,"- Page(s): 1, 2, 16, 17 - Key passage(s), paraphrased or short quote only: - ""Since McCallum (1987), it is well known that in an overlapping generations (OLG) economy with land, th...",paraphrase,1. Introduction,medium
CLM_C5_Q03_003,PDF014,C5_Q03,Hirano_Toda_2026,"4 - Key passage(s), paraphrased or short quote only: - ""Of course, it should be noted that incorporating various realistic factors may make $R < G$ possible under balanc...",causality,land,,land changes R versus G and debt-rollover conditions,"Core claim: The CIGS version adds an explicit critique of the $R < G$ heuristic, arguing that even if market frictions allow $R < G$ in a land model, the simple $G$ versus $R$ condition loses its theoretical cohere...",,measurement_or_empirical_motivation,"Core claim: The CIGS version adds an explicit critique of the $R < G$ heuristic, arguing that even if market frictions allow $R < G$ in a land model, the simple $G$ versus $R$ condition loses its theoretical cohere...",land-credit crowding-out,validated_paraphrase,"Source-specific row parsed from Phase 2 cluster evidence map for Land, G versus R, and Infinite Debt Rollover.",03_notes/clusters/C5_Q03.md,C5,C5_Q03,"- Page(s): 4 - Key passage(s), paraphrased or short quote only: - ""Of course, it should be noted that incorporating various realistic factors may make $R < G$ possible under balanc...",paraphrase,1. Introduction,medium
CLM_C5_Q04_001,MULTI,C5_Q04,cluster_synthesis,,variables_parameters,land,,,,,model_based_synthesis,1.,land-credit crowding-out,needs_page,"Cluster-level synthesis. Related sources: [""PDF002"", ""PDF014""]. C6 all-source inference applies if cluster_id is C6.",03_notes/clusters/C5_Q04.md,C5,C5_Q04,[NOTEBOOKLM_CLUSTER],paraphrase,1. Introduction,low
CLM_C5_Q04_002,PDF002,C5_Q04,Hirano_Toda_2025a,"1, 2, 16, 17 - Key passage(s), paraphrased or short quote only: - ""Since McCallum (1987), it is well known that in an overlapping generations (OLG) economy with land, th...",causality,land,,land changes R versus G and debt-rollover conditions,"Core claim: The paper refutes the conventional McCallum/Homburg claim that land unconditionally guarantees Pareto efficiency ($RG$), proving that their result depends on knife-edge balanced-growth restrictions and...",,measurement_or_empirical_motivation,"Core claim: The paper refutes the conventional McCallum/Homburg claim that land unconditionally guarantees Pareto efficiency ($RG$), proving that their result depends on knife-edge balanced-growth restrictions and...",land-credit crowding-out,validated_paraphrase,Source-specific row parsed from Phase 2 cluster evidence map for Land and Infinite Debt Rollover.,03_notes/clusters/C5_Q04.md,C5,C5_Q04,"- Page(s): 1, 2, 16, 17 - Key passage(s), paraphrased or short quote only: - ""Since McCallum (1987), it is well known that in an overlapping generations (OLG) economy with land, th...",paraphrase,1. Introduction,medium
CLM_C5_Q04_003,PDF014,C5_Q04,Hirano_Toda_2026,"4 - Key passage(s), paraphrased or short quote only: - ""Of course, it should be noted that incorporating various realistic factors may make $R < G$ possible under balanc...",causality,land,,land changes R versus G and debt-rollover conditions,"Core claim: The CIGS version adds an explicit critique of the $R < G$ heuristic, arguing that even if market frictions allow $R < G$ in a land model, the simple $G$ versus $R$ condition loses its theoretical cohere...",,measurement_or_empirical_motivation,"Core claim: The CIGS version adds an explicit critique of the $R < G$ heuristic, arguing that even if market frictions allow $R < G$ in a land model, the simple $G$ versus $R$ condition loses its theoretical cohere...",land-credit crowding-out,validated_paraphrase,"Source-specific row parsed from Phase 2 cluster evidence map for Land, G versus R, and Infinite Debt Rollover.",03_notes/clusters/C5_Q04.md,C5,C5_Q04,"- Page(s): 4 - Key passage(s), paraphrased or short quote only: - ""Of course, it should be noted that incorporating various realistic factors may make $R < G$ possible under balanc...",paraphrase,1. Introduction,medium
CLM_C5_Q05_001,MULTI,C5_Q05,cluster_synthesis,,variables_parameters,land,,,,,model_based_synthesis,1.,land-credit crowding-out,needs_page,"Cluster-level synthesis. Related sources: [""PDF002"", ""PDF014""]. C6 all-source inference applies if cluster_id is C6.",03_notes/clusters/C5_Q05.md,C5,C5_Q05,[NOTEBOOKLM_CLUSTER],paraphrase,1. Introduction,low
CLM_C5_Q05_002,PDF002,C5_Q05,Hirano_Toda_2025a,"1, 2, 16, 17 - Key passage(s), paraphrased or short quote only: - ""Since McCallum (1987), it is well known that in an overlapping generations (OLG) economy with land, th...",causality,land,,land changes R versus G and debt-rollover conditions,"Core claim: The paper refutes the conventional McCallum/Homburg claim that land unconditionally guarantees Pareto efficiency ($RG$), proving that their result depends on knife-edge balanced-growth restrictions and...",,measurement_or_empirical_motivation,"Core claim: The paper refutes the conventional McCallum/Homburg claim that land unconditionally guarantees Pareto efficiency ($RG$), proving that their result depends on knife-edge balanced-growth restrictions and...",land-credit crowding-out,validated_paraphrase,Source-specific row parsed from Phase 2 cluster evidence map for Land and Infinite Debt Rollover.,03_notes/clusters/C5_Q05.md,C5,C5_Q05,"- Page(s): 1, 2, 16, 17 - Key passage(s), paraphrased or short quote only: - ""Since McCallum (1987), it is well known that in an overlapping generations (OLG) economy with land, th...",paraphrase,1. Introduction,medium
CLM_C5_Q05_003,PDF014,C5_Q05,Hirano_Toda_2026,"4 - Key passage(s), paraphrased or short quote only: - ""Of course, it should be noted that incorporating various realistic factors may make $R < G$ possible under balanc...",causality,land,,land changes R versus G and debt-rollover conditions,"Core claim: The CIGS version adds an explicit critique of the $R < G$ heuristic, arguing that even if market frictions allow $R < G$ in a land model, the simple $G$ versus $R$ condition loses its theoretical cohere...",,measurement_or_empirical_motivation,"Core claim: The CIGS version adds an explicit critique of the $R < G$ heuristic, arguing that even if market frictions allow $R < G$ in a land model, the simple $G$ versus $R$ condition loses its theoretical cohere...",land-credit crowding-out,validated_paraphrase,"Source-specific row parsed from Phase 2 cluster evidence map for Land, G versus R, and Infinite Debt Rollover.",03_notes/clusters/C5_Q05.md,C5,C5_Q05,"- Page(s): 4 - Key passage(s), paraphrased or short quote only: - ""Of course, it should be noted that incorporating various realistic factors may make $R < G$ possible under balanc...",paraphrase,1. Introduction,medium
CLM_C6_Q01_001,MULTI,C6_Q01,cluster_synthesis,,variables_parameters,land,,,,,model_based_synthesis,1.,land-credit crowding-out,needs_page,"Cluster-level synthesis. Related sources: [""PDF001"", ""PDF002"", ""PDF003"", ""PDF004"", ""PDF005"", ""PDF006"", ""PDF007"", ""PDF008"", ""PDF009"", ""PDF010"", ""PDF011"", ""PDF012"", ""PDF013"", ""PDF014""]. C6 all-source inference applies if cluster_id is C6.",03_notes/clusters/C6_Q01.md,C6,C6_Q01,[NOTEBOOKLM_CLUSTER],paraphrase,1. Introduction,low
CLM_C6_Q01_002,PDF001,C6_Q01,Hirano_Toda_2025b,"1, 3, 4 - Key passage(s), paraphrased or short quote only: - ""To explain this apparent disconnection between land output and land value... we theoretically study the lon...",variables_parameters,land,,real-estate credit amplifies land-price inflation,,P_t,measurement_or_empirical_motivation,"Core claim: The paper explains the disconnection between declining land output and persistently high land values through the inevitable emergence of ""land overvaluation,"" where land prices are driven by its role as...",land overvaluation theorem,validated_paraphrase,Source-specific row parsed from Phase 2 cluster evidence map for Unbalanced Growth and Land Overvaluation.,03_notes/clusters/C6_Q01.md,C6,C6_Q01,"- Page(s): 1, 3, 4 - Key passage(s), paraphrased or short quote only: - ""To explain this apparent disconnection between land output and land value... we theoretically study the lon...",paraphrase,6. Mechanism III,medium
CLM_C6_Q01_003,PDF002,C6_Q01,Hirano_Toda_2025a,"1, 2, 16, 17 - Key passage(s), paraphrased or short quote only: - ""Since McCallum (1987), it is well known that in an overlapping generations (OLG) economy with land, th...",causality,land,,land changes R versus G and debt-rollover conditions,"Core claim: The paper refutes the conventional McCallum/Homburg claim that land unconditionally guarantees Pareto efficiency ($RG$), proving that their result depends on knife-edge balanced-growth restrictions and...",,measurement_or_empirical_motivation,"Core claim: The paper refutes the conventional McCallum/Homburg claim that land unconditionally guarantees Pareto efficiency ($RG$), proving that their result depends on knife-edge balanced-growth restrictions and...",land-credit crowding-out,validated_paraphrase,Source-specific row parsed from Phase 2 cluster evidence map for Land and Infinite Debt Rollover.,03_notes/clusters/C6_Q01.md,C6,C6_Q01,"- Page(s): 1, 2, 16, 17 - Key passage(s), paraphrased or short quote only: - ""Since McCallum (1987), it is well known that in an overlapping generations (OLG) economy with land, th...",paraphrase,1. Introduction,medium
CLM_C6_Q01_004,PDF003,C6_Q01,Hirano_Stiglitz_2025c,"1 - Key passage(s), paraphrased or short quote only: ""rapid expansion in credit systematically predicts growth slowdowns. The credit expansion of the early part of this ...",variables_parameters,land,,land speculation crowds out productive capital,,k_{t+1},measurement_or_empirical_motivation,"Core claim: The macroeconomic impact of a credit boom depends strictly on its sectoral composition, as credit expansions directed toward real estate systematically crowd out productive commercial investment and ret...",land-credit crowding-out,validated_paraphrase,"Source-specific row parsed from Phase 2 cluster evidence map for Credit, Land Speculation, and Low-Interest-Rate Policy.",03_notes/clusters/C6_Q01.md,C6,C6_Q01,"- Page(s): 1 - Key passage(s), paraphrased or short quote only: ""rapid expansion in credit systematically predicts growth slowdowns. The credit expansion of the early part of this ...",paraphrase,4. Mechanism I,medium
CLM_C6_Q01_005,PDF004,C6_Q01,Hirano_Stiglitz_2025b,"3, 4, 9, 17, 34, 49 - Key passage(s), paraphrased or short quote only: - ""This paper is meant to provide an overview of the research program, providing the simplest mode...",variables_parameters,land,,real-estate credit amplifies land-price inflation,,,measurement_or_empirical_motivation,"Core claim: The paper organizes a four-part theoretical research program demonstrating that market economies are intrinsically prone to expectation-driven instability, and that the presence of land and credit frict...",land-credit crowding-out,validated_paraphrase,Source-specific row parsed from Phase 2 cluster evidence map for Growth and Fluctuations Economies with Land Speculation.,03_notes/clusters/C6_Q01.md,C6,C6_Q01,"- Page(s): 3, 4, 9, 17, 34, 49 - Key passage(s), paraphrased or short quote only: - ""This paper is meant to provide an overview of the research program, providing the simplest mode...",paraphrase,5. Mechanism II,medium
CLM_C6_Q01_006,PDF005,C6_Q01,Hirano_Stiglitz_2025a,"327, 329, 335, 345 - Key passage(s), paraphrased or short quote only: - ""We analyse the effects of land taxation in a way that goes beyond the suggestion by Henry George...",variables_parameters,land,,land speculation crowds out productive capital,,K_t,measurement_or_empirical_motivation,"Core claim: The Henry George question is reconstructed to analyze how land speculation dynamically crowds out productive capital in endogenous growth models, proving that Georgist land taxation and strict financial...",policy / taxation / regulation,validated_paraphrase,"Source-specific row parsed from Phase 2 cluster evidence map for Henry George, Land Speculation, and Economic Growth and Transformation.",03_notes/clusters/C6_Q01.md,C6,C6_Q01,"- Page(s): 327, 329, 335, 345 - Key passage(s), paraphrased or short quote only: - ""We analyse the effects of land taxation in a way that goes beyond the suggestion by Henry George...",paraphrase,3. Conceptual objects,medium
CLM_C6_Q01_007,PDF006,C6_Q01,Hirano_Stiglitz_2022b,"1, 2, 10 - Key passage(s), paraphrased or short quote only: - ""In the Real Business Cycle (RBC) model (or other representative agent models) or the Solow model, there is...",variables_parameters,land,,land changes R versus G and debt-rollover conditions,,,measurement_or_empirical_motivation,"Core claim: Wobbly macro-dynamics describes a rational-expectations economy that infinitely fluctuates without converging or displaying regular periodicity, fundamentally challenging standard RBC and Solow models t...",wobbly dynamics and instability,validated_paraphrase,Source-specific row parsed from Phase 2 cluster evidence map for The Wobbly Economy: Global Dynamics with Phase and State Transitions.,03_notes/clusters/C6_Q01.md,C6,C6_Q01,"- Page(s): 1, 2, 10 - Key passage(s), paraphrased or short quote only: - ""In the Real Business Cycle (RBC) model (or other representative agent models) or the Solow model, there is...",paraphrase,8. Wobbly dynamics,medium
CLM_C6_Q01_008,PDF007,C6_Q01,Hirano_Stiglitz_2022a,"7, 24, 46, 47 - Key passage(s), paraphrased or short quote only: - ""Land crowds out productive capital... higher land prices lead to less capital accumulation. That, in ...",causality,land,,land speculation crowds out productive capital,"Core claim: Introducing land as an alternative asset fundamentally alters macroeconomic dynamics by crowding out productive capital, which lowers wages and output while expanding the conditions under which the econ...",K_t,measurement_or_empirical_motivation,"Core claim: Introducing land as an alternative asset fundamentally alters macroeconomic dynamics by crowding out productive capital, which lowers wages and output while expanding the conditions under which the econ...",land-credit crowding-out,validated_paraphrase,Source-specific row parsed from Phase 2 cluster evidence map for Land Speculation and Wobbly Dynamics with Endogenous Phase Transitions.,03_notes/clusters/C6_Q01.md,C6,C6_Q01,"- Page(s): 7, 24, 46, 47 - Key passage(s), paraphrased or short quote only: - ""Land crowds out productive capital... higher land prices lead to less capital accumulation. That, in ...",paraphrase,3. Conceptual objects,medium
CLM_C6_Q01_009,PDF008,C6_Q01,Hirano_Jinnai_Toda_2024,"2, 3, 9 - Key passage(s), paraphrased or short quote only: - ""Capital investment and land price reinforce each other, with endogenous changes in land rents, generating a...",variables_parameters,land,,land speculation crowds out productive capital,,P_t; D_t/r_t; k_{t+1}; W,measurement_or_empirical_motivation,"Core claim: The model features a powerful financial accelerator where rising land prices increase aggregate wealth, fueling greater capital investment that recursively drives up land rents and asset demand, ultimat...",land-credit crowding-out,validated_paraphrase,"Source-specific row parsed from Phase 2 cluster evidence map for Leverage, Endogenous Unbalanced Growth, and Asset Price Bubbles.",03_notes/clusters/C6_Q01.md,C6,C6_Q01,"- Page(s): 2, 3, 9 - Key passage(s), paraphrased or short quote only: - ""Capital investment and land price reinforce each other, with endogenous changes in land rents, generating a...",paraphrase,3. Conceptual objects,medium
CLM_C6_Q01_010,PDF009,C6_Q01,Stiglitz_2015c,"1, 2, 4, 11 - Key passage(s), paraphrased or short quote only: - ""if wealth (with a growing population, wealth per capita), appropriately measured, was non-decreasing, t...",causality,land,,land speculation crowds out productive capital,"Core claim: Standard wealth metrics fail to accurately assess economic sustainability because they conflate non-productive asset inflation (like land and capitalized monopoly rents) with true productive capital, wh...",D_t/r_t; K_t; W,measurement_or_empirical_motivation,"Core claim: Standard wealth metrics fail to accurately assess economic sustainability because they conflate non-productive asset inflation (like land and capitalized monopoly rents) with true productive capital, wh...",land-credit crowding-out,validated_paraphrase,"Source-specific row parsed from Phase 2 cluster evidence map for The Measurement of Wealth: Recessions, Sustainability and Inequality.",03_notes/clusters/C6_Q01.md,C6,C6_Q01,"- Page(s): 1, 2, 4, 11 - Key passage(s), paraphrased or short quote only: - ""if wealth (with a growing population, wealth per capita), appropriately measured, was non-decreasing, t...",paraphrase,3. Conceptual objects,medium
CLM_C6_Q01_011,PDF010,C6_Q01,Stiglitz_2015b,"16, 17, 18 - Key passage(s), paraphrased or short quote only: - ""It is the decision of the banks (the central bank) concerning credit availability that drives the price ...",variables_parameters,land,,real-estate credit amplifies land-price inflation,,P_t; collateral parameter; W,measurement_or_empirical_motivation,"Core claim: Part IV explains the ""wealth residual"" by showing that credit expansion, explicitly secured by land collateral, artificially inflates land prices and measured wealth while contributing nothing to—and po...",land-credit crowding-out,validated_paraphrase,Source-specific row parsed from Phase 2 cluster evidence map for New Theoretical Perspectives on the Distribution of Income and Wealth among Individuals: Part IV: Land and Credit.,03_notes/clusters/C6_Q01.md,C6,C6_Q01,"- Page(s): 16, 17, 18 - Key passage(s), paraphrased or short quote only: - ""It is the decision of the banks (the central bank) concerning credit availability that drives the price ...",paraphrase,3. Conceptual objects,medium
CLM_C6_Q01_012,PDF011,C6_Q01,Stiglitz_2015a,"10, 11, 28 - Key passage(s), paraphrased or short quote only: - ""If these numbers were accurate, the observed increase in wealth income ratios must come from somewhere e...",variables_parameters,land,,land changes R versus G and debt-rollover conditions,,W,measurement_or_empirical_motivation,"Core claim: The wealth residual represents the massive gap between the observed surge in aggregate wealth and the actual, much lower rate of real capital accumulation dictated by national savings data, indicating t...",land-credit crowding-out,validated_paraphrase,Source-specific row parsed from Phase 2 cluster evidence map for New Theoretical Perspectives on the Distribution of Income and Wealth among Individuals: Part I. The Wealth Residual.,03_notes/clusters/C6_Q01.md,C6,C6_Q01,"- Page(s): 10, 11, 28 - Key passage(s), paraphrased or short quote only: - ""If these numbers were accurate, the observed increase in wealth income ratios must come from somewhere e...",paraphrase,3. Conceptual objects,medium
CLM_C6_Q01_013,PDF012,C6_Q01,Toda_2025,"1, 2, 3 - Key passage(s), paraphrased or short quote only: - ""Skeptics of rational land or housing bubbles have claimed that bubbles do not exist on the basis of the sup...",variables_parameters,land,,leverage creates land-bubble phase transition,,D_t/r_t,measurement_or_empirical_motivation,"Core claim: The paper refutes the empirical objection that stationary housing rent-yields rule out rational bubbles, demonstrating that land bubbles inevitably emerge even when the aggregate housing rent-to-price r...",land-credit crowding-out,validated_paraphrase,Source-specific row parsed from Phase 2 cluster evidence map for Land Bubbles Despite Non-Vanishing Rents.,03_notes/clusters/C6_Q01.md,C6,C6_Q01,"- Page(s): 1, 2, 3 - Key passage(s), paraphrased or short quote only: - ""Skeptics of rational land or housing bubbles have claimed that bubbles do not exist on the basis of the sup...",paraphrase,1. Introduction,medium
CLM_C6_Q01_014,PDF013,C6_Q01,Hirano_Stiglitz_2024_stored2021,"1, 15, 33, 38 - Key passage(s), paraphrased or short quote only: - ""We show that it is not so much aggregate credit expansion that matters for long-run productivity and ...",variables_parameters,land,,real-estate credit amplifies land-price inflation,,,measurement_or_empirical_motivation,"Core claim: The sectoral-credit hypothesis asserts that credit expansions enhance long-run economic growth only when directed to productive sectors (like manufacturing), whereas credit expansions directed toward re...",land-credit crowding-out,validated_paraphrase,"Source-specific row parsed from Phase 2 cluster evidence map for Credit, Land Speculation, and Long-Run Economic Growth.",03_notes/clusters/C6_Q01.md,C6,C6_Q01,"- Page(s): 1, 15, 33, 38 - Key passage(s), paraphrased or short quote only: - ""We show that it is not so much aggregate credit expansion that matters for long-run productivity and ...",paraphrase,5. Mechanism II,medium
CLM_C6_Q01_015,PDF014,C6_Q01,Hirano_Toda_2026,"4 - Key passage(s), paraphrased or short quote only: - ""Of course, it should be noted that incorporating various realistic factors may make $R < G$ possible under balanc...",causality,land,,land changes R versus G and debt-rollover conditions,"Core claim: The CIGS version adds an explicit critique of the $R < G$ heuristic, arguing that even if market frictions allow $R < G$ in a land model, the simple $G$ versus $R$ condition loses its theoretical cohere...",,measurement_or_empirical_motivation,"Core claim: The CIGS version adds an explicit critique of the $R < G$ heuristic, arguing that even if market frictions allow $R < G$ in a land model, the simple $G$ versus $R$ condition loses its theoretical cohere...",land-credit crowding-out,validated_paraphrase,"Source-specific row parsed from Phase 2 cluster evidence map for Land, G versus R, and Infinite Debt Rollover.",03_notes/clusters/C6_Q01.md,C6,C6_Q01,"- Page(s): 4 - Key passage(s), paraphrased or short quote only: - ""Of course, it should be noted that incorporating various realistic factors may make $R < G$ possible under balanc...",paraphrase,1. Introduction,medium
CLM_C6_Q02_001,MULTI,C6_Q02,cluster_synthesis,,variables_parameters,land,,,,,model_based_synthesis,1.,land-credit crowding-out,needs_page,"Cluster-level synthesis. Related sources: [""PDF001"", ""PDF002"", ""PDF003"", ""PDF004"", ""PDF005"", ""PDF006"", ""PDF007"", ""PDF008"", ""PDF009"", ""PDF010"", ""PDF011"", ""PDF012"", ""PDF013"", ""PDF014""]. C6 all-source inference applies if cluster_id is C6.",03_notes/clusters/C6_Q02.md,C6,C6_Q02,[NOTEBOOKLM_CLUSTER],paraphrase,1. Introduction,low
CLM_C6_Q02_002,PDF001,C6_Q02,Hirano_Toda_2025b,"1, 3, 4 - Key passage(s), paraphrased or short quote only: - ""To explain this apparent disconnection between land output and land value... we theoretically study the lon...",variables_parameters,land,,real-estate credit amplifies land-price inflation,,P_t,measurement_or_empirical_motivation,"Core claim: The paper explains the disconnection between declining land output and persistently high land values through the inevitable emergence of ""land overvaluation,"" where land prices are driven by its role as...",land overvaluation theorem,validated_paraphrase,Source-specific row parsed from Phase 2 cluster evidence map for Unbalanced Growth and Land Overvaluation.,03_notes/clusters/C6_Q02.md,C6,C6_Q02,"- Page(s): 1, 3, 4 - Key passage(s), paraphrased or short quote only: - ""To explain this apparent disconnection between land output and land value... we theoretically study the lon...",paraphrase,6. Mechanism III,medium
CLM_C6_Q02_003,PDF002,C6_Q02,Hirano_Toda_2025a,"1, 2, 16, 17 - Key passage(s), paraphrased or short quote only: - ""Since McCallum (1987), it is well known that in an overlapping generations (OLG) economy with land, th...",causality,land,,land changes R versus G and debt-rollover conditions,"Core claim: The paper refutes the conventional McCallum/Homburg claim that land unconditionally guarantees Pareto efficiency ($RG$), proving that their result depends on knife-edge balanced-growth restrictions and...",,measurement_or_empirical_motivation,"Core claim: The paper refutes the conventional McCallum/Homburg claim that land unconditionally guarantees Pareto efficiency ($RG$), proving that their result depends on knife-edge balanced-growth restrictions and...",land-credit crowding-out,validated_paraphrase,Source-specific row parsed from Phase 2 cluster evidence map for Land and Infinite Debt Rollover.,03_notes/clusters/C6_Q02.md,C6,C6_Q02,"- Page(s): 1, 2, 16, 17 - Key passage(s), paraphrased or short quote only: - ""Since McCallum (1987), it is well known that in an overlapping generations (OLG) economy with land, th...",paraphrase,1. Introduction,medium
CLM_C6_Q02_004,PDF003,C6_Q02,Hirano_Stiglitz_2025c,"1 - Key passage(s), paraphrased or short quote only: ""rapid expansion in credit systematically predicts growth slowdowns. The credit expansion of the early part of this ...",variables_parameters,land,,land speculation crowds out productive capital,,k_{t+1},measurement_or_empirical_motivation,"Core claim: The macroeconomic impact of a credit boom depends strictly on its sectoral composition, as credit expansions directed toward real estate systematically crowd out productive commercial investment and ret...",land-credit crowding-out,validated_paraphrase,"Source-specific row parsed from Phase 2 cluster evidence map for Credit, Land Speculation, and Low-Interest-Rate Policy.",03_notes/clusters/C6_Q02.md,C6,C6_Q02,"- Page(s): 1 - Key passage(s), paraphrased or short quote only: ""rapid expansion in credit systematically predicts growth slowdowns. The credit expansion of the early part of this ...",paraphrase,4. Mechanism I,medium
CLM_C6_Q02_005,PDF004,C6_Q02,Hirano_Stiglitz_2025b,"3, 4, 9, 17, 34, 49 - Key passage(s), paraphrased or short quote only: - ""This paper is meant to provide an overview of the research program, providing the simplest mode...",variables_parameters,land,,real-estate credit amplifies land-price inflation,,,measurement_or_empirical_motivation,"Core claim: The paper organizes a four-part theoretical research program demonstrating that market economies are intrinsically prone to expectation-driven instability, and that the presence of land and credit frict...",land-credit crowding-out,validated_paraphrase,Source-specific row parsed from Phase 2 cluster evidence map for Growth and Fluctuations Economies with Land Speculation.,03_notes/clusters/C6_Q02.md,C6,C6_Q02,"- Page(s): 3, 4, 9, 17, 34, 49 - Key passage(s), paraphrased or short quote only: - ""This paper is meant to provide an overview of the research program, providing the simplest mode...",paraphrase,5. Mechanism II,medium
CLM_C6_Q02_006,PDF005,C6_Q02,Hirano_Stiglitz_2025a,"327, 329, 335, 345 - Key passage(s), paraphrased or short quote only: - ""We analyse the effects of land taxation in a way that goes beyond the suggestion by Henry George...",variables_parameters,land,,land speculation crowds out productive capital,,K_t,measurement_or_empirical_motivation,"Core claim: The Henry George question is reconstructed to analyze how land speculation dynamically crowds out productive capital in endogenous growth models, proving that Georgist land taxation and strict financial...",policy / taxation / regulation,validated_paraphrase,"Source-specific row parsed from Phase 2 cluster evidence map for Henry George, Land Speculation, and Economic Growth and Transformation.",03_notes/clusters/C6_Q02.md,C6,C6_Q02,"- Page(s): 327, 329, 335, 345 - Key passage(s), paraphrased or short quote only: - ""We analyse the effects of land taxation in a way that goes beyond the suggestion by Henry George...",paraphrase,3. Conceptual objects,medium
CLM_C6_Q02_007,PDF006,C6_Q02,Hirano_Stiglitz_2022b,"1, 2, 10 - Key passage(s), paraphrased or short quote only: - ""In the Real Business Cycle (RBC) model (or other representative agent models) or the Solow model, there is...",variables_parameters,land,,land changes R versus G and debt-rollover conditions,,,measurement_or_empirical_motivation,"Core claim: Wobbly macro-dynamics describes a rational-expectations economy that infinitely fluctuates without converging or displaying regular periodicity, fundamentally challenging standard RBC and Solow models t...",wobbly dynamics and instability,validated_paraphrase,Source-specific row parsed from Phase 2 cluster evidence map for The Wobbly Economy: Global Dynamics with Phase and State Transitions.,03_notes/clusters/C6_Q02.md,C6,C6_Q02,"- Page(s): 1, 2, 10 - Key passage(s), paraphrased or short quote only: - ""In the Real Business Cycle (RBC) model (or other representative agent models) or the Solow model, there is...",paraphrase,8. Wobbly dynamics,medium
CLM_C6_Q02_008,PDF007,C6_Q02,Hirano_Stiglitz_2022a,"7, 24, 46, 47 - Key passage(s), paraphrased or short quote only: - ""Land crowds out productive capital... higher land prices lead to less capital accumulation. That, in ...",causality,land,,land speculation crowds out productive capital,"Core claim: Introducing land as an alternative asset fundamentally alters macroeconomic dynamics by crowding out productive capital, which lowers wages and output while expanding the conditions under which the econ...",K_t,measurement_or_empirical_motivation,"Core claim: Introducing land as an alternative asset fundamentally alters macroeconomic dynamics by crowding out productive capital, which lowers wages and output while expanding the conditions under which the econ...",land-credit crowding-out,validated_paraphrase,Source-specific row parsed from Phase 2 cluster evidence map for Land Speculation and Wobbly Dynamics with Endogenous Phase Transitions.,03_notes/clusters/C6_Q02.md,C6,C6_Q02,"- Page(s): 7, 24, 46, 47 - Key passage(s), paraphrased or short quote only: - ""Land crowds out productive capital... higher land prices lead to less capital accumulation. That, in ...",paraphrase,3. Conceptual objects,medium
CLM_C6_Q02_009,PDF008,C6_Q02,Hirano_Jinnai_Toda_2024,"2, 3, 9 - Key passage(s), paraphrased or short quote only: - ""Capital investment and land price reinforce each other, with endogenous changes in land rents, generating a...",variables_parameters,land,,land speculation crowds out productive capital,,P_t; D_t/r_t; k_{t+1}; W,measurement_or_empirical_motivation,"Core claim: The model features a powerful financial accelerator where rising land prices increase aggregate wealth, fueling greater capital investment that recursively drives up land rents and asset demand, ultimat...",land-credit crowding-out,validated_paraphrase,"Source-specific row parsed from Phase 2 cluster evidence map for Leverage, Endogenous Unbalanced Growth, and Asset Price Bubbles.",03_notes/clusters/C6_Q02.md,C6,C6_Q02,"- Page(s): 2, 3, 9 - Key passage(s), paraphrased or short quote only: - ""Capital investment and land price reinforce each other, with endogenous changes in land rents, generating a...",paraphrase,3. Conceptual objects,medium
CLM_C6_Q02_010,PDF009,C6_Q02,Stiglitz_2015c,"1, 2, 4, 11 - Key passage(s), paraphrased or short quote only: - ""if wealth (with a growing population, wealth per capita), appropriately measured, was non-decreasing, t...",causality,land,,land speculation crowds out productive capital,"Core claim: Standard wealth metrics fail to accurately assess economic sustainability because they conflate non-productive asset inflation (like land and capitalized monopoly rents) with true productive capital, wh...",D_t/r_t; K_t; W,measurement_or_empirical_motivation,"Core claim: Standard wealth metrics fail to accurately assess economic sustainability because they conflate non-productive asset inflation (like land and capitalized monopoly rents) with true productive capital, wh...",land-credit crowding-out,validated_paraphrase,"Source-specific row parsed from Phase 2 cluster evidence map for The Measurement of Wealth: Recessions, Sustainability and Inequality.",03_notes/clusters/C6_Q02.md,C6,C6_Q02,"- Page(s): 1, 2, 4, 11 - Key passage(s), paraphrased or short quote only: - ""if wealth (with a growing population, wealth per capita), appropriately measured, was non-decreasing, t...",paraphrase,3. Conceptual objects,medium
CLM_C6_Q02_011,PDF010,C6_Q02,Stiglitz_2015b,"16, 17, 18 - Key passage(s), paraphrased or short quote only: - ""It is the decision of the banks (the central bank) concerning credit availability that drives the price ...",variables_parameters,land,,real-estate credit amplifies land-price inflation,,P_t; collateral parameter; W,measurement_or_empirical_motivation,"Core claim: Part IV explains the ""wealth residual"" by showing that credit expansion, explicitly secured by land collateral, artificially inflates land prices and measured wealth while contributing nothing to—and po...",land-credit crowding-out,validated_paraphrase,Source-specific row parsed from Phase 2 cluster evidence map for New Theoretical Perspectives on the Distribution of Income and Wealth among Individuals: Part IV: Land and Credit.,03_notes/clusters/C6_Q02.md,C6,C6_Q02,"- Page(s): 16, 17, 18 - Key passage(s), paraphrased or short quote only: - ""It is the decision of the banks (the central bank) concerning credit availability that drives the price ...",paraphrase,3. Conceptual objects,medium
CLM_C6_Q02_012,PDF011,C6_Q02,Stiglitz_2015a,"10, 11, 28 - Key passage(s), paraphrased or short quote only: - ""If these numbers were accurate, the observed increase in wealth income ratios must come from somewhere e...",variables_parameters,land,,land changes R versus G and debt-rollover conditions,,W,measurement_or_empirical_motivation,"Core claim: The wealth residual represents the massive gap between the observed surge in aggregate wealth and the actual, much lower rate of real capital accumulation dictated by national savings data, indicating t...",land-credit crowding-out,validated_paraphrase,Source-specific row parsed from Phase 2 cluster evidence map for New Theoretical Perspectives on the Distribution of Income and Wealth among Individuals: Part I. The Wealth Residual.,03_notes/clusters/C6_Q02.md,C6,C6_Q02,"- Page(s): 10, 11, 28 - Key passage(s), paraphrased or short quote only: - ""If these numbers were accurate, the observed increase in wealth income ratios must come from somewhere e...",paraphrase,3. Conceptual objects,medium
CLM_C6_Q02_013,PDF012,C6_Q02,Toda_2025,"1, 2, 3 - Key passage(s), paraphrased or short quote only: - ""Skeptics of rational land or housing bubbles have claimed that bubbles do not exist on the basis of the sup...",variables_parameters,land,,leverage creates land-bubble phase transition,,D_t/r_t,measurement_or_empirical_motivation,"Core claim: The paper refutes the empirical objection that stationary housing rent-yields rule out rational bubbles, demonstrating that land bubbles inevitably emerge even when the aggregate housing rent-to-price r...",land-credit crowding-out,validated_paraphrase,Source-specific row parsed from Phase 2 cluster evidence map for Land Bubbles Despite Non-Vanishing Rents.,03_notes/clusters/C6_Q02.md,C6,C6_Q02,"- Page(s): 1, 2, 3 - Key passage(s), paraphrased or short quote only: - ""Skeptics of rational land or housing bubbles have claimed that bubbles do not exist on the basis of the sup...",paraphrase,1. Introduction,medium
CLM_C6_Q02_014,PDF013,C6_Q02,Hirano_Stiglitz_2024_stored2021,"1, 15, 33, 38 - Key passage(s), paraphrased or short quote only: - ""We show that it is not so much aggregate credit expansion that matters for long-run productivity and ...",variables_parameters,land,,real-estate credit amplifies land-price inflation,,,measurement_or_empirical_motivation,"Core claim: The sectoral-credit hypothesis asserts that credit expansions enhance long-run economic growth only when directed to productive sectors (like manufacturing), whereas credit expansions directed toward re...",land-credit crowding-out,validated_paraphrase,"Source-specific row parsed from Phase 2 cluster evidence map for Credit, Land Speculation, and Long-Run Economic Growth.",03_notes/clusters/C6_Q02.md,C6,C6_Q02,"- Page(s): 1, 15, 33, 38 - Key passage(s), paraphrased or short quote only: - ""We show that it is not so much aggregate credit expansion that matters for long-run productivity and ...",paraphrase,5. Mechanism II,medium
CLM_C6_Q02_015,PDF014,C6_Q02,Hirano_Toda_2026,"4 - Key passage(s), paraphrased or short quote only: - ""Of course, it should be noted that incorporating various realistic factors may make $R < G$ possible under balanc...",causality,land,,land changes R versus G and debt-rollover conditions,"Core claim: The CIGS version adds an explicit critique of the $R < G$ heuristic, arguing that even if market frictions allow $R < G$ in a land model, the simple $G$ versus $R$ condition loses its theoretical cohere...",,measurement_or_empirical_motivation,"Core claim: The CIGS version adds an explicit critique of the $R < G$ heuristic, arguing that even if market frictions allow $R < G$ in a land model, the simple $G$ versus $R$ condition loses its theoretical cohere...",land-credit crowding-out,validated_paraphrase,"Source-specific row parsed from Phase 2 cluster evidence map for Land, G versus R, and Infinite Debt Rollover.",03_notes/clusters/C6_Q02.md,C6,C6_Q02,"- Page(s): 4 - Key passage(s), paraphrased or short quote only: - ""Of course, it should be noted that incorporating various realistic factors may make $R < G$ possible under balanc...",paraphrase,1. Introduction,medium
CLM_C6_Q03_001,MULTI,C6_Q03,cluster_synthesis,,variables_parameters,land,,,,,model_based_synthesis,1.,land-credit crowding-out,needs_page,"Cluster-level synthesis. Related sources: [""PDF001"", ""PDF002"", ""PDF003"", ""PDF004"", ""PDF005"", ""PDF006"", ""PDF007"", ""PDF008"", ""PDF009"", ""PDF010"", ""PDF011"", ""PDF012"", ""PDF013"", ""PDF014""]. C6 all-source inference applies if cluster_id is C6.",03_notes/clusters/C6_Q03.md,C6,C6_Q03,[NOTEBOOKLM_CLUSTER],paraphrase,1. Introduction,low
CLM_C6_Q03_002,PDF001,C6_Q03,Hirano_Toda_2025b,"1, 3, 4 - Key passage(s), paraphrased or short quote only: - ""To explain this apparent disconnection between land output and land value... we theoretically study the lon...",variables_parameters,land,,real-estate credit amplifies land-price inflation,,P_t,measurement_or_empirical_motivation,"Core claim: The paper explains the disconnection between declining land output and persistently high land values through the inevitable emergence of ""land overvaluation,"" where land prices are driven by its role as...",land overvaluation theorem,validated_paraphrase,Source-specific row parsed from Phase 2 cluster evidence map for Unbalanced Growth and Land Overvaluation.,03_notes/clusters/C6_Q03.md,C6,C6_Q03,"- Page(s): 1, 3, 4 - Key passage(s), paraphrased or short quote only: - ""To explain this apparent disconnection between land output and land value... we theoretically study the lon...",paraphrase,6. Mechanism III,medium
CLM_C6_Q03_003,PDF002,C6_Q03,Hirano_Toda_2025a,"1, 2, 16, 17 - Key passage(s), paraphrased or short quote only: - ""Since McCallum (1987), it is well known that in an overlapping generations (OLG) economy with land, th...",causality,land,,land changes R versus G and debt-rollover conditions,"Core claim: The paper refutes the conventional McCallum/Homburg claim that land unconditionally guarantees Pareto efficiency ($RG$), proving that their result depends on knife-edge balanced-growth restrictions and...",,measurement_or_empirical_motivation,"Core claim: The paper refutes the conventional McCallum/Homburg claim that land unconditionally guarantees Pareto efficiency ($RG$), proving that their result depends on knife-edge balanced-growth restrictions and...",land-credit crowding-out,validated_paraphrase,Source-specific row parsed from Phase 2 cluster evidence map for Land and Infinite Debt Rollover.,03_notes/clusters/C6_Q03.md,C6,C6_Q03,"- Page(s): 1, 2, 16, 17 - Key passage(s), paraphrased or short quote only: - ""Since McCallum (1987), it is well known that in an overlapping generations (OLG) economy with land, th...",paraphrase,1. Introduction,medium
CLM_C6_Q03_004,PDF003,C6_Q03,Hirano_Stiglitz_2025c,"1 - Key passage(s), paraphrased or short quote only: ""rapid expansion in credit systematically predicts growth slowdowns. The credit expansion of the early part of this ...",variables_parameters,land,,land speculation crowds out productive capital,,k_{t+1},measurement_or_empirical_motivation,"Core claim: The macroeconomic impact of a credit boom depends strictly on its sectoral composition, as credit expansions directed toward real estate systematically crowd out productive commercial investment and ret...",land-credit crowding-out,validated_paraphrase,"Source-specific row parsed from Phase 2 cluster evidence map for Credit, Land Speculation, and Low-Interest-Rate Policy.",03_notes/clusters/C6_Q03.md,C6,C6_Q03,"- Page(s): 1 - Key passage(s), paraphrased or short quote only: ""rapid expansion in credit systematically predicts growth slowdowns. The credit expansion of the early part of this ...",paraphrase,4. Mechanism I,medium
CLM_C6_Q03_005,PDF004,C6_Q03,Hirano_Stiglitz_2025b,"3, 4, 9, 17, 34, 49 - Key passage(s), paraphrased or short quote only: - ""This paper is meant to provide an overview of the research program, providing the simplest mode...",variables_parameters,land,,real-estate credit amplifies land-price inflation,,,measurement_or_empirical_motivation,"Core claim: The paper organizes a four-part theoretical research program demonstrating that market economies are intrinsically prone to expectation-driven instability, and that the presence of land and credit frict...",land-credit crowding-out,validated_paraphrase,Source-specific row parsed from Phase 2 cluster evidence map for Growth and Fluctuations Economies with Land Speculation.,03_notes/clusters/C6_Q03.md,C6,C6_Q03,"- Page(s): 3, 4, 9, 17, 34, 49 - Key passage(s), paraphrased or short quote only: - ""This paper is meant to provide an overview of the research program, providing the simplest mode...",paraphrase,5. Mechanism II,medium
CLM_C6_Q03_006,PDF005,C6_Q03,Hirano_Stiglitz_2025a,"327, 329, 335, 345 - Key passage(s), paraphrased or short quote only: - ""We analyse the effects of land taxation in a way that goes beyond the suggestion by Henry George...",variables_parameters,land,,land speculation crowds out productive capital,,K_t,measurement_or_empirical_motivation,"Core claim: The Henry George question is reconstructed to analyze how land speculation dynamically crowds out productive capital in endogenous growth models, proving that Georgist land taxation and strict financial...",policy / taxation / regulation,validated_paraphrase,"Source-specific row parsed from Phase 2 cluster evidence map for Henry George, Land Speculation, and Economic Growth and Transformation.",03_notes/clusters/C6_Q03.md,C6,C6_Q03,"- Page(s): 327, 329, 335, 345 - Key passage(s), paraphrased or short quote only: - ""We analyse the effects of land taxation in a way that goes beyond the suggestion by Henry George...",paraphrase,3. Conceptual objects,medium
CLM_C6_Q03_007,PDF006,C6_Q03,Hirano_Stiglitz_2022b,"1, 2, 10 - Key passage(s), paraphrased or short quote only: - ""In the Real Business Cycle (RBC) model (or other representative agent models) or the Solow model, there is...",variables_parameters,land,,land changes R versus G and debt-rollover conditions,,,measurement_or_empirical_motivation,"Core claim: Wobbly macro-dynamics describes a rational-expectations economy that infinitely fluctuates without converging or displaying regular periodicity, fundamentally challenging standard RBC and Solow models t...",wobbly dynamics and instability,validated_paraphrase,Source-specific row parsed from Phase 2 cluster evidence map for The Wobbly Economy: Global Dynamics with Phase and State Transitions.,03_notes/clusters/C6_Q03.md,C6,C6_Q03,"- Page(s): 1, 2, 10 - Key passage(s), paraphrased or short quote only: - ""In the Real Business Cycle (RBC) model (or other representative agent models) or the Solow model, there is...",paraphrase,8. Wobbly dynamics,medium
CLM_C6_Q03_008,PDF007,C6_Q03,Hirano_Stiglitz_2022a,"7, 24, 46, 47 - Key passage(s), paraphrased or short quote only: - ""Land crowds out productive capital... higher land prices lead to less capital accumulation. That, in ...",causality,land,,land speculation crowds out productive capital,"Core claim: Introducing land as an alternative asset fundamentally alters macroeconomic dynamics by crowding out productive capital, which lowers wages and output while expanding the conditions under which the econ...",K_t,measurement_or_empirical_motivation,"Core claim: Introducing land as an alternative asset fundamentally alters macroeconomic dynamics by crowding out productive capital, which lowers wages and output while expanding the conditions under which the econ...",land-credit crowding-out,validated_paraphrase,Source-specific row parsed from Phase 2 cluster evidence map for Land Speculation and Wobbly Dynamics with Endogenous Phase Transitions.,03_notes/clusters/C6_Q03.md,C6,C6_Q03,"- Page(s): 7, 24, 46, 47 - Key passage(s), paraphrased or short quote only: - ""Land crowds out productive capital... higher land prices lead to less capital accumulation. That, in ...",paraphrase,3. Conceptual objects,medium
CLM_C6_Q03_009,PDF008,C6_Q03,Hirano_Jinnai_Toda_2024,"2, 3, 9 - Key passage(s), paraphrased or short quote only: - ""Capital investment and land price reinforce each other, with endogenous changes in land rents, generating a...",variables_parameters,land,,land speculation crowds out productive capital,,P_t; D_t/r_t; k_{t+1}; W,measurement_or_empirical_motivation,"Core claim: The model features a powerful financial accelerator where rising land prices increase aggregate wealth, fueling greater capital investment that recursively drives up land rents and asset demand, ultimat...",land-credit crowding-out,validated_paraphrase,"Source-specific row parsed from Phase 2 cluster evidence map for Leverage, Endogenous Unbalanced Growth, and Asset Price Bubbles.",03_notes/clusters/C6_Q03.md,C6,C6_Q03,"- Page(s): 2, 3, 9 - Key passage(s), paraphrased or short quote only: - ""Capital investment and land price reinforce each other, with endogenous changes in land rents, generating a...",paraphrase,3. Conceptual objects,medium
CLM_C6_Q03_010,PDF009,C6_Q03,Stiglitz_2015c,"1, 2, 4, 11 - Key passage(s), paraphrased or short quote only: - ""if wealth (with a growing population, wealth per capita), appropriately measured, was non-decreasing, t...",causality,land,,land speculation crowds out productive capital,"Core claim: Standard wealth metrics fail to accurately assess economic sustainability because they conflate non-productive asset inflation (like land and capitalized monopoly rents) with true productive capital, wh...",D_t/r_t; K_t; W,measurement_or_empirical_motivation,"Core claim: Standard wealth metrics fail to accurately assess economic sustainability because they conflate non-productive asset inflation (like land and capitalized monopoly rents) with true productive capital, wh...",land-credit crowding-out,validated_paraphrase,"Source-specific row parsed from Phase 2 cluster evidence map for The Measurement of Wealth: Recessions, Sustainability and Inequality.",03_notes/clusters/C6_Q03.md,C6,C6_Q03,"- Page(s): 1, 2, 4, 11 - Key passage(s), paraphrased or short quote only: - ""if wealth (with a growing population, wealth per capita), appropriately measured, was non-decreasing, t...",paraphrase,3. Conceptual objects,medium
CLM_C6_Q03_011,PDF010,C6_Q03,Stiglitz_2015b,"16, 17, 18 - Key passage(s), paraphrased or short quote only: - ""It is the decision of the banks (the central bank) concerning credit availability that drives the price ...",variables_parameters,land,,real-estate credit amplifies land-price inflation,,P_t; collateral parameter; W,measurement_or_empirical_motivation,"Core claim: Part IV explains the ""wealth residual"" by showing that credit expansion, explicitly secured by land collateral, artificially inflates land prices and measured wealth while contributing nothing to—and po...",land-credit crowding-out,validated_paraphrase,Source-specific row parsed from Phase 2 cluster evidence map for New Theoretical Perspectives on the Distribution of Income and Wealth among Individuals: Part IV: Land and Credit.,03_notes/clusters/C6_Q03.md,C6,C6_Q03,"- Page(s): 16, 17, 18 - Key passage(s), paraphrased or short quote only: - ""It is the decision of the banks (the central bank) concerning credit availability that drives the price ...",paraphrase,3. Conceptual objects,medium
CLM_C6_Q03_012,PDF011,C6_Q03,Stiglitz_2015a,"10, 11, 28 - Key passage(s), paraphrased or short quote only: - ""If these numbers were accurate, the observed increase in wealth income ratios must come from somewhere e...",variables_parameters,land,,land changes R versus G and debt-rollover conditions,,W,measurement_or_empirical_motivation,"Core claim: The wealth residual represents the massive gap between the observed surge in aggregate wealth and the actual, much lower rate of real capital accumulation dictated by national savings data, indicating t...",land-credit crowding-out,validated_paraphrase,Source-specific row parsed from Phase 2 cluster evidence map for New Theoretical Perspectives on the Distribution of Income and Wealth among Individuals: Part I. The Wealth Residual.,03_notes/clusters/C6_Q03.md,C6,C6_Q03,"- Page(s): 10, 11, 28 - Key passage(s), paraphrased or short quote only: - ""If these numbers were accurate, the observed increase in wealth income ratios must come from somewhere e...",paraphrase,3. Conceptual objects,medium
CLM_C6_Q03_013,PDF012,C6_Q03,Toda_2025,"1, 2, 3 - Key passage(s), paraphrased or short quote only: - ""Skeptics of rational land or housing bubbles have claimed that bubbles do not exist on the basis of the sup...",variables_parameters,land,,leverage creates land-bubble phase transition,,D_t/r_t,measurement_or_empirical_motivation,"Core claim: The paper refutes the empirical objection that stationary housing rent-yields rule out rational bubbles, demonstrating that land bubbles inevitably emerge even when the aggregate housing rent-to-price r...",land-credit crowding-out,validated_paraphrase,Source-specific row parsed from Phase 2 cluster evidence map for Land Bubbles Despite Non-Vanishing Rents.,03_notes/clusters/C6_Q03.md,C6,C6_Q03,"- Page(s): 1, 2, 3 - Key passage(s), paraphrased or short quote only: - ""Skeptics of rational land or housing bubbles have claimed that bubbles do not exist on the basis of the sup...",paraphrase,1. Introduction,medium
CLM_C6_Q03_014,PDF013,C6_Q03,Hirano_Stiglitz_2024_stored2021,"1, 15, 33, 38 - Key passage(s), paraphrased or short quote only: - ""We show that it is not so much aggregate credit expansion that matters for long-run productivity and ...",variables_parameters,land,,real-estate credit amplifies land-price inflation,,,measurement_or_empirical_motivation,"Core claim: The sectoral-credit hypothesis asserts that credit expansions enhance long-run economic growth only when directed to productive sectors (like manufacturing), whereas credit expansions directed toward re...",land-credit crowding-out,validated_paraphrase,"Source-specific row parsed from Phase 2 cluster evidence map for Credit, Land Speculation, and Long-Run Economic Growth.",03_notes/clusters/C6_Q03.md,C6,C6_Q03,"- Page(s): 1, 15, 33, 38 - Key passage(s), paraphrased or short quote only: - ""We show that it is not so much aggregate credit expansion that matters for long-run productivity and ...",paraphrase,5. Mechanism II,medium
CLM_C6_Q03_015,PDF014,C6_Q03,Hirano_Toda_2026,"4 - Key passage(s), paraphrased or short quote only: - ""Of course, it should be noted that incorporating various realistic factors may make $R < G$ possible under balanc...",causality,land,,land changes R versus G and debt-rollover conditions,"Core claim: The CIGS version adds an explicit critique of the $R < G$ heuristic, arguing that even if market frictions allow $R < G$ in a land model, the simple $G$ versus $R$ condition loses its theoretical cohere...",,measurement_or_empirical_motivation,"Core claim: The CIGS version adds an explicit critique of the $R < G$ heuristic, arguing that even if market frictions allow $R < G$ in a land model, the simple $G$ versus $R$ condition loses its theoretical cohere...",land-credit crowding-out,validated_paraphrase,"Source-specific row parsed from Phase 2 cluster evidence map for Land, G versus R, and Infinite Debt Rollover.",03_notes/clusters/C6_Q03.md,C6,C6_Q03,"- Page(s): 4 - Key passage(s), paraphrased or short quote only: - ""Of course, it should be noted that incorporating various realistic factors may make $R < G$ possible under balanc...",paraphrase,1. Introduction,medium
CLM_C6_Q04_001,MULTI,C6_Q04,cluster_synthesis,,variables_parameters,land,,land changes R versus G and debt-rollover conditions,,,policy_implication,"Synthesis of Cluster C6: Policy, Henry George, regulation, and Fondecyt translation 1.",policy / taxation / regulation,needs_page,"Cluster-level synthesis. Related sources: [""PDF001"", ""PDF002"", ""PDF003"", ""PDF004"", ""PDF005"", ""PDF006"", ""PDF007"", ""PDF008"", ""PDF009"", ""PDF010"", ""PDF011"", ""PDF012"", ""PDF013"", ""PDF014""]. C6 all-source inference applies if cluster_id is C6.",03_notes/clusters/C6_Q04.md,C6,C6_Q04,[NOTEBOOKLM_CLUSTER],paraphrase,10. Research agenda,low
CLM_C6_Q04_002,PDF001,C6_Q04,Hirano_Toda_2025b,"1, 3, 4 - Key passage(s), paraphrased or short quote only: - ""To explain this apparent disconnection between land output and land value... we theoretically study the lon...",variables_parameters,land,,real-estate credit amplifies land-price inflation,,P_t,measurement_or_empirical_motivation,"Core claim: The paper explains the disconnection between declining land output and persistently high land values through the inevitable emergence of ""land overvaluation,"" where land prices are driven by its role as...",land overvaluation theorem,validated_paraphrase,Source-specific row parsed from Phase 2 cluster evidence map for Unbalanced Growth and Land Overvaluation.,03_notes/clusters/C6_Q04.md,C6,C6_Q04,"- Page(s): 1, 3, 4 - Key passage(s), paraphrased or short quote only: - ""To explain this apparent disconnection between land output and land value... we theoretically study the lon...",paraphrase,6. Mechanism III,medium
CLM_C6_Q04_003,PDF002,C6_Q04,Hirano_Toda_2025a,"1, 2, 16, 17 - Key passage(s), paraphrased or short quote only: - ""Since McCallum (1987), it is well known that in an overlapping generations (OLG) economy with land, th...",causality,land,,land changes R versus G and debt-rollover conditions,"Core claim: The paper refutes the conventional McCallum/Homburg claim that land unconditionally guarantees Pareto efficiency ($RG$), proving that their result depends on knife-edge balanced-growth restrictions and...",,measurement_or_empirical_motivation,"Core claim: The paper refutes the conventional McCallum/Homburg claim that land unconditionally guarantees Pareto efficiency ($RG$), proving that their result depends on knife-edge balanced-growth restrictions and...",land-credit crowding-out,validated_paraphrase,Source-specific row parsed from Phase 2 cluster evidence map for Land and Infinite Debt Rollover.,03_notes/clusters/C6_Q04.md,C6,C6_Q04,"- Page(s): 1, 2, 16, 17 - Key passage(s), paraphrased or short quote only: - ""Since McCallum (1987), it is well known that in an overlapping generations (OLG) economy with land, th...",paraphrase,1. Introduction,medium
CLM_C6_Q04_004,PDF003,C6_Q04,Hirano_Stiglitz_2025c,"1 - Key passage(s), paraphrased or short quote only: ""rapid expansion in credit systematically predicts growth slowdowns. The credit expansion of the early part of this ...",variables_parameters,land,,land speculation crowds out productive capital,,k_{t+1},measurement_or_empirical_motivation,"Core claim: The macroeconomic impact of a credit boom depends strictly on its sectoral composition, as credit expansions directed toward real estate systematically crowd out productive commercial investment and ret...",land-credit crowding-out,validated_paraphrase,"Source-specific row parsed from Phase 2 cluster evidence map for Credit, Land Speculation, and Low-Interest-Rate Policy.",03_notes/clusters/C6_Q04.md,C6,C6_Q04,"- Page(s): 1 - Key passage(s), paraphrased or short quote only: ""rapid expansion in credit systematically predicts growth slowdowns. The credit expansion of the early part of this ...",paraphrase,4. Mechanism I,medium
CLM_C6_Q04_005,PDF004,C6_Q04,Hirano_Stiglitz_2025b,"3, 4, 9, 17, 34, 49 - Key passage(s), paraphrased or short quote only: - ""This paper is meant to provide an overview of the research program, providing the simplest mode...",variables_parameters,land,,real-estate credit amplifies land-price inflation,,,measurement_or_empirical_motivation,"Core claim: The paper organizes a four-part theoretical research program demonstrating that market economies are intrinsically prone to expectation-driven instability, and that the presence of land and credit frict...",land-credit crowding-out,validated_paraphrase,Source-specific row parsed from Phase 2 cluster evidence map for Growth and Fluctuations Economies with Land Speculation.,03_notes/clusters/C6_Q04.md,C6,C6_Q04,"- Page(s): 3, 4, 9, 17, 34, 49 - Key passage(s), paraphrased or short quote only: - ""This paper is meant to provide an overview of the research program, providing the simplest mode...",paraphrase,5. Mechanism II,medium
CLM_C6_Q04_006,PDF005,C6_Q04,Hirano_Stiglitz_2025a,"327, 329, 335, 345 - Key passage(s), paraphrased or short quote only: - ""We analyse the effects of land taxation in a way that goes beyond the suggestion by Henry George...",variables_parameters,land,,land speculation crowds out productive capital,,K_t,measurement_or_empirical_motivation,"Core claim: The Henry George question is reconstructed to analyze how land speculation dynamically crowds out productive capital in endogenous growth models, proving that Georgist land taxation and strict financial...",policy / taxation / regulation,validated_paraphrase,"Source-specific row parsed from Phase 2 cluster evidence map for Henry George, Land Speculation, and Economic Growth and Transformation.",03_notes/clusters/C6_Q04.md,C6,C6_Q04,"- Page(s): 327, 329, 335, 345 - Key passage(s), paraphrased or short quote only: - ""We analyse the effects of land taxation in a way that goes beyond the suggestion by Henry George...",paraphrase,3. Conceptual objects,medium
CLM_C6_Q04_007,PDF006,C6_Q04,Hirano_Stiglitz_2022b,"1, 2, 10 - Key passage(s), paraphrased or short quote only: - ""In the Real Business Cycle (RBC) model (or other representative agent models) or the Solow model, there is...",variables_parameters,land,,land changes R versus G and debt-rollover conditions,,,measurement_or_empirical_motivation,"Core claim: Wobbly macro-dynamics describes a rational-expectations economy that infinitely fluctuates without converging or displaying regular periodicity, fundamentally challenging standard RBC and Solow models t...",wobbly dynamics and instability,validated_paraphrase,Source-specific row parsed from Phase 2 cluster evidence map for The Wobbly Economy: Global Dynamics with Phase and State Transitions.,03_notes/clusters/C6_Q04.md,C6,C6_Q04,"- Page(s): 1, 2, 10 - Key passage(s), paraphrased or short quote only: - ""In the Real Business Cycle (RBC) model (or other representative agent models) or the Solow model, there is...",paraphrase,8. Wobbly dynamics,medium
CLM_C6_Q04_008,PDF007,C6_Q04,Hirano_Stiglitz_2022a,"7, 24, 46, 47 - Key passage(s), paraphrased or short quote only: - ""Land crowds out productive capital... higher land prices lead to less capital accumulation. That, in ...",causality,land,,land speculation crowds out productive capital,"Core claim: Introducing land as an alternative asset fundamentally alters macroeconomic dynamics by crowding out productive capital, which lowers wages and output while expanding the conditions under which the econ...",K_t,measurement_or_empirical_motivation,"Core claim: Introducing land as an alternative asset fundamentally alters macroeconomic dynamics by crowding out productive capital, which lowers wages and output while expanding the conditions under which the econ...",land-credit crowding-out,validated_paraphrase,Source-specific row parsed from Phase 2 cluster evidence map for Land Speculation and Wobbly Dynamics with Endogenous Phase Transitions.,03_notes/clusters/C6_Q04.md,C6,C6_Q04,"- Page(s): 7, 24, 46, 47 - Key passage(s), paraphrased or short quote only: - ""Land crowds out productive capital... higher land prices lead to less capital accumulation. That, in ...",paraphrase,3. Conceptual objects,medium
CLM_C6_Q04_009,PDF008,C6_Q04,Hirano_Jinnai_Toda_2024,"2, 3, 9 - Key passage(s), paraphrased or short quote only: - ""Capital investment and land price reinforce each other, with endogenous changes in land rents, generating a...",variables_parameters,land,,land speculation crowds out productive capital,,P_t; D_t/r_t; k_{t+1}; W,measurement_or_empirical_motivation,"Core claim: The model features a powerful financial accelerator where rising land prices increase aggregate wealth, fueling greater capital investment that recursively drives up land rents and asset demand, ultimat...",land-credit crowding-out,validated_paraphrase,"Source-specific row parsed from Phase 2 cluster evidence map for Leverage, Endogenous Unbalanced Growth, and Asset Price Bubbles.",03_notes/clusters/C6_Q04.md,C6,C6_Q04,"- Page(s): 2, 3, 9 - Key passage(s), paraphrased or short quote only: - ""Capital investment and land price reinforce each other, with endogenous changes in land rents, generating a...",paraphrase,3. Conceptual objects,medium
CLM_C6_Q04_010,PDF009,C6_Q04,Stiglitz_2015c,"1, 2, 4, 11 - Key passage(s), paraphrased or short quote only: - ""if wealth (with a growing population, wealth per capita), appropriately measured, was non-decreasing, t...",causality,land,,land speculation crowds out productive capital,"Core claim: Standard wealth metrics fail to accurately assess economic sustainability because they conflate non-productive asset inflation (like land and capitalized monopoly rents) with true productive capital, wh...",D_t/r_t; K_t; W,measurement_or_empirical_motivation,"Core claim: Standard wealth metrics fail to accurately assess economic sustainability because they conflate non-productive asset inflation (like land and capitalized monopoly rents) with true productive capital, wh...",land-credit crowding-out,validated_paraphrase,"Source-specific row parsed from Phase 2 cluster evidence map for The Measurement of Wealth: Recessions, Sustainability and Inequality.",03_notes/clusters/C6_Q04.md,C6,C6_Q04,"- Page(s): 1, 2, 4, 11 - Key passage(s), paraphrased or short quote only: - ""if wealth (with a growing population, wealth per capita), appropriately measured, was non-decreasing, t...",paraphrase,3. Conceptual objects,medium
CLM_C6_Q04_011,PDF010,C6_Q04,Stiglitz_2015b,"16, 17, 18 - Key passage(s), paraphrased or short quote only: - ""It is the decision of the banks (the central bank) concerning credit availability that drives the price ...",variables_parameters,land,,real-estate credit amplifies land-price inflation,,P_t; collateral parameter; W,measurement_or_empirical_motivation,"Core claim: Part IV explains the ""wealth residual"" by showing that credit expansion, explicitly secured by land collateral, artificially inflates land prices and measured wealth while contributing nothing to—and po...",land-credit crowding-out,validated_paraphrase,Source-specific row parsed from Phase 2 cluster evidence map for New Theoretical Perspectives on the Distribution of Income and Wealth among Individuals: Part IV: Land and Credit.,03_notes/clusters/C6_Q04.md,C6,C6_Q04,"- Page(s): 16, 17, 18 - Key passage(s), paraphrased or short quote only: - ""It is the decision of the banks (the central bank) concerning credit availability that drives the price ...",paraphrase,3. Conceptual objects,medium
CLM_C6_Q04_012,PDF011,C6_Q04,Stiglitz_2015a,"10, 11, 28 - Key passage(s), paraphrased or short quote only: - ""If these numbers were accurate, the observed increase in wealth income ratios must come from somewhere e...",variables_parameters,land,,land changes R versus G and debt-rollover conditions,,W,measurement_or_empirical_motivation,"Core claim: The wealth residual represents the massive gap between the observed surge in aggregate wealth and the actual, much lower rate of real capital accumulation dictated by national savings data, indicating t...",land-credit crowding-out,validated_paraphrase,Source-specific row parsed from Phase 2 cluster evidence map for New Theoretical Perspectives on the Distribution of Income and Wealth among Individuals: Part I. The Wealth Residual.,03_notes/clusters/C6_Q04.md,C6,C6_Q04,"- Page(s): 10, 11, 28 - Key passage(s), paraphrased or short quote only: - ""If these numbers were accurate, the observed increase in wealth income ratios must come from somewhere e...",paraphrase,3. Conceptual objects,medium
CLM_C6_Q04_013,PDF012,C6_Q04,Toda_2025,"1, 2, 3 - Key passage(s), paraphrased or short quote only: - ""Skeptics of rational land or housing bubbles have claimed that bubbles do not exist on the basis of the sup...",variables_parameters,land,,leverage creates land-bubble phase transition,,D_t/r_t,measurement_or_empirical_motivation,"Core claim: The paper refutes the empirical objection that stationary housing rent-yields rule out rational bubbles, demonstrating that land bubbles inevitably emerge even when the aggregate housing rent-to-price r...",land-credit crowding-out,validated_paraphrase,Source-specific row parsed from Phase 2 cluster evidence map for Land Bubbles Despite Non-Vanishing Rents.,03_notes/clusters/C6_Q04.md,C6,C6_Q04,"- Page(s): 1, 2, 3 - Key passage(s), paraphrased or short quote only: - ""Skeptics of rational land or housing bubbles have claimed that bubbles do not exist on the basis of the sup...",paraphrase,1. Introduction,medium
CLM_C6_Q04_014,PDF013,C6_Q04,Hirano_Stiglitz_2024_stored2021,"1, 15, 33, 38 - Key passage(s), paraphrased or short quote only: - ""We show that it is not so much aggregate credit expansion that matters for long-run productivity and ...",variables_parameters,land,,real-estate credit amplifies land-price inflation,,,measurement_or_empirical_motivation,"Core claim: The sectoral-credit hypothesis asserts that credit expansions enhance long-run economic growth only when directed to productive sectors (like manufacturing), whereas credit expansions directed toward re...",land-credit crowding-out,validated_paraphrase,"Source-specific row parsed from Phase 2 cluster evidence map for Credit, Land Speculation, and Long-Run Economic Growth.",03_notes/clusters/C6_Q04.md,C6,C6_Q04,"- Page(s): 1, 15, 33, 38 - Key passage(s), paraphrased or short quote only: - ""We show that it is not so much aggregate credit expansion that matters for long-run productivity and ...",paraphrase,5. Mechanism II,medium
CLM_C6_Q04_015,PDF014,C6_Q04,Hirano_Toda_2026,"4 - Key passage(s), paraphrased or short quote only: - ""Of course, it should be noted that incorporating various realistic factors may make $R < G$ possible under balanc...",causality,land,,land changes R versus G and debt-rollover conditions,"Core claim: The CIGS version adds an explicit critique of the $R < G$ heuristic, arguing that even if market frictions allow $R < G$ in a land model, the simple $G$ versus $R$ condition loses its theoretical cohere...",,measurement_or_empirical_motivation,"Core claim: The CIGS version adds an explicit critique of the $R < G$ heuristic, arguing that even if market frictions allow $R < G$ in a land model, the simple $G$ versus $R$ condition loses its theoretical cohere...",land-credit crowding-out,validated_paraphrase,"Source-specific row parsed from Phase 2 cluster evidence map for Land, G versus R, and Infinite Debt Rollover.",03_notes/clusters/C6_Q04.md,C6,C6_Q04,"- Page(s): 4 - Key passage(s), paraphrased or short quote only: - ""Of course, it should be noted that incorporating various realistic factors may make $R < G$ possible under balanc...",paraphrase,1. Introduction,medium
CLM_C6_Q05_001,MULTI,C6_Q05,cluster_synthesis,,variables_parameters,land,,unbalanced growth separates land prices from rents,,D_t/r_t,model_based_synthesis,"Here is the cluster-level literature synthesis for the Fondecyt project on land-rent financialization, focusing on alternative theoretical literatures to complement the neoclassical/OLG baseline.",Latin American applicability,needs_page,"Cluster-level synthesis. Related sources: [""PDF001"", ""PDF002"", ""PDF003"", ""PDF004"", ""PDF005"", ""PDF006"", ""PDF007"", ""PDF008"", ""PDF009"", ""PDF010"", ""PDF011"", ""PDF012"", ""PDF013"", ""PDF014""]. C6 all-source inference applies if cluster_id is C6.",03_notes/clusters/C6_Q05.md,C6,C6_Q05,[NOTEBOOKLM_CLUSTER],paraphrase,1. Introduction,low
CLM_C6_Q05_002,PDF001,C6_Q05,Hirano_Toda_2025b,"1, 3, 4 - Key passage(s), paraphrased or short quote only: - ""To explain this apparent disconnection between land output and land value... we theoretically study the lon...",variables_parameters,land,,real-estate credit amplifies land-price inflation,,P_t,measurement_or_empirical_motivation,"Core claim: The paper explains the disconnection between declining land output and persistently high land values through the inevitable emergence of ""land overvaluation,"" where land prices are driven by its role as...",land overvaluation theorem,validated_paraphrase,Source-specific row parsed from Phase 2 cluster evidence map for Unbalanced Growth and Land Overvaluation.,03_notes/clusters/C6_Q05.md,C6,C6_Q05,"- Page(s): 1, 3, 4 - Key passage(s), paraphrased or short quote only: - ""To explain this apparent disconnection between land output and land value... we theoretically study the lon...",paraphrase,6. Mechanism III,medium
CLM_C6_Q05_003,PDF002,C6_Q05,Hirano_Toda_2025a,"1, 2, 16, 17 - Key passage(s), paraphrased or short quote only: - ""Since McCallum (1987), it is well known that in an overlapping generations (OLG) economy with land, th...",causality,land,,land changes R versus G and debt-rollover conditions,"Core claim: The paper refutes the conventional McCallum/Homburg claim that land unconditionally guarantees Pareto efficiency ($RG$), proving that their result depends on knife-edge balanced-growth restrictions and...",,measurement_or_empirical_motivation,"Core claim: The paper refutes the conventional McCallum/Homburg claim that land unconditionally guarantees Pareto efficiency ($RG$), proving that their result depends on knife-edge balanced-growth restrictions and...",land-credit crowding-out,validated_paraphrase,Source-specific row parsed from Phase 2 cluster evidence map for Land and Infinite Debt Rollover.,03_notes/clusters/C6_Q05.md,C6,C6_Q05,"- Page(s): 1, 2, 16, 17 - Key passage(s), paraphrased or short quote only: - ""Since McCallum (1987), it is well known that in an overlapping generations (OLG) economy with land, th...",paraphrase,1. Introduction,medium
CLM_C6_Q05_004,PDF003,C6_Q05,Hirano_Stiglitz_2025c,"1 - Key passage(s), paraphrased or short quote only: ""rapid expansion in credit systematically predicts growth slowdowns. The credit expansion of the early part of this ...",variables_parameters,land,,land speculation crowds out productive capital,,k_{t+1},measurement_or_empirical_motivation,"Core claim: The macroeconomic impact of a credit boom depends strictly on its sectoral composition, as credit expansions directed toward real estate systematically crowd out productive commercial investment and ret...",land-credit crowding-out,validated_paraphrase,"Source-specific row parsed from Phase 2 cluster evidence map for Credit, Land Speculation, and Low-Interest-Rate Policy.",03_notes/clusters/C6_Q05.md,C6,C6_Q05,"- Page(s): 1 - Key passage(s), paraphrased or short quote only: ""rapid expansion in credit systematically predicts growth slowdowns. The credit expansion of the early part of this ...",paraphrase,4. Mechanism I,medium
CLM_C6_Q05_005,PDF004,C6_Q05,Hirano_Stiglitz_2025b,"3, 4, 9, 17, 34, 49 - Key passage(s), paraphrased or short quote only: - ""This paper is meant to provide an overview of the research program, providing the simplest mode...",variables_parameters,land,,real-estate credit amplifies land-price inflation,,,measurement_or_empirical_motivation,"Core claim: The paper organizes a four-part theoretical research program demonstrating that market economies are intrinsically prone to expectation-driven instability, and that the presence of land and credit frict...",land-credit crowding-out,validated_paraphrase,Source-specific row parsed from Phase 2 cluster evidence map for Growth and Fluctuations Economies with Land Speculation.,03_notes/clusters/C6_Q05.md,C6,C6_Q05,"- Page(s): 3, 4, 9, 17, 34, 49 - Key passage(s), paraphrased or short quote only: - ""This paper is meant to provide an overview of the research program, providing the simplest mode...",paraphrase,5. Mechanism II,medium
CLM_C6_Q05_006,PDF005,C6_Q05,Hirano_Stiglitz_2025a,"327, 329, 335, 345 - Key passage(s), paraphrased or short quote only: - ""We analyse the effects of land taxation in a way that goes beyond the suggestion by Henry George...",variables_parameters,land,,land speculation crowds out productive capital,,K_t,measurement_or_empirical_motivation,"Core claim: The Henry George question is reconstructed to analyze how land speculation dynamically crowds out productive capital in endogenous growth models, proving that Georgist land taxation and strict financial...",policy / taxation / regulation,validated_paraphrase,"Source-specific row parsed from Phase 2 cluster evidence map for Henry George, Land Speculation, and Economic Growth and Transformation.",03_notes/clusters/C6_Q05.md,C6,C6_Q05,"- Page(s): 327, 329, 335, 345 - Key passage(s), paraphrased or short quote only: - ""We analyse the effects of land taxation in a way that goes beyond the suggestion by Henry George...",paraphrase,3. Conceptual objects,medium
CLM_C6_Q05_007,PDF006,C6_Q05,Hirano_Stiglitz_2022b,"1, 2, 10 - Key passage(s), paraphrased or short quote only: - ""In the Real Business Cycle (RBC) model (or other representative agent models) or the Solow model, there is...",variables_parameters,land,,land changes R versus G and debt-rollover conditions,,,measurement_or_empirical_motivation,"Core claim: Wobbly macro-dynamics describes a rational-expectations economy that infinitely fluctuates without converging or displaying regular periodicity, fundamentally challenging standard RBC and Solow models t...",wobbly dynamics and instability,validated_paraphrase,Source-specific row parsed from Phase 2 cluster evidence map for The Wobbly Economy: Global Dynamics with Phase and State Transitions.,03_notes/clusters/C6_Q05.md,C6,C6_Q05,"- Page(s): 1, 2, 10 - Key passage(s), paraphrased or short quote only: - ""In the Real Business Cycle (RBC) model (or other representative agent models) or the Solow model, there is...",paraphrase,8. Wobbly dynamics,medium
CLM_C6_Q05_008,PDF007,C6_Q05,Hirano_Stiglitz_2022a,"7, 24, 46, 47 - Key passage(s), paraphrased or short quote only: - ""Land crowds out productive capital... higher land prices lead to less capital accumulation. That, in ...",causality,land,,land speculation crowds out productive capital,"Core claim: Introducing land as an alternative asset fundamentally alters macroeconomic dynamics by crowding out productive capital, which lowers wages and output while expanding the conditions under which the econ...",K_t,measurement_or_empirical_motivation,"Core claim: Introducing land as an alternative asset fundamentally alters macroeconomic dynamics by crowding out productive capital, which lowers wages and output while expanding the conditions under which the econ...",land-credit crowding-out,validated_paraphrase,Source-specific row parsed from Phase 2 cluster evidence map for Land Speculation and Wobbly Dynamics with Endogenous Phase Transitions.,03_notes/clusters/C6_Q05.md,C6,C6_Q05,"- Page(s): 7, 24, 46, 47 - Key passage(s), paraphrased or short quote only: - ""Land crowds out productive capital... higher land prices lead to less capital accumulation. That, in ...",paraphrase,3. Conceptual objects,medium
CLM_C6_Q05_009,PDF008,C6_Q05,Hirano_Jinnai_Toda_2024,"2, 3, 9 - Key passage(s), paraphrased or short quote only: - ""Capital investment and land price reinforce each other, with endogenous changes in land rents, generating a...",variables_parameters,land,,land speculation crowds out productive capital,,P_t; D_t/r_t; k_{t+1}; W,measurement_or_empirical_motivation,"Core claim: The model features a powerful financial accelerator where rising land prices increase aggregate wealth, fueling greater capital investment that recursively drives up land rents and asset demand, ultimat...",land-credit crowding-out,validated_paraphrase,"Source-specific row parsed from Phase 2 cluster evidence map for Leverage, Endogenous Unbalanced Growth, and Asset Price Bubbles.",03_notes/clusters/C6_Q05.md,C6,C6_Q05,"- Page(s): 2, 3, 9 - Key passage(s), paraphrased or short quote only: - ""Capital investment and land price reinforce each other, with endogenous changes in land rents, generating a...",paraphrase,3. Conceptual objects,medium
CLM_C6_Q05_010,PDF009,C6_Q05,Stiglitz_2015c,"1, 2, 4, 11 - Key passage(s), paraphrased or short quote only: - ""if wealth (with a growing population, wealth per capita), appropriately measured, was non-decreasing, t...",causality,land,,land speculation crowds out productive capital,"Core claim: Standard wealth metrics fail to accurately assess economic sustainability because they conflate non-productive asset inflation (like land and capitalized monopoly rents) with true productive capital, wh...",D_t/r_t; K_t; W,measurement_or_empirical_motivation,"Core claim: Standard wealth metrics fail to accurately assess economic sustainability because they conflate non-productive asset inflation (like land and capitalized monopoly rents) with true productive capital, wh...",land-credit crowding-out,validated_paraphrase,"Source-specific row parsed from Phase 2 cluster evidence map for The Measurement of Wealth: Recessions, Sustainability and Inequality.",03_notes/clusters/C6_Q05.md,C6,C6_Q05,"- Page(s): 1, 2, 4, 11 - Key passage(s), paraphrased or short quote only: - ""if wealth (with a growing population, wealth per capita), appropriately measured, was non-decreasing, t...",paraphrase,3. Conceptual objects,medium
CLM_C6_Q05_011,PDF010,C6_Q05,Stiglitz_2015b,"16, 17, 18 - Key passage(s), paraphrased or short quote only: - ""It is the decision of the banks (the central bank) concerning credit availability that drives the price ...",variables_parameters,land,,real-estate credit amplifies land-price inflation,,P_t; collateral parameter; W,measurement_or_empirical_motivation,"Core claim: Part IV explains the ""wealth residual"" by showing that credit expansion, explicitly secured by land collateral, artificially inflates land prices and measured wealth while contributing nothing to—and po...",land-credit crowding-out,validated_paraphrase,Source-specific row parsed from Phase 2 cluster evidence map for New Theoretical Perspectives on the Distribution of Income and Wealth among Individuals: Part IV: Land and Credit.,03_notes/clusters/C6_Q05.md,C6,C6_Q05,"- Page(s): 16, 17, 18 - Key passage(s), paraphrased or short quote only: - ""It is the decision of the banks (the central bank) concerning credit availability that drives the price ...",paraphrase,3. Conceptual objects,medium
CLM_C6_Q05_012,PDF011,C6_Q05,Stiglitz_2015a,"10, 11, 28 - Key passage(s), paraphrased or short quote only: - ""If these numbers were accurate, the observed increase in wealth income ratios must come from somewhere e...",variables_parameters,land,,land changes R versus G and debt-rollover conditions,,W,measurement_or_empirical_motivation,"Core claim: The wealth residual represents the massive gap between the observed surge in aggregate wealth and the actual, much lower rate of real capital accumulation dictated by national savings data, indicating t...",land-credit crowding-out,validated_paraphrase,Source-specific row parsed from Phase 2 cluster evidence map for New Theoretical Perspectives on the Distribution of Income and Wealth among Individuals: Part I. The Wealth Residual.,03_notes/clusters/C6_Q05.md,C6,C6_Q05,"- Page(s): 10, 11, 28 - Key passage(s), paraphrased or short quote only: - ""If these numbers were accurate, the observed increase in wealth income ratios must come from somewhere e...",paraphrase,3. Conceptual objects,medium
CLM_C6_Q05_013,PDF012,C6_Q05,Toda_2025,"1, 2, 3 - Key passage(s), paraphrased or short quote only: - ""Skeptics of rational land or housing bubbles have claimed that bubbles do not exist on the basis of the sup...",variables_parameters,land,,leverage creates land-bubble phase transition,,D_t/r_t,measurement_or_empirical_motivation,"Core claim: The paper refutes the empirical objection that stationary housing rent-yields rule out rational bubbles, demonstrating that land bubbles inevitably emerge even when the aggregate housing rent-to-price r...",land-credit crowding-out,validated_paraphrase,Source-specific row parsed from Phase 2 cluster evidence map for Land Bubbles Despite Non-Vanishing Rents.,03_notes/clusters/C6_Q05.md,C6,C6_Q05,"- Page(s): 1, 2, 3 - Key passage(s), paraphrased or short quote only: - ""Skeptics of rational land or housing bubbles have claimed that bubbles do not exist on the basis of the sup...",paraphrase,1. Introduction,medium
CLM_C6_Q05_014,PDF013,C6_Q05,Hirano_Stiglitz_2024_stored2021,"1, 15, 33, 38 - Key passage(s), paraphrased or short quote only: - ""We show that it is not so much aggregate credit expansion that matters for long-run productivity and ...",variables_parameters,land,,real-estate credit amplifies land-price inflation,,,measurement_or_empirical_motivation,"Core claim: The sectoral-credit hypothesis asserts that credit expansions enhance long-run economic growth only when directed to productive sectors (like manufacturing), whereas credit expansions directed toward re...",land-credit crowding-out,validated_paraphrase,"Source-specific row parsed from Phase 2 cluster evidence map for Credit, Land Speculation, and Long-Run Economic Growth.",03_notes/clusters/C6_Q05.md,C6,C6_Q05,"- Page(s): 1, 15, 33, 38 - Key passage(s), paraphrased or short quote only: - ""We show that it is not so much aggregate credit expansion that matters for long-run productivity and ...",paraphrase,5. Mechanism II,medium
CLM_C6_Q05_015,PDF014,C6_Q05,Hirano_Toda_2026,"4 - Key passage(s), paraphrased or short quote only: - ""Of course, it should be noted that incorporating various realistic factors may make $R < G$ possible under balanc...",causality,land,,land changes R versus G and debt-rollover conditions,"Core claim: The CIGS version adds an explicit critique of the $R < G$ heuristic, arguing that even if market frictions allow $R < G$ in a land model, the simple $G$ versus $R$ condition loses its theoretical cohere...",,measurement_or_empirical_motivation,"Core claim: The CIGS version adds an explicit critique of the $R < G$ heuristic, arguing that even if market frictions allow $R < G$ in a land model, the simple $G$ versus $R$ condition loses its theoretical cohere...",land-credit crowding-out,validated_paraphrase,"Source-specific row parsed from Phase 2 cluster evidence map for Land, G versus R, and Infinite Debt Rollover.",03_notes/clusters/C6_Q05.md,C6,C6_Q05,"- Page(s): 4 - Key passage(s), paraphrased or short quote only: - ""Of course, it should be noted that incorporating various realistic factors may make $R < G$ possible under balanc...",paraphrase,1. Introduction,medium
CLM_C6_Q06_001,MULTI,C6_Q06,cluster_synthesis,,variables_parameters,land,,land changes R versus G and debt-rollover conditions,,,model_based_synthesis,"Here is a concise synthesis outlining the final 5–15 page memo architecture based on the selected sources, structured for the Fondecyt project.",Latin American applicability,needs_page,"Cluster-level synthesis. Related sources: [""PDF001"", ""PDF002"", ""PDF003"", ""PDF004"", ""PDF005"", ""PDF006"", ""PDF007"", ""PDF008"", ""PDF009"", ""PDF010"", ""PDF011"", ""PDF012"", ""PDF013"", ""PDF014""]. C6 all-source inference applies if cluster_id is C6.",03_notes/clusters/C6_Q06.md,C6,C6_Q06,[NOTEBOOKLM_CLUSTER],paraphrase,1. Introduction,low
CLM_C6_Q06_002,PDF001,C6_Q06,Hirano_Toda_2025b,"1, 3, 4 - Key passage(s), paraphrased or short quote only: - ""To explain this apparent disconnection between land output and land value... we theoretically study the lon...",variables_parameters,land,,real-estate credit amplifies land-price inflation,,P_t,measurement_or_empirical_motivation,"Core claim: The paper explains the disconnection between declining land output and persistently high land values through the inevitable emergence of ""land overvaluation,"" where land prices are driven by its role as...",land overvaluation theorem,validated_paraphrase,Source-specific row parsed from Phase 2 cluster evidence map for Unbalanced Growth and Land Overvaluation.,03_notes/clusters/C6_Q06.md,C6,C6_Q06,"- Page(s): 1, 3, 4 - Key passage(s), paraphrased or short quote only: - ""To explain this apparent disconnection between land output and land value... we theoretically study the lon...",paraphrase,6. Mechanism III,medium
CLM_C6_Q06_003,PDF002,C6_Q06,Hirano_Toda_2025a,"1, 2, 16, 17 - Key passage(s), paraphrased or short quote only: - ""Since McCallum (1987), it is well known that in an overlapping generations (OLG) economy with land, th...",causality,land,,land changes R versus G and debt-rollover conditions,"Core claim: The paper refutes the conventional McCallum/Homburg claim that land unconditionally guarantees Pareto efficiency ($RG$), proving that their result depends on knife-edge balanced-growth restrictions and...",,measurement_or_empirical_motivation,"Core claim: The paper refutes the conventional McCallum/Homburg claim that land unconditionally guarantees Pareto efficiency ($RG$), proving that their result depends on knife-edge balanced-growth restrictions and...",land-credit crowding-out,validated_paraphrase,Source-specific row parsed from Phase 2 cluster evidence map for Land and Infinite Debt Rollover.,03_notes/clusters/C6_Q06.md,C6,C6_Q06,"- Page(s): 1, 2, 16, 17 - Key passage(s), paraphrased or short quote only: - ""Since McCallum (1987), it is well known that in an overlapping generations (OLG) economy with land, th...",paraphrase,1. Introduction,medium
CLM_C6_Q06_004,PDF003,C6_Q06,Hirano_Stiglitz_2025c,"1 - Key passage(s), paraphrased or short quote only: ""rapid expansion in credit systematically predicts growth slowdowns. The credit expansion of the early part of this ...",variables_parameters,land,,land speculation crowds out productive capital,,k_{t+1},measurement_or_empirical_motivation,"Core claim: The macroeconomic impact of a credit boom depends strictly on its sectoral composition, as credit expansions directed toward real estate systematically crowd out productive commercial investment and ret...",land-credit crowding-out,validated_paraphrase,"Source-specific row parsed from Phase 2 cluster evidence map for Credit, Land Speculation, and Low-Interest-Rate Policy.",03_notes/clusters/C6_Q06.md,C6,C6_Q06,"- Page(s): 1 - Key passage(s), paraphrased or short quote only: ""rapid expansion in credit systematically predicts growth slowdowns. The credit expansion of the early part of this ...",paraphrase,4. Mechanism I,medium
CLM_C6_Q06_005,PDF004,C6_Q06,Hirano_Stiglitz_2025b,"3, 4, 9, 17, 34, 49 - Key passage(s), paraphrased or short quote only: - ""This paper is meant to provide an overview of the research program, providing the simplest mode...",variables_parameters,land,,real-estate credit amplifies land-price inflation,,,measurement_or_empirical_motivation,"Core claim: The paper organizes a four-part theoretical research program demonstrating that market economies are intrinsically prone to expectation-driven instability, and that the presence of land and credit frict...",land-credit crowding-out,validated_paraphrase,Source-specific row parsed from Phase 2 cluster evidence map for Growth and Fluctuations Economies with Land Speculation.,03_notes/clusters/C6_Q06.md,C6,C6_Q06,"- Page(s): 3, 4, 9, 17, 34, 49 - Key passage(s), paraphrased or short quote only: - ""This paper is meant to provide an overview of the research program, providing the simplest mode...",paraphrase,5. Mechanism II,medium
CLM_C6_Q06_006,PDF005,C6_Q06,Hirano_Stiglitz_2025a,"327, 329, 335, 345 - Key passage(s), paraphrased or short quote only: - ""We analyse the effects of land taxation in a way that goes beyond the suggestion by Henry George...",variables_parameters,land,,land speculation crowds out productive capital,,K_t,measurement_or_empirical_motivation,"Core claim: The Henry George question is reconstructed to analyze how land speculation dynamically crowds out productive capital in endogenous growth models, proving that Georgist land taxation and strict financial...",policy / taxation / regulation,validated_paraphrase,"Source-specific row parsed from Phase 2 cluster evidence map for Henry George, Land Speculation, and Economic Growth and Transformation.",03_notes/clusters/C6_Q06.md,C6,C6_Q06,"- Page(s): 327, 329, 335, 345 - Key passage(s), paraphrased or short quote only: - ""We analyse the effects of land taxation in a way that goes beyond the suggestion by Henry George...",paraphrase,3. Conceptual objects,medium
CLM_C6_Q06_007,PDF006,C6_Q06,Hirano_Stiglitz_2022b,"1, 2, 10 - Key passage(s), paraphrased or short quote only: - ""In the Real Business Cycle (RBC) model (or other representative agent models) or the Solow model, there is...",variables_parameters,land,,land changes R versus G and debt-rollover conditions,,,measurement_or_empirical_motivation,"Core claim: Wobbly macro-dynamics describes a rational-expectations economy that infinitely fluctuates without converging or displaying regular periodicity, fundamentally challenging standard RBC and Solow models t...",wobbly dynamics and instability,validated_paraphrase,Source-specific row parsed from Phase 2 cluster evidence map for The Wobbly Economy: Global Dynamics with Phase and State Transitions.,03_notes/clusters/C6_Q06.md,C6,C6_Q06,"- Page(s): 1, 2, 10 - Key passage(s), paraphrased or short quote only: - ""In the Real Business Cycle (RBC) model (or other representative agent models) or the Solow model, there is...",paraphrase,8. Wobbly dynamics,medium
CLM_C6_Q06_008,PDF007,C6_Q06,Hirano_Stiglitz_2022a,"7, 24, 46, 47 - Key passage(s), paraphrased or short quote only: - ""Land crowds out productive capital... higher land prices lead to less capital accumulation. That, in ...",causality,land,,land speculation crowds out productive capital,"Core claim: Introducing land as an alternative asset fundamentally alters macroeconomic dynamics by crowding out productive capital, which lowers wages and output while expanding the conditions under which the econ...",K_t,measurement_or_empirical_motivation,"Core claim: Introducing land as an alternative asset fundamentally alters macroeconomic dynamics by crowding out productive capital, which lowers wages and output while expanding the conditions under which the econ...",land-credit crowding-out,validated_paraphrase,Source-specific row parsed from Phase 2 cluster evidence map for Land Speculation and Wobbly Dynamics with Endogenous Phase Transitions.,03_notes/clusters/C6_Q06.md,C6,C6_Q06,"- Page(s): 7, 24, 46, 47 - Key passage(s), paraphrased or short quote only: - ""Land crowds out productive capital... higher land prices lead to less capital accumulation. That, in ...",paraphrase,3. Conceptual objects,medium
CLM_C6_Q06_009,PDF008,C6_Q06,Hirano_Jinnai_Toda_2024,"2, 3, 9 - Key passage(s), paraphrased or short quote only: - ""Capital investment and land price reinforce each other, with endogenous changes in land rents, generating a...",variables_parameters,land,,land speculation crowds out productive capital,,P_t; D_t/r_t; k_{t+1}; W,measurement_or_empirical_motivation,"Core claim: The model features a powerful financial accelerator where rising land prices increase aggregate wealth, fueling greater capital investment that recursively drives up land rents and asset demand, ultimat...",land-credit crowding-out,validated_paraphrase,"Source-specific row parsed from Phase 2 cluster evidence map for Leverage, Endogenous Unbalanced Growth, and Asset Price Bubbles.",03_notes/clusters/C6_Q06.md,C6,C6_Q06,"- Page(s): 2, 3, 9 - Key passage(s), paraphrased or short quote only: - ""Capital investment and land price reinforce each other, with endogenous changes in land rents, generating a...",paraphrase,3. Conceptual objects,medium
CLM_C6_Q06_010,PDF009,C6_Q06,Stiglitz_2015c,"1, 2, 4, 11 - Key passage(s), paraphrased or short quote only: - ""if wealth (with a growing population, wealth per capita), appropriately measured, was non-decreasing, t...",causality,land,,land speculation crowds out productive capital,"Core claim: Standard wealth metrics fail to accurately assess economic sustainability because they conflate non-productive asset inflation (like land and capitalized monopoly rents) with true productive capital, wh...",D_t/r_t; K_t; W,measurement_or_empirical_motivation,"Core claim: Standard wealth metrics fail to accurately assess economic sustainability because they conflate non-productive asset inflation (like land and capitalized monopoly rents) with true productive capital, wh...",land-credit crowding-out,validated_paraphrase,"Source-specific row parsed from Phase 2 cluster evidence map for The Measurement of Wealth: Recessions, Sustainability and Inequality.",03_notes/clusters/C6_Q06.md,C6,C6_Q06,"- Page(s): 1, 2, 4, 11 - Key passage(s), paraphrased or short quote only: - ""if wealth (with a growing population, wealth per capita), appropriately measured, was non-decreasing, t...",paraphrase,3. Conceptual objects,medium
CLM_C6_Q06_011,PDF010,C6_Q06,Stiglitz_2015b,"16, 17, 18 - Key passage(s), paraphrased or short quote only: - ""It is the decision of the banks (the central bank) concerning credit availability that drives the price ...",variables_parameters,land,,real-estate credit amplifies land-price inflation,,P_t; collateral parameter; W,measurement_or_empirical_motivation,"Core claim: Part IV explains the ""wealth residual"" by showing that credit expansion, explicitly secured by land collateral, artificially inflates land prices and measured wealth while contributing nothing to—and po...",land-credit crowding-out,validated_paraphrase,Source-specific row parsed from Phase 2 cluster evidence map for New Theoretical Perspectives on the Distribution of Income and Wealth among Individuals: Part IV: Land and Credit.,03_notes/clusters/C6_Q06.md,C6,C6_Q06,"- Page(s): 16, 17, 18 - Key passage(s), paraphrased or short quote only: - ""It is the decision of the banks (the central bank) concerning credit availability that drives the price ...",paraphrase,3. Conceptual objects,medium
CLM_C6_Q06_012,PDF011,C6_Q06,Stiglitz_2015a,"10, 11, 28 - Key passage(s), paraphrased or short quote only: - ""If these numbers were accurate, the observed increase in wealth income ratios must come from somewhere e...",variables_parameters,land,,land changes R versus G and debt-rollover conditions,,W,measurement_or_empirical_motivation,"Core claim: The wealth residual represents the massive gap between the observed surge in aggregate wealth and the actual, much lower rate of real capital accumulation dictated by national savings data, indicating t...",land-credit crowding-out,validated_paraphrase,Source-specific row parsed from Phase 2 cluster evidence map for New Theoretical Perspectives on the Distribution of Income and Wealth among Individuals: Part I. The Wealth Residual.,03_notes/clusters/C6_Q06.md,C6,C6_Q06,"- Page(s): 10, 11, 28 - Key passage(s), paraphrased or short quote only: - ""If these numbers were accurate, the observed increase in wealth income ratios must come from somewhere e...",paraphrase,3. Conceptual objects,medium
CLM_C6_Q06_013,PDF012,C6_Q06,Toda_2025,"1, 2, 3 - Key passage(s), paraphrased or short quote only: - ""Skeptics of rational land or housing bubbles have claimed that bubbles do not exist on the basis of the sup...",variables_parameters,land,,leverage creates land-bubble phase transition,,D_t/r_t,measurement_or_empirical_motivation,"Core claim: The paper refutes the empirical objection that stationary housing rent-yields rule out rational bubbles, demonstrating that land bubbles inevitably emerge even when the aggregate housing rent-to-price r...",land-credit crowding-out,validated_paraphrase,Source-specific row parsed from Phase 2 cluster evidence map for Land Bubbles Despite Non-Vanishing Rents.,03_notes/clusters/C6_Q06.md,C6,C6_Q06,"- Page(s): 1, 2, 3 - Key passage(s), paraphrased or short quote only: - ""Skeptics of rational land or housing bubbles have claimed that bubbles do not exist on the basis of the sup...",paraphrase,1. Introduction,medium
CLM_C6_Q06_014,PDF013,C6_Q06,Hirano_Stiglitz_2024_stored2021,"1, 15, 33, 38 - Key passage(s), paraphrased or short quote only: - ""We show that it is not so much aggregate credit expansion that matters for long-run productivity and ...",variables_parameters,land,,real-estate credit amplifies land-price inflation,,,measurement_or_empirical_motivation,"Core claim: The sectoral-credit hypothesis asserts that credit expansions enhance long-run economic growth only when directed to productive sectors (like manufacturing), whereas credit expansions directed toward re...",land-credit crowding-out,validated_paraphrase,"Source-specific row parsed from Phase 2 cluster evidence map for Credit, Land Speculation, and Long-Run Economic Growth.",03_notes/clusters/C6_Q06.md,C6,C6_Q06,"- Page(s): 1, 15, 33, 38 - Key passage(s), paraphrased or short quote only: - ""We show that it is not so much aggregate credit expansion that matters for long-run productivity and ...",paraphrase,5. Mechanism II,medium
CLM_C6_Q06_015,PDF014,C6_Q06,Hirano_Toda_2026,"4 - Key passage(s), paraphrased or short quote only: - ""Of course, it should be noted that incorporating various realistic factors may make $R < G$ possible under balanc...",causality,land,,land changes R versus G and debt-rollover conditions,"Core claim: The CIGS version adds an explicit critique of the $R < G$ heuristic, arguing that even if market frictions allow $R < G$ in a land model, the simple $G$ versus $R$ condition loses its theoretical cohere...",,measurement_or_empirical_motivation,"Core claim: The CIGS version adds an explicit critique of the $R < G$ heuristic, arguing that even if market frictions allow $R < G$ in a land model, the simple $G$ versus $R$ condition loses its theoretical cohere...",land-credit crowding-out,validated_paraphrase,"Source-specific row parsed from Phase 2 cluster evidence map for Land, G versus R, and Infinite Debt Rollover.",03_notes/clusters/C6_Q06.md,C6,C6_Q06,"- Page(s): 4 - Key passage(s), paraphrased or short quote only: - ""Of course, it should be noted that incorporating various realistic factors may make $R < G$ possible under balanc...",paraphrase,1. Introduction,medium
CLM_PDF001_Q01_001,PDF001,PDF001_Q01,Hirano_Toda_2025b,"1, 3, 4",variables_parameters,land,,real-estate credit amplifies land-price inflation,,P_t; D_t/r_t,model_based_synthesis,"The paper explains the disconnection between declining land output and persistently high land values through the inevitable emergence of ""land overvaluation,"" where land prices are driven by its role as a savings vehicle rather than its fundamental productive rents.",land overvaluation theorem,validated_paraphrase,NotebookLM-backed paraphrase from completed note; verify exact wording before final quotation.,03_notes/questions/PDF001_Q01.md,C4,,"- Page(s): 1, 3, 4 - Key passage(s), paraphrased or short quote only: - ""To explain this apparent disconnection between land output and land value... we theoretically study the long-run behavior of land prices and identify economic conditions under which land becomes overvalued relative to the fundamentals defined by the present value of land rents."" - ""This paper theoretically studies the long-run behavior of land prices in modern economies where the importance of land as a factor of production diminishes, yet, land remains to play a significant role as a store of value.""",paraphrase,6. Mechanism III,medium
CLM_PDF001_Q01_002,PDF001,PDF001_Q01,Hirano_Toda_2025b,"1, 3, 4",variables_parameters,land,,unbalanced growth separates land prices from rents,,elasticity of substitution,formal_model_result,"Theorem 1 (Land Overvaluation Theorem), proving that if $\sigma 1$ and $E{0}\sum{t=1}^{\infty}(A{Ht}/A{Xt})^{1/\sigma-1}<\infty$, land overvaluation necessarily emerges in equilibrium.",land overvaluation theorem,validated_paraphrase,NotebookLM-backed paraphrase from completed note; verify exact wording before final quotation.,03_notes/questions/PDF001_Q01.md,C4,,"- Page(s): 1, 3, 4 - Key passage(s), paraphrased or short quote only: - ""To explain this apparent disconnection between land output and land value... we theoretically study the long-run behavior of land prices and identify economic conditions under which land becomes overvalued relative to the fundamentals defined by the present value of land rents."" - ""This paper theoretically studies the long-run behavior of land prices in modern economies where the importance of land as a factor of production diminishes, yet, land remains to play a significant role as a store of value.""",paraphrase,6. Mechanism III,medium
CLM_PDF001_Q01_003,PDF001,PDF001_Q01,Hirano_Toda_2025b,"1, 3, 4",theory_evidence,land,,real-estate credit amplifies land-price inflation,,D_t/r_t; productivity growth,formal_model_result,"Applying this structural explanation to Latin America requires external verification, as the theoretical model isolates pure productivity differentials and abstracts from the region's specific institutional realities, such as dollarized urban real estate markets, informal self-built housing, and vulnerability to foreign capital flows.",Latin American applicability,validated_paraphrase,NotebookLM-backed paraphrase from completed note; verify exact wording before final quotation.,03_notes/questions/PDF001_Q01.md,C4,,"- Page(s): 1, 3, 4 - Key passage(s), paraphrased or short quote only: - ""To explain this apparent disconnection between land output and land value... we theoretically study the long-run behavior of land prices and identify economic conditions under which land becomes overvalued relative to the fundamentals defined by the present value of land rents."" - ""This paper theoretically studies the long-run behavior of land prices in modern economies where the importance of land as a factor of production diminishes, yet, land remains to play a significant role as a store of value.""",paraphrase,3. Conceptual objects,medium
CLM_PDF001_Q01_004,PDF001,PDF001_Q01,Hirano_Toda_2025b,"1, 3, 4",variables_parameters,land,,unbalanced growth separates land prices from rents,,productivity growth,model_based_synthesis,"As an economy transitions to modern knowledge/service sectors, non-land productivity outpaces land productivity (unbalanced growth).",land overvaluation theorem,validated_paraphrase,NotebookLM-backed paraphrase from completed note; verify exact wording before final quotation.,03_notes/questions/PDF001_Q01.md,C4,,"- Page(s): 1, 3, 4 - Key passage(s), paraphrased or short quote only: - ""To explain this apparent disconnection between land output and land value... we theoretically study the long-run behavior of land prices and identify economic conditions under which land becomes overvalued relative to the fundamentals defined by the present value of land rents."" - ""This paper theoretically studies the long-run behavior of land prices in modern economies where the importance of land as a factor of production diminishes, yet, land remains to play a significant role as a store of value.""",paraphrase,6. Mechanism III,medium
CLM_PDF001_Q01_005,PDF001,PDF001_Q01,Hirano_Toda_2025b,"1, 3, 4",variables_parameters,land,,unbalanced growth separates land prices from rents,,D_t/r_t,model_based_synthesis,"Consequently, the aggregate wages and incomes of workers grow faster than the rents generated by land.",land-credit crowding-out,validated_paraphrase,NotebookLM-backed paraphrase from completed note; verify exact wording before final quotation.,03_notes/questions/PDF001_Q01.md,C4,,"- Page(s): 1, 3, 4 - Key passage(s), paraphrased or short quote only: - ""To explain this apparent disconnection between land output and land value... we theoretically study the long-run behavior of land prices and identify economic conditions under which land becomes overvalued relative to the fundamentals defined by the present value of land rents."" - ""This paper theoretically studies the long-run behavior of land prices in modern economies where the importance of land as a factor of production diminishes, yet, land remains to play a significant role as a store of value.""",paraphrase,1. Introduction,medium
CLM_PDF001_Q01_006,PDF001,PDF001_Q01,Hirano_Toda_2025b,"1, 3, 4",causality,land,,land changes R versus G and debt-rollover conditions,"Because land is durable and cannot be reproduced, it remains a primary store of value for these workers' savings.",,model_based_synthesis,"Because land is durable and cannot be reproduced, it remains a primary store of value for these workers' savings.",land-credit crowding-out,validated_paraphrase,NotebookLM-backed paraphrase from completed note; verify exact wording before final quotation.,03_notes/questions/PDF001_Q01.md,C4,,"- Page(s): 1, 3, 4 - Key passage(s), paraphrased or short quote only: - ""To explain this apparent disconnection between land output and land value... we theoretically study the long-run behavior of land prices and identify economic conditions under which land becomes overvalued relative to the fundamentals defined by the present value of land rents."" - ""This paper theoretically studies the long-run behavior of land prices in modern economies where the importance of land as a factor of production diminishes, yet, land remains to play a significant role as a store of value.""",paraphrase,1. Introduction,medium
CLM_PDF001_Q01_007,PDF001,PDF001_Q01,Hirano_Toda_2025b,"1, 3, 4",variables_parameters,land,,unbalanced growth separates land prices from rents,,P_t; D_t/r_t,model_based_synthesis,"The influx of growing aggregate savings bids up the price of land faster than its underlying rental dividends can grow, mathematically creating persistent land overvaluation.",land overvaluation theorem,validated_paraphrase,NotebookLM-backed paraphrase from completed note; verify exact wording before final quotation.,03_notes/questions/PDF001_Q01.md,C4,,"- Page(s): 1, 3, 4 - Key passage(s), paraphrased or short quote only: - ""To explain this apparent disconnection between land output and land value... we theoretically study the long-run behavior of land prices and identify economic conditions under which land becomes overvalued relative to the fundamentals defined by the present value of land rents."" - ""This paper theoretically studies the long-run behavior of land prices in modern economies where the importance of land as a factor of production diminishes, yet, land remains to play a significant role as a store of value.""",paraphrase,6. Mechanism III,medium
CLM_PDF001_Q02_001,PDF001,PDF001_Q02,Hirano_Toda_2025b,"4, 13",variables_parameters,land,,unbalanced growth separates land prices from rents,,elasticity of substitution; productivity growth,formal_model_result,The Land Overvaluation Theorem formally proves that land inevitably becomes overvalued if the elasticity of substitution between land and labor strictly exceeds one ($\sigma 1$) and labor productivity structurally outpaces land productivity.,land overvaluation theorem,validated_paraphrase,NotebookLM-backed paraphrase from completed note; verify exact wording before final quotation.,03_notes/questions/PDF001_Q02.md,C4,,"- Page(s): 4, 13 - Key passage(s), paraphrased or short quote only: - ""Theorem 1 (Land Overvaluation). Suppose Assumptions 1, 2 hold and $E_{0}\sum_{t=1}^{\infty}(A_{Ht}/A_{Xt})^{1/\sigma-1}<\infty$ almost surely. Then land is overvalued in equilibrium."" - ""Noting that $\sigma>1$ and hence $1/\sigma-1<0$, this land overvaluation condition holds whenever labor productivity $A_{Ht}$ grows faster than land productivity $A_{Xt}$ in the long run, i.e., unbalanced growth occurs.""",paraphrase,6. Mechanism III,medium
CLM_PDF001_Q02_002,PDF001,PDF001_Q02,Hirano_Toda_2025b,"4, 13",variables_parameters,land,,unbalanced growth separates land prices from rents,,elasticity of substitution,formal_model_result,"Theorem 1 (Land Overvaluation Theorem), which proves land overvaluation emerges if $\sigma 1$ and $E{0}\sum{t=1}^{\infty}(A{Ht}/A{Xt})^{1/\sigma-1}<\infty$.",land overvaluation theorem,validated_paraphrase,NotebookLM-backed paraphrase from completed note; verify exact wording before final quotation.,03_notes/questions/PDF001_Q02.md,C4,,"- Page(s): 4, 13 - Key passage(s), paraphrased or short quote only: - ""Theorem 1 (Land Overvaluation). Suppose Assumptions 1, 2 hold and $E_{0}\sum_{t=1}^{\infty}(A_{Ht}/A_{Xt})^{1/\sigma-1}<\infty$ almost surely. Then land is overvalued in equilibrium."" - ""Noting that $\sigma>1$ and hence $1/\sigma-1<0$, this land overvaluation condition holds whenever labor productivity $A_{Ht}$ grows faster than land productivity $A_{Xt}$ in the long run, i.e., unbalanced growth occurs.""",paraphrase,6. Mechanism III,medium
CLM_PDF001_Q02_003,PDF001,PDF001_Q02,Hirano_Toda_2025b,"4, 13",causality,land,,real-estate credit amplifies land-price inflation,"Applying these precise formal conditions to Latin America requires external verification, as the theoretical model abstracts entirely from the region's distinct structural realities, such as dollarized real estate sectors, commodity-export-driven land yields, and deeply informal urban housing markets.",,formal_model_result,"Applying these precise formal conditions to Latin America requires external verification, as the theoretical model abstracts entirely from the region's distinct structural realities, such as dollarized real estate sectors, commodity-export-driven land yields, and deeply informal urban housing markets.",Latin American applicability,validated_paraphrase,NotebookLM-backed paraphrase from completed note; verify exact wording before final quotation.,03_notes/questions/PDF001_Q02.md,C4,,"- Page(s): 4, 13 - Key passage(s), paraphrased or short quote only: - ""Theorem 1 (Land Overvaluation). Suppose Assumptions 1, 2 hold and $E_{0}\sum_{t=1}^{\infty}(A_{Ht}/A_{Xt})^{1/\sigma-1}<\infty$ almost surely. Then land is overvalued in equilibrium."" - ""Noting that $\sigma>1$ and hence $1/\sigma-1<0$, this land overvaluation condition holds whenever labor productivity $A_{Ht}$ grows faster than land productivity $A_{Xt}$ in the long run, i.e., unbalanced growth occurs.""",paraphrase,9. Critical appraisal,medium
CLM_PDF001_Q02_004,PDF001,PDF001_Q02,Hirano_Toda_2025b,"4, 13",variables_parameters,land,,unbalanced growth separates land prices from rents,,productivity growth,formal_model_result,"The economy undergoes unbalanced growth where technological progress in labor/human capital ($A{Ht}$) grows faster than productivity in fixed land ($A{Xt}$), driving rapid growth in aggregate wages.",land overvaluation theorem,validated_paraphrase,NotebookLM-backed paraphrase from completed note; verify exact wording before final quotation.,03_notes/questions/PDF001_Q02.md,C4,,"- Page(s): 4, 13 - Key passage(s), paraphrased or short quote only: - ""Theorem 1 (Land Overvaluation). Suppose Assumptions 1, 2 hold and $E_{0}\sum_{t=1}^{\infty}(A_{Ht}/A_{Xt})^{1/\sigma-1}<\infty$ almost surely. Then land is overvalued in equilibrium."" - ""Noting that $\sigma>1$ and hence $1/\sigma-1<0$, this land overvaluation condition holds whenever labor productivity $A_{Ht}$ grows faster than land productivity $A_{Xt}$ in the long run, i.e., unbalanced growth occurs.""",paraphrase,3. Conceptual objects,medium
CLM_PDF001_Q02_005,PDF001,PDF001_Q02,Hirano_Toda_2025b,"4, 13",causality,land,,unbalanced growth separates land prices from rents,"Because the elasticity of substitution between land and labor is greater than one ($\sigma 1$), the growth of fundamental land rents is mathematically suppressed relative to aggregate economic output.",D_t/r_t; elasticity of substitution,formal_model_result,"Because the elasticity of substitution between land and labor is greater than one ($\sigma 1$), the growth of fundamental land rents is mathematically suppressed relative to aggregate economic output.",land-credit crowding-out,validated_paraphrase,NotebookLM-backed paraphrase from completed note; verify exact wording before final quotation.,03_notes/questions/PDF001_Q02.md,C4,,"- Page(s): 4, 13 - Key passage(s), paraphrased or short quote only: - ""Theorem 1 (Land Overvaluation). Suppose Assumptions 1, 2 hold and $E_{0}\sum_{t=1}^{\infty}(A_{Ht}/A_{Xt})^{1/\sigma-1}<\infty$ almost surely. Then land is overvalued in equilibrium."" - ""Noting that $\sigma>1$ and hence $1/\sigma-1<0$, this land overvaluation condition holds whenever labor productivity $A_{Ht}$ grows faster than land productivity $A_{Xt}$ in the long run, i.e., unbalanced growth occurs.""",paraphrase,1. Introduction,medium
CLM_PDF001_Q02_006,PDF001,PDF001_Q02,Hirano_Toda_2025b,"4, 13",variables_parameters,land,,land changes R versus G and debt-rollover conditions,,,formal_model_result,Young workers save a fraction of their rapidly growing labor income by purchasing durable land as a store of value.,land-credit crowding-out,validated_paraphrase,NotebookLM-backed paraphrase from completed note; verify exact wording before final quotation.,03_notes/questions/PDF001_Q02.md,C4,,"- Page(s): 4, 13 - Key passage(s), paraphrased or short quote only: - ""Theorem 1 (Land Overvaluation). Suppose Assumptions 1, 2 hold and $E_{0}\sum_{t=1}^{\infty}(A_{Ht}/A_{Xt})^{1/\sigma-1}<\infty$ almost surely. Then land is overvalued in equilibrium."" - ""Noting that $\sigma>1$ and hence $1/\sigma-1<0$, this land overvaluation condition holds whenever labor productivity $A_{Ht}$ grows faster than land productivity $A_{Xt}$ in the long run, i.e., unbalanced growth occurs.""",paraphrase,1. Introduction,medium
CLM_PDF001_Q02_007,PDF001,PDF001_Q02,Hirano_Toda_2025b,"4, 13",variables_parameters,land,,unbalanced growth separates land prices from rents,,P_t; D_t/r_t,formal_model_result,"This persistent influx of growing savings bids up the price of land much faster than its underlying rental yield can grow, mathematically forcing an upward trend in the price-rent ratio and inevitable land overvaluation.",land overvaluation theorem,validated_paraphrase,NotebookLM-backed paraphrase from completed note; verify exact wording before final quotation.,03_notes/questions/PDF001_Q02.md,C4,,"- Page(s): 4, 13 - Key passage(s), paraphrased or short quote only: - ""Theorem 1 (Land Overvaluation). Suppose Assumptions 1, 2 hold and $E_{0}\sum_{t=1}^{\infty}(A_{Ht}/A_{Xt})^{1/\sigma-1}<\infty$ almost surely. Then land is overvalued in equilibrium."" - ""Noting that $\sigma>1$ and hence $1/\sigma-1<0$, this land overvaluation condition holds whenever labor productivity $A_{Ht}$ grows faster than land productivity $A_{Xt}$ in the long run, i.e., unbalanced growth occurs.""",paraphrase,6. Mechanism III,medium
CLM_PDF001_Q03_001,PDF001,PDF001_Q03,Hirano_Toda_2025b,"6, 7, 8, 9",causality,land,,leverage creates land-bubble phase transition,"The fundamental value of land is the present discounted value of its rents, and land overvaluation is distinct from a ""pure bubble"" because land generates a strictly positive intrinsic dividend ($Dt 0$), avoiding the indeterminacy associated with valueless pure-bubble assets ($Dt = 0$).",D_t/r_t; r,model_based_synthesis,"The fundamental value of land is the present discounted value of its rents, and land overvaluation is distinct from a ""pure bubble"" because land generates a strictly positive intrinsic dividend ($Dt 0$), avoiding the indeterminacy associated with valueless pure-bubble assets ($Dt = 0$).",land overvaluation theorem,validated_paraphrase,NotebookLM-backed paraphrase from completed note; verify exact wording before final quotation.,03_notes/questions/PDF001_Q03.md,C4,,"- Page(s): 6, 7, 8, 9 - Key passage(s), paraphrased or short quote only: - ""the fundamental value of the asset (the present value of dividends) $V_{t}:=\frac{1}{\pi_{t}}E_{t}\sum_{s=t+1}^{\infty}\pi_{s}D_{s}$"" - ""the bubble component $B_t$... captures a speculative aspect, that is, agents buy the asset now for the purpose of resale in the future, rather than for the purpose of receiving dividends.""",paraphrase,6. Mechanism III,medium
CLM_PDF001_Q03_002,PDF001,PDF001_Q03,Hirano_Toda_2025b,"6, 7, 8, 9",variables_parameters,land,,leverage creates land-bubble phase transition,,,model_based_synthesis,The fundamental value equation $V{t}:=\frac{1}{\pi{t}}E{t}\sum{s=t+1}^{\infty}\pi{s}D{s}$ and the asset price bubble component $B{t}:=lim{T\rightarrow\infty}\frac{1}{\pi{t}}E{t}[\pi{T}P{T}]\ge0$.,land-credit crowding-out,validated_paraphrase,NotebookLM-backed paraphrase from completed note; verify exact wording before final quotation.,03_notes/questions/PDF001_Q03.md,C4,,"- Page(s): 6, 7, 8, 9 - Key passage(s), paraphrased or short quote only: - ""the fundamental value of the asset (the present value of dividends) $V_{t}:=\frac{1}{\pi_{t}}E_{t}\sum_{s=t+1}^{\infty}\pi_{s}D_{s}$"" - ""the bubble component $B_t$... captures a speculative aspect, that is, agents buy the asset now for the purpose of resale in the future, rather than for the purpose of receiving dividends.""",paraphrase,1. Introduction,medium
CLM_PDF001_Q03_003,PDF001,PDF001_Q03,Hirano_Toda_2025b,"6, 7, 8, 9",causality,land,,real-estate credit amplifies land-price inflation,"Because the paper strictly defines fundamental value and overvaluation using abstract, infinite-horizon rational expectations mechanics, empirically isolating the speculative bubble component from the fundamental rent component in Latin American real estate requires external verification, especially given the region's prevalent informal housing markets and volatile risk premiums.",D_t/r_t,formal_model_result,"Because the paper strictly defines fundamental value and overvaluation using abstract, infinite-horizon rational expectations mechanics, empirically isolating the speculative bubble component from the fundamental rent component in Latin American real estate requires external verification, especially given the region's prevalent informal housing markets and volatile risk premiums.",land overvaluation theorem,validated_paraphrase,NotebookLM-backed paraphrase from completed note; verify exact wording before final quotation.,03_notes/questions/PDF001_Q03.md,C4,,"- Page(s): 6, 7, 8, 9 - Key passage(s), paraphrased or short quote only: - ""the fundamental value of the asset (the present value of dividends) $V_{t}:=\frac{1}{\pi_{t}}E_{t}\sum_{s=t+1}^{\infty}\pi_{s}D_{s}$"" - ""the bubble component $B_t$... captures a speculative aspect, that is, agents buy the asset now for the purpose of resale in the future, rather than for the purpose of receiving dividends.""",paraphrase,6. Mechanism III,medium
CLM_PDF001_Q03_004,PDF001,PDF001_Q03,Hirano_Toda_2025b,"6, 7, 8, 9",mechanism,land,,land changes R versus G and debt-rollover conditions,The fundamental value of any asset is determined by discounting its expected future dividends using the stochastic discount factor.,D_t/r_t; r,model_based_synthesis,The fundamental value of any asset is determined by discounting its expected future dividends using the stochastic discount factor.,land-credit crowding-out,validated_paraphrase,NotebookLM-backed paraphrase from completed note; verify exact wording before final quotation.,03_notes/questions/PDF001_Q03.md,C4,,"- Page(s): 6, 7, 8, 9 - Key passage(s), paraphrased or short quote only: - ""the fundamental value of the asset (the present value of dividends) $V_{t}:=\frac{1}{\pi_{t}}E_{t}\sum_{s=t+1}^{\infty}\pi_{s}D_{s}$"" - ""the bubble component $B_t$... captures a speculative aspect, that is, agents buy the asset now for the purpose of resale in the future, rather than for the purpose of receiving dividends.""",paraphrase,1. Introduction,medium
CLM_PDF001_Q03_005,PDF001,PDF001_Q03,Hirano_Toda_2025b,"6, 7, 8, 9",variables_parameters,land,,leverage creates land-bubble phase transition,,,model_based_synthesis,"When the asset's market price exceeds this fundamental value, the gap represents a bubble component driven by the speculative motive of future resale.",land-credit crowding-out,validated_paraphrase,NotebookLM-backed paraphrase from completed note; verify exact wording before final quotation.,03_notes/questions/PDF001_Q03.md,C4,,"- Page(s): 6, 7, 8, 9 - Key passage(s), paraphrased or short quote only: - ""the fundamental value of the asset (the present value of dividends) $V_{t}:=\frac{1}{\pi_{t}}E_{t}\sum_{s=t+1}^{\infty}\pi_{s}D_{s}$"" - ""the bubble component $B_t$... captures a speculative aspect, that is, agents buy the asset now for the purpose of resale in the future, rather than for the purpose of receiving dividends.""",paraphrase,1. Introduction,medium
CLM_PDF001_Q03_006,PDF001,PDF001_Q03,Hirano_Toda_2025b,"6, 7, 8, 9",theory_evidence,land,,leverage creates land-bubble phase transition,,D_t/r_t,measurement_or_empirical_motivation,"Pure bubbles attach to assets with no intrinsic dividends (e.g., fiat money), creating multiple indeterminate equilibria and rendering standard empirical ratios useless.",land-credit crowding-out,validated_paraphrase,NotebookLM-backed paraphrase from completed note; verify exact wording before final quotation.,03_notes/questions/PDF001_Q03.md,C4,,"- Page(s): 6, 7, 8, 9 - Key passage(s), paraphrased or short quote only: - ""the fundamental value of the asset (the present value of dividends) $V_{t}:=\frac{1}{\pi_{t}}E_{t}\sum_{s=t+1}^{\infty}\pi_{s}D_{s}$"" - ""the bubble component $B_t$... captures a speculative aspect, that is, agents buy the asset now for the purpose of resale in the future, rather than for the purpose of receiving dividends.""",paraphrase,1. Introduction,medium
CLM_PDF001_Q03_007,PDF001,PDF001_Q03,Hirano_Toda_2025b,"6, 7, 8, 9",causality,land,,unbalanced growth separates land prices from rents,"Because land is productive and yields positive rents, its overvaluation represents a unique equilibrium where the asset commands a speculative premium on top of its intrinsic dividend, a phenomenon traditionally difficult to generate in rational expectations models.",D_t/r_t,model_based_synthesis,"Because land is productive and yields positive rents, its overvaluation represents a unique equilibrium where the asset commands a speculative premium on top of its intrinsic dividend, a phenomenon traditionally difficult to generate in rational expectations models.",land overvaluation theorem,validated_paraphrase,NotebookLM-backed paraphrase from completed note; verify exact wording before final quotation.,03_notes/questions/PDF001_Q03.md,C4,,"- Page(s): 6, 7, 8, 9 - Key passage(s), paraphrased or short quote only: - ""the fundamental value of the asset (the present value of dividends) $V_{t}:=\frac{1}{\pi_{t}}E_{t}\sum_{s=t+1}^{\infty}\pi_{s}D_{s}$"" - ""the bubble component $B_t$... captures a speculative aspect, that is, agents buy the asset now for the purpose of resale in the future, rather than for the purpose of receiving dividends.""",paraphrase,6. Mechanism III,medium
CLM_PDF001_Q04_001,PDF001,PDF001_Q04,Hirano_Toda_2025b,"1, 2, 3",variables_parameters,land,,real-estate credit amplifies land-price inflation,,W,formal_model_result,"The theorem is motivated by the empirical paradox that while land's contribution to employment and GDP has drastically fallen over centuries of economic development, real estate remains the overwhelmingly dominant store of household wealth.",land-credit crowding-out,validated_paraphrase,NotebookLM-backed paraphrase from completed note; verify exact wording before final quotation.,03_notes/questions/PDF001_Q04.md,C4,,"- Page(s): 1, 2, 3 - Key passage(s), paraphrased or short quote only: - ""Historical trends suggest the decline in the importance of land as a production factor, as evidenced by the decline in the employment and GDP shares of land-intensive industries. However, land continues to be a prominent store of value, as over half of household wealth in major countries is real estate."" - ""Figure 1 plots the employment share of agriculture in the United States against time... The trend is similar if we define the 'land-intensive' sector by combining agriculture, mining, and construction.""",paraphrase,3. Conceptual objects,medium
CLM_PDF001_Q04_002,PDF001,PDF001_Q04,Hirano_Toda_2025b,"1, 2, 3",variables_parameters,land,,land changes R versus G and debt-rollover conditions,,W,formal_model_result,"Figure 1 (US employment share of agriculture/land-intensive sectors), Figure 2 (Cross-country GDP/employment share of agriculture), and Figure 3 (Composition of gross household wealth in OECD countries).",land-credit crowding-out,validated_paraphrase,NotebookLM-backed paraphrase from completed note; verify exact wording before final quotation.,03_notes/questions/PDF001_Q04.md,C4,,"- Page(s): 1, 2, 3 - Key passage(s), paraphrased or short quote only: - ""Historical trends suggest the decline in the importance of land as a production factor, as evidenced by the decline in the employment and GDP shares of land-intensive industries. However, land continues to be a prominent store of value, as over half of household wealth in major countries is real estate."" - ""Figure 1 plots the employment share of agriculture in the United States against time... The trend is similar if we define the 'land-intensive' sector by combining agriculture, mining, and construction.""",paraphrase,3. Conceptual objects,medium
CLM_PDF001_Q04_003,PDF001,PDF001_Q04,Hirano_Toda_2025b,"1, 2, 3",causality,land,,land changes R versus G and debt-rollover conditions,"Because these motivating empirical facts rely primarily on US historical time-series and OECD wealth compositions, confirming the exact nature of this ""disconnection"" in Latin America requires external verification, as the region may feature distinct wealth distributions, pervasive informal housing, and a persistently high economic reliance on primary, land-intensive commodity exports.",W,formal_model_result,"Because these motivating empirical facts rely primarily on US historical time-series and OECD wealth compositions, confirming the exact nature of this ""disconnection"" in Latin America requires external verification, as the region may feature distinct wealth distributions, pervasive informal housing, and a persistently high economic reliance on primary, land-intensive commodity exports.",Latin American applicability,validated_paraphrase,NotebookLM-backed paraphrase from completed note; verify exact wording before final quotation.,03_notes/questions/PDF001_Q04.md,C4,,"- Page(s): 1, 2, 3 - Key passage(s), paraphrased or short quote only: - ""Historical trends suggest the decline in the importance of land as a production factor, as evidenced by the decline in the employment and GDP shares of land-intensive industries. However, land continues to be a prominent store of value, as over half of household wealth in major countries is real estate."" - ""Figure 1 plots the employment share of agriculture in the United States against time... The trend is similar if we define the 'land-intensive' sector by combining agriculture, mining, and construction.""",paraphrase,3. Conceptual objects,medium
CLM_PDF001_Q04_004,PDF001,PDF001_Q04,Hirano_Toda_2025b,"1, 2, 3",variables_parameters,land,,land changes R versus G and debt-rollover conditions,,,formal_model_result,"Historical data show a continuous decline in the employment and GDP shares of land-intensive sectors (agriculture, mining, construction) as economies develop and per capita incomes rise.",land-credit crowding-out,validated_paraphrase,NotebookLM-backed paraphrase from completed note; verify exact wording before final quotation.,03_notes/questions/PDF001_Q04.md,C4,,"- Page(s): 1, 2, 3 - Key passage(s), paraphrased or short quote only: - ""Historical trends suggest the decline in the importance of land as a production factor, as evidenced by the decline in the employment and GDP shares of land-intensive industries. However, land continues to be a prominent store of value, as over half of household wealth in major countries is real estate."" - ""Figure 1 plots the employment share of agriculture in the United States against time... The trend is similar if we define the 'land-intensive' sector by combining agriculture, mining, and construction.""",paraphrase,1. Introduction,medium
CLM_PDF001_Q04_005,PDF001,PDF001_Q04,Hirano_Toda_2025b,"1, 2, 3",theory_evidence,land,,land changes R versus G and debt-rollover conditions,,,formal_model_result,"Despite its declining productive importance, land possesses unique characteristics (durability, intrinsic value, immobility) that make it an exceptionally stable savings vehicle.",land-credit crowding-out,validated_paraphrase,NotebookLM-backed paraphrase from completed note; verify exact wording before final quotation.,03_notes/questions/PDF001_Q04.md,C4,,"- Page(s): 1, 2, 3 - Key passage(s), paraphrased or short quote only: - ""Historical trends suggest the decline in the importance of land as a production factor, as evidenced by the decline in the employment and GDP shares of land-intensive industries. However, land continues to be a prominent store of value, as over half of household wealth in major countries is real estate."" - ""Figure 1 plots the employment share of agriculture in the United States against time... The trend is similar if we define the 'land-intensive' sector by combining agriculture, mining, and construction.""",paraphrase,1. Introduction,medium
CLM_PDF001_Q04_006,PDF001,PDF001_Q04,Hirano_Toda_2025b,"1, 2, 3",theory_evidence,land,,real-estate credit amplifies land-price inflation,,W,formal_model_result,"Aggregate household wealth consequently remains heavily concentrated in real estate, exceeding 50% of total wealth in almost all OECD nations.",land-credit crowding-out,validated_paraphrase,NotebookLM-backed paraphrase from completed note; verify exact wording before final quotation.,03_notes/questions/PDF001_Q04.md,C4,,"- Page(s): 1, 2, 3 - Key passage(s), paraphrased or short quote only: - ""Historical trends suggest the decline in the importance of land as a production factor, as evidenced by the decline in the employment and GDP shares of land-intensive industries. However, land continues to be a prominent store of value, as over half of household wealth in major countries is real estate."" - ""Figure 1 plots the employment share of agriculture in the United States against time... The trend is similar if we define the 'land-intensive' sector by combining agriculture, mining, and construction.""",paraphrase,3. Conceptual objects,medium
CLM_PDF001_Q04_007,PDF001,PDF001_Q04,Hirano_Toda_2025b,"1, 2, 3",variables_parameters,land,,unbalanced growth separates land prices from rents,,D_t/r_t; productivity growth,formal_model_result,This empirical disconnection explicitly motivates the authors to build a model demonstrating how unbalanced growth causes land values to decouple from their diminishing fundamental rents.,land overvaluation theorem,validated_paraphrase,NotebookLM-backed paraphrase from completed note; verify exact wording before final quotation.,03_notes/questions/PDF001_Q04.md,C4,,"- Page(s): 1, 2, 3 - Key passage(s), paraphrased or short quote only: - ""Historical trends suggest the decline in the importance of land as a production factor, as evidenced by the decline in the employment and GDP shares of land-intensive industries. However, land continues to be a prominent store of value, as over half of household wealth in major countries is real estate."" - ""Figure 1 plots the employment share of agriculture in the United States against time... The trend is similar if we define the 'land-intensive' sector by combining agriculture, mining, and construction.""",paraphrase,6. Mechanism III,medium
CLM_PDF001_Q05_001,PDF001,PDF001_Q05,Hirano_Toda_2025b,"19, 20",variables_parameters,land,,real-estate credit amplifies land-price inflation,,elasticity of substitution,formal_model_result,The urban-land application extends the general theorem by proving that land overvaluation inevitably occurs in modern cities if the elasticity of substitution in the intermediate real estate construction sector exceeds one and construction technology improves.,land overvaluation theorem,validated_paraphrase,NotebookLM-backed paraphrase from completed note; verify exact wording before final quotation.,03_notes/questions/PDF001_Q05.md,C4,,"- Page(s): 19, 20 - Key passage(s), paraphrased or short quote only: - ""To reduce this model to a special case of the setting in §4, we define the neoclassical production function $F(H,X) := H^\alpha E(H,X)^{1-\alpha}$."" - ""Proposition 3. Let E, F be the neoclassical production functions above with elasticity of substitution $\sigma_E, \sigma_F$. Then $\sigma_F - 1 = \frac{1}{1 + \alpha \frac{XE_X}{HE_H} \sigma_E}(\sigma_E - 1)$.""",paraphrase,6. Mechanism III,medium
CLM_PDF001_Q05_002,PDF001,PDF001_Q05,Hirano_Toda_2025b,"19, 20",variables_parameters,land,,land changes R versus G and debt-rollover conditions,,elasticity of substitution,formal_model_result,"Proposition 3, establishing the relationship $\sigmaF - 1 = \frac{1}{1 + \alpha \frac{XEX}{HEH} \sigmaE}(\sigmaE - 1)$, which formally proves that $\sigmaE 1$ implies $\sigmaF 1$.",land-credit crowding-out,validated_paraphrase,NotebookLM-backed paraphrase from completed note; verify exact wording before final quotation.,03_notes/questions/PDF001_Q05.md,C4,,"- Page(s): 19, 20 - Key passage(s), paraphrased or short quote only: - ""To reduce this model to a special case of the setting in §4, we define the neoclassical production function $F(H,X) := H^\alpha E(H,X)^{1-\alpha}$."" - ""Proposition 3. Let E, F be the neoclassical production functions above with elasticity of substitution $\sigma_E, \sigma_F$. Then $\sigma_F - 1 = \frac{1}{1 + \alpha \frac{XE_X}{HE_H} \sigma_E}(\sigma_E - 1)$.""",paraphrase,1. Introduction,medium
CLM_PDF001_Q05_003,PDF001,PDF001_Q05,Hirano_Toda_2025b,"19, 20",theory_evidence,land,,land changes R versus G and debt-rollover conditions,,,formal_model_result,"Applying this highly formalized urban land framework to Latin America requires external verification, as the model assumes formal construction technologies and abstracts from the region's massive informal, self-built urban settlements and distinct spatial segregation patterns.",Latin American applicability,validated_paraphrase,NotebookLM-backed paraphrase from completed note; verify exact wording before final quotation.,03_notes/questions/PDF001_Q05.md,C4,,"- Page(s): 19, 20 - Key passage(s), paraphrased or short quote only: - ""To reduce this model to a special case of the setting in §4, we define the neoclassical production function $F(H,X) := H^\alpha E(H,X)^{1-\alpha}$."" - ""Proposition 3. Let E, F be the neoclassical production functions above with elasticity of substitution $\sigma_E, \sigma_F$. Then $\sigma_F - 1 = \frac{1}{1 + \alpha \frac{XE_X}{HE_H} \sigma_E}(\sigma_E - 1)$.""",paraphrase,9. Critical appraisal,medium
CLM_PDF001_Q05_004,PDF001,PDF001_Q05,Hirano_Toda_2025b,"19, 20",variables_parameters,land,,real-estate credit amplifies land-price inflation,,,formal_model_result,"The urban economy is modeled with a nested structure: a real estate sector combines construction labor and land, and a final goods sector combines office labor and real estate.",land-credit crowding-out,validated_paraphrase,NotebookLM-backed paraphrase from completed note; verify exact wording before final quotation.,03_notes/questions/PDF001_Q05.md,C4,,"- Page(s): 19, 20 - Key passage(s), paraphrased or short quote only: - ""To reduce this model to a special case of the setting in §4, we define the neoclassical production function $F(H,X) := H^\alpha E(H,X)^{1-\alpha}$."" - ""Proposition 3. Let E, F be the neoclassical production functions above with elasticity of substitution $\sigma_E, \sigma_F$. Then $\sigma_F - 1 = \frac{1}{1 + \alpha \frac{XE_X}{HE_H} \sigma_E}(\sigma_E - 1)$.""",paraphrase,1. Introduction,medium
CLM_PDF001_Q05_005,PDF001,PDF001_Q05,Hirano_Toda_2025b,"19, 20",variables_parameters,land,,land changes R versus G and debt-rollover conditions,,,formal_model_result,"This nested, multi-sector structure is mathematically reduced to a composite aggregate production function.",land-credit crowding-out,validated_paraphrase,NotebookLM-backed paraphrase from completed note; verify exact wording before final quotation.,03_notes/questions/PDF001_Q05.md,C4,,"- Page(s): 19, 20 - Key passage(s), paraphrased or short quote only: - ""To reduce this model to a special case of the setting in §4, we define the neoclassical production function $F(H,X) := H^\alpha E(H,X)^{1-\alpha}$."" - ""Proposition 3. Let E, F be the neoclassical production functions above with elasticity of substitution $\sigma_E, \sigma_F$. Then $\sigma_F - 1 = \frac{1}{1 + \alpha \frac{XE_X}{HE_H} \sigma_E}(\sigma_E - 1)$.""",paraphrase,1. Introduction,medium
CLM_PDF001_Q05_006,PDF001,PDF001_Q05,Hirano_Toda_2025b,"19, 20",variables_parameters,land,,real-estate credit amplifies land-price inflation,,elasticity of substitution,formal_model_result,"If the elasticity of substitution between land and labor in producing real estate is strictly greater than one ($\sigmaE 1$), the composite aggregate elasticity of substitution also asymptotically exceeds one ($\sigmaF 1$).",land-credit crowding-out,validated_paraphrase,NotebookLM-backed paraphrase from completed note; verify exact wording before final quotation.,03_notes/questions/PDF001_Q05.md,C4,,"- Page(s): 19, 20 - Key passage(s), paraphrased or short quote only: - ""To reduce this model to a special case of the setting in §4, we define the neoclassical production function $F(H,X) := H^\alpha E(H,X)^{1-\alpha}$."" - ""Proposition 3. Let E, F be the neoclassical production functions above with elasticity of substitution $\sigma_E, \sigma_F$. Then $\sigma_F - 1 = \frac{1}{1 + \alpha \frac{XE_X}{HE_H} \sigma_E}(\sigma_E - 1)$.""",paraphrase,1. Introduction,medium
CLM_PDF001_Q05_007,PDF001,PDF001_Q05,Hirano_Toda_2025b,"19, 20",variables_parameters,land,,real-estate credit amplifies land-price inflation,,P_t; D_t/r_t; productivity growth,formal_model_result,"Therefore, as technological progress in construction outpaces the fixed productivity of urban land, aggregate unbalanced growth is triggered, ensuring that urban land prices decouple from their fundamental rents and generate overvaluation.",land overvaluation theorem,validated_paraphrase,NotebookLM-backed paraphrase from completed note; verify exact wording before final quotation.,03_notes/questions/PDF001_Q05.md,C4,,"- Page(s): 19, 20 - Key passage(s), paraphrased or short quote only: - ""To reduce this model to a special case of the setting in §4, we define the neoclassical production function $F(H,X) := H^\alpha E(H,X)^{1-\alpha}$."" - ""Proposition 3. Let E, F be the neoclassical production functions above with elasticity of substitution $\sigma_E, \sigma_F$. Then $\sigma_F - 1 = \frac{1}{1 + \alpha \frac{XE_X}{HE_H} \sigma_E}(\sigma_E - 1)$.""",paraphrase,6. Mechanism III,medium
CLM_PDF001_Q06_001,PDF001,PDF001_Q06,Hirano_Toda_2025b,"4, 8, 15, 18, 20",definition,land,"The main text of the memo should focus on the Land Overvaluation Theorem condition and the core asset pricing definitions ($Vt, Bt$), while relegating the rigorous stochastic discount factor derivations, Markov transition matrices, and nested production functions to footnotes.",unbalanced growth separates land prices from rents,,r,formal_model_result,"The main text of the memo should focus on the Land Overvaluation Theorem condition and the core asset pricing definitions ($Vt, Bt$), while relegating the rigorous stochastic discount factor derivations, Markov transition matrices, and nested production functions to footnotes.",land overvaluation theorem,validated_paraphrase,NotebookLM-backed paraphrase from completed note; verify exact wording before final quotation.,03_notes/questions/PDF001_Q06.md,C4,,"- Page(s): 4, 8, 15, 18, 20 - Key passage(s), paraphrased or short quote only: - ""Theorem 1 (Land Overvaluation). Suppose Assumptions 1, 2 hold and $E_{0}\sum_{t=1}^{\infty}(A_{Ht}/A_{Xt})^{1/\sigma-1}<\infty$ almost surely. Then land is overvalued in equilibrium."" - ""the fundamental value of the asset (the present value of dividends) $V_{t}:=\frac{1}{\pi_{t}}E_{t}\sum_{s=t+1}^{\infty}\pi_{s}D_{s}$... we define the asset price bubble as $B_{t}:=lim_{T\rightarrow\infty}\frac{1}{\pi_{t}}E_{t}[\pi_{T}P_{T}]\ge0.$""",paraphrase,3. Conceptual objects,medium
CLM_PDF001_Q06_002,PDF001,PDF001_Q06,Hirano_Toda_2025b,"4, 8, 15, 18, 20",causality,land,,land changes R versus G and debt-rollover conditions,Essential: Theorem 1 condition $E{0}\sum{t=1}^{\infty}(A{Ht}/A{Xt})^{1/\sigma-1}<\infty$ and $Pt = Vt + Bt$.,elasticity of substitution,formal_model_result,Essential: Theorem 1 condition $E{0}\sum{t=1}^{\infty}(A{Ht}/A{Xt})^{1/\sigma-1}<\infty$ and $Pt = Vt + Bt$.,land-credit crowding-out,validated_paraphrase,NotebookLM-backed paraphrase from completed note; verify exact wording before final quotation.,03_notes/questions/PDF001_Q06.md,C4,,"- Page(s): 4, 8, 15, 18, 20 - Key passage(s), paraphrased or short quote only: - ""Theorem 1 (Land Overvaluation). Suppose Assumptions 1, 2 hold and $E_{0}\sum_{t=1}^{\infty}(A_{Ht}/A_{Xt})^{1/\sigma-1}<\infty$ almost surely. Then land is overvalued in equilibrium."" - ""the fundamental value of the asset (the present value of dividends) $V_{t}:=\frac{1}{\pi_{t}}E_{t}\sum_{s=t+1}^{\infty}\pi_{s}D_{s}$... we define the asset price bubble as $B_{t}:=lim_{T\rightarrow\infty}\frac{1}{\pi_{t}}E_{t}[\pi_{T}P_{T}]\ge0.$""",paraphrase,1. Introduction,medium
CLM_PDF001_Q06_003,PDF001,PDF001_Q06,Hirano_Toda_2025b,"4, 8, 15, 18, 20",causality,land,,land changes R versus G and debt-rollover conditions,"Because Latin American policy environments often require practical, institutional translation, heavily theoretical infinite-horizon stochastic discount factors may alienate stakeholders; it requires external verification to determine which simplified mathematical representations resonate best with the region's fiscal and central bank frameworks.",r,policy_implication,"Because Latin American policy environments often require practical, institutional translation, heavily theoretical infinite-horizon stochastic discount factors may alienate stakeholders; it requires external verification to determine which simplified mathematical representations resonate best with the region's fiscal and central bank frameworks.",policy / taxation / regulation,validated_paraphrase,NotebookLM-backed paraphrase from completed note; verify exact wording before final quotation.,03_notes/questions/PDF001_Q06.md,C4,,"- Page(s): 4, 8, 15, 18, 20 - Key passage(s), paraphrased or short quote only: - ""Theorem 1 (Land Overvaluation). Suppose Assumptions 1, 2 hold and $E_{0}\sum_{t=1}^{\infty}(A_{Ht}/A_{Xt})^{1/\sigma-1}<\infty$ almost surely. Then land is overvalued in equilibrium."" - ""the fundamental value of the asset (the present value of dividends) $V_{t}:=\frac{1}{\pi_{t}}E_{t}\sum_{s=t+1}^{\infty}\pi_{s}D_{s}$... we define the asset price bubble as $B_{t}:=lim_{T\rightarrow\infty}\frac{1}{\pi_{t}}E_{t}[\pi_{T}P_{T}]\ge0.$""",paraphrase,9. Critical appraisal,medium
CLM_PDF001_Q06_004,PDF001,PDF001_Q06,Hirano_Toda_2025b,"4, 8, 15, 18, 20",definition,land,Present $Vt$ and $Bt$ in the main text to establish the definition of fundamental land value and the speculative bubble premium.,leverage creates land-bubble phase transition,,,model_based_synthesis,Present $Vt$ and $Bt$ in the main text to establish the definition of fundamental land value and the speculative bubble premium.,land-credit crowding-out,validated_paraphrase,NotebookLM-backed paraphrase from completed note; verify exact wording before final quotation.,03_notes/questions/PDF001_Q06.md,C4,,"- Page(s): 4, 8, 15, 18, 20 - Key passage(s), paraphrased or short quote only: - ""Theorem 1 (Land Overvaluation). Suppose Assumptions 1, 2 hold and $E_{0}\sum_{t=1}^{\infty}(A_{Ht}/A_{Xt})^{1/\sigma-1}<\infty$ almost surely. Then land is overvalued in equilibrium."" - ""the fundamental value of the asset (the present value of dividends) $V_{t}:=\frac{1}{\pi_{t}}E_{t}\sum_{s=t+1}^{\infty}\pi_{s}D_{s}$... we define the asset price bubble as $B_{t}:=lim_{T\rightarrow\infty}\frac{1}{\pi_{t}}E_{t}[\pi_{T}P_{T}]\ge0.$""",paraphrase,3. Conceptual objects,medium
CLM_PDF001_Q06_005,PDF001,PDF001_Q06,Hirano_Toda_2025b,"4, 8, 15, 18, 20",causality,land,,real-estate credit amplifies land-price inflation,Introduce the theorem condition $E{0}\sum{t=1}^{\infty}(A{Ht}/A{Xt})^{1/\sigma-1}<\infty$ to illustrate how unbalanced growth mathematically forces land prices to decouple from rents when $\sigma 1$.,P_t; D_t/r_t; elasticity of substitution; productivity growth,formal_model_result,Introduce the theorem condition $E{0}\sum{t=1}^{\infty}(A{Ht}/A{Xt})^{1/\sigma-1}<\infty$ to illustrate how unbalanced growth mathematically forces land prices to decouple from rents when $\sigma 1$.,land overvaluation theorem,validated_paraphrase,NotebookLM-backed paraphrase from completed note; verify exact wording before final quotation.,03_notes/questions/PDF001_Q06.md,C4,,"- Page(s): 4, 8, 15, 18, 20 - Key passage(s), paraphrased or short quote only: - ""Theorem 1 (Land Overvaluation). Suppose Assumptions 1, 2 hold and $E_{0}\sum_{t=1}^{\infty}(A_{Ht}/A_{Xt})^{1/\sigma-1}<\infty$ almost surely. Then land is overvalued in equilibrium."" - ""the fundamental value of the asset (the present value of dividends) $V_{t}:=\frac{1}{\pi_{t}}E_{t}\sum_{s=t+1}^{\infty}\pi_{s}D_{s}$... we define the asset price bubble as $B_{t}:=lim_{T\rightarrow\infty}\frac{1}{\pi_{t}}E_{t}[\pi_{T}P_{T}]\ge0.$""",paraphrase,6. Mechanism III,medium
CLM_PDF001_Q06_006,PDF001,PDF001_Q06,Hirano_Toda_2025b,"4, 8, 15, 18, 20",variables_parameters,land,,land changes R versus G and debt-rollover conditions,,r,model_based_synthesis,Relegate the stochastic discount factor ($\pit$) and Euler equations to footnotes to avoid distracting from the core intuition.,land-credit crowding-out,validated_paraphrase,NotebookLM-backed paraphrase from completed note; verify exact wording before final quotation.,03_notes/questions/PDF001_Q06.md,C4,,"- Page(s): 4, 8, 15, 18, 20 - Key passage(s), paraphrased or short quote only: - ""Theorem 1 (Land Overvaluation). Suppose Assumptions 1, 2 hold and $E_{0}\sum_{t=1}^{\infty}(A_{Ht}/A_{Xt})^{1/\sigma-1}<\infty$ almost surely. Then land is overvalued in equilibrium."" - ""the fundamental value of the asset (the present value of dividends) $V_{t}:=\frac{1}{\pi_{t}}E_{t}\sum_{s=t+1}^{\infty}\pi_{s}D_{s}$... we define the asset price bubble as $B_{t}:=lim_{T\rightarrow\infty}\frac{1}{\pi_{t}}E_{t}[\pi_{T}P_{T}]\ge0.$""",paraphrase,1. Introduction,medium
CLM_PDF001_Q06_007,PDF001,PDF001_Q06,Hirano_Toda_2025b,"4, 8, 15, 18, 20",mechanism,land,,land changes R versus G and debt-rollover conditions,"Move the technical simulations (e.g., Markov matrix spectral radius equations) and sector-aggregation proofs to an appendix.",,model_based_synthesis,"Move the technical simulations (e.g., Markov matrix spectral radius equations) and sector-aggregation proofs to an appendix.",land-credit crowding-out,validated_paraphrase,NotebookLM-backed paraphrase from completed note; verify exact wording before final quotation.,03_notes/questions/PDF001_Q06.md,C4,,"- Page(s): 4, 8, 15, 18, 20 - Key passage(s), paraphrased or short quote only: - ""Theorem 1 (Land Overvaluation). Suppose Assumptions 1, 2 hold and $E_{0}\sum_{t=1}^{\infty}(A_{Ht}/A_{Xt})^{1/\sigma-1}<\infty$ almost surely. Then land is overvalued in equilibrium."" - ""the fundamental value of the asset (the present value of dividends) $V_{t}:=\frac{1}{\pi_{t}}E_{t}\sum_{s=t+1}^{\infty}\pi_{s}D_{s}$... we define the asset price bubble as $B_{t}:=lim_{T\rightarrow\infty}\frac{1}{\pi_{t}}E_{t}[\pi_{T}P_{T}]\ge0.$""",paraphrase,1. Introduction,medium
CLM_PDF001_Q07_001,PDF001,PDF001_Q07,Hirano_Toda_2025b,6,causality,land,,real-estate credit amplifies land-price inflation,"Treating land overvaluation purely through the lens of substitution elasticity and unbalanced technological progress is limited because the theoretical framework explicitly abstracts from credit markets, leverage, and the role of land as collateral.",leverage parameter; collateral parameter; elasticity of substitution,model_based_synthesis,"Treating land overvaluation purely through the lens of substitution elasticity and unbalanced technological progress is limited because the theoretical framework explicitly abstracts from credit markets, leverage, and the role of land as collateral.",land overvaluation theorem,validated_paraphrase,NotebookLM-backed paraphrase from completed note; verify exact wording before final quotation.,03_notes/questions/PDF001_Q07.md,C4,,"- Page(s): 6 - Key passage(s), paraphrased or short quote only: - ""There is also a literature that emphasizes the role of land as collateral (Kiyotaki and Moore, 1997; Krishnamurthy, 2003; Kocherlakota, 2013). We abstract from this role to clarify the mechanism of how land overvaluation necessarily occurs in a bare-bones model where land plays the dual role of production factor and store of value.""",paraphrase,5. Mechanism II,medium
CLM_PDF001_Q07_002,PDF001,PDF001_Q07,Hirano_Toda_2025b,6,variables_parameters,land,,real-estate credit amplifies land-price inflation,,D_t/r_t,critical_interpretation,"Analyzing Latin American land-rent financialization using this model requires external verification, as the paper deliberately abstracts from the credit constraints, sovereign risk, and foreign-capital dependencies that heavily define the region's financialized real estate markets.",land-credit crowding-out,validated_paraphrase,NotebookLM-backed paraphrase from completed note; verify exact wording before final quotation.,03_notes/questions/PDF001_Q07.md,C4,,"- Page(s): 6 - Key passage(s), paraphrased or short quote only: - ""There is also a literature that emphasizes the role of land as collateral (Kiyotaki and Moore, 1997; Krishnamurthy, 2003; Kocherlakota, 2013). We abstract from this role to clarify the mechanism of how land overvaluation necessarily occurs in a bare-bones model where land plays the dual role of production factor and store of value.""",paraphrase,3. Conceptual objects,medium
CLM_PDF001_Q07_003,PDF001,PDF001_Q07,Hirano_Toda_2025b,6,variables_parameters,land,,unbalanced growth separates land prices from rents,,productivity growth,model_based_synthesis,"The model derives overvaluation strictly from unbalanced growth, where technological progress in labor outpaces fixed land productivity.",land overvaluation theorem,validated_paraphrase,NotebookLM-backed paraphrase from completed note; verify exact wording before final quotation.,03_notes/questions/PDF001_Q07.md,C4,,"- Page(s): 6 - Key passage(s), paraphrased or short quote only: - ""There is also a literature that emphasizes the role of land as collateral (Kiyotaki and Moore, 1997; Krishnamurthy, 2003; Kocherlakota, 2013). We abstract from this role to clarify the mechanism of how land overvaluation necessarily occurs in a bare-bones model where land plays the dual role of production factor and store of value.""",paraphrase,6. Mechanism III,medium
CLM_PDF001_Q07_004,PDF001,PDF001_Q07,Hirano_Toda_2025b,6,causality,land,,unbalanced growth separates land prices from rents,"Because the elasticity of substitution is greater than one ($\sigma 1$), fundamental land rents grow slower than aggregate wages.",D_t/r_t; elasticity of substitution,model_based_synthesis,"Because the elasticity of substitution is greater than one ($\sigma 1$), fundamental land rents grow slower than aggregate wages.",land-credit crowding-out,validated_paraphrase,NotebookLM-backed paraphrase from completed note; verify exact wording before final quotation.,03_notes/questions/PDF001_Q07.md,C4,,"- Page(s): 6 - Key passage(s), paraphrased or short quote only: - ""There is also a literature that emphasizes the role of land as collateral (Kiyotaki and Moore, 1997; Krishnamurthy, 2003; Kocherlakota, 2013). We abstract from this role to clarify the mechanism of how land overvaluation necessarily occurs in a bare-bones model where land plays the dual role of production factor and store of value.""",paraphrase,1. Introduction,medium
CLM_PDF001_Q07_005,PDF001,PDF001_Q07,Hirano_Toda_2025b,6,variables_parameters,land,,unbalanced growth separates land prices from rents,,,model_based_synthesis,The persistent influx of growing wage savings directed at land mathematically forces overvaluation.,land overvaluation theorem,validated_paraphrase,NotebookLM-backed paraphrase from completed note; verify exact wording before final quotation.,03_notes/questions/PDF001_Q07.md,C4,,"- Page(s): 6 - Key passage(s), paraphrased or short quote only: - ""There is also a literature that emphasizes the role of land as collateral (Kiyotaki and Moore, 1997; Krishnamurthy, 2003; Kocherlakota, 2013). We abstract from this role to clarify the mechanism of how land overvaluation necessarily occurs in a bare-bones model where land plays the dual role of production factor and store of value.""",paraphrase,6. Mechanism III,medium
CLM_PDF001_Q07_006,PDF001,PDF001_Q07,Hirano_Toda_2025b,6,causality,land,,real-estate credit amplifies land-price inflation,"However, because the model explicitly abstracts from collateral and credit, it mathematically ignores the leverage dynamics and financial flows that drive actual land-rent financialization.",D_t/r_t; leverage parameter; collateral parameter,model_based_synthesis,"However, because the model explicitly abstracts from collateral and credit, it mathematically ignores the leverage dynamics and financial flows that drive actual land-rent financialization.",land-credit crowding-out,validated_paraphrase,NotebookLM-backed paraphrase from completed note; verify exact wording before final quotation.,03_notes/questions/PDF001_Q07.md,C4,,"- Page(s): 6 - Key passage(s), paraphrased or short quote only: - ""There is also a literature that emphasizes the role of land as collateral (Kiyotaki and Moore, 1997; Krishnamurthy, 2003; Kocherlakota, 2013). We abstract from this role to clarify the mechanism of how land overvaluation necessarily occurs in a bare-bones model where land plays the dual role of production factor and store of value.""",paraphrase,5. Mechanism II,medium
CLM_PDF002_Q01_001,PDF002,PDF002_Q01,Hirano_Toda_2025a,"1, 2, 16, 17",causality,land,,unbalanced growth separates land prices from rents,"The paper refutes the conventional McCallum/Homburg claim that land unconditionally guarantees Pareto efficiency ($RG$), proving that their result depends on knife-edge balanced-growth restrictions and that infinite debt rollover remains possible under realistic unbalanced growth conditions.",productivity growth,model_based_synthesis,"The paper refutes the conventional McCallum/Homburg claim that land unconditionally guarantees Pareto efficiency ($RG$), proving that their result depends on knife-edge balanced-growth restrictions and that infinite debt rollover remains possible under realistic unbalanced growth conditions.",land overvaluation theorem,validated_paraphrase,NotebookLM-backed paraphrase from completed note; verify exact wording before final quotation.,03_notes/questions/PDF002_Q01.md,C5,,"- Page(s): 1, 2, 16, 17 - Key passage(s), paraphrased or short quote only: - ""Since McCallum (1987), it is well known that in an overlapping generations (OLG) economy with land, the equilibrium is Pareto efficient because with balanced growth, the interest rate exceeds the economic growth rate (R>G), which rules out infinite debt rollover..."" - ""...McCallum (1987) and Homburg (1991) that in an OLG economy with a productive, non-reproducible, and non-depreciating asset like land, such inefficiencies with $R<G$ cannot arise in the first place.""",paraphrase,6. Mechanism III,medium
CLM_PDF002_Q01_002,PDF002,PDF002_Q01,Hirano_Toda_2025a,"1, 2, 16, 17",variables_parameters,land,,unbalanced growth separates land prices from rents,,elasticity of substitution; productivity growth,model_based_synthesis,Proposition 3.4 (proving a Pareto inefficient equilibrium exists under unbalanced growth) and Proposition 4.1 (proving McCallum’s labor-share convergence necessitates a knife-edge production function equivalent to $\sigma=1$).,land overvaluation theorem,validated_paraphrase,NotebookLM-backed paraphrase from completed note; verify exact wording before final quotation.,03_notes/questions/PDF002_Q01.md,C5,,"- Page(s): 1, 2, 16, 17 - Key passage(s), paraphrased or short quote only: - ""Since McCallum (1987), it is well known that in an overlapping generations (OLG) economy with land, the equilibrium is Pareto efficient because with balanced growth, the interest rate exceeds the economic growth rate (R>G), which rules out infinite debt rollover..."" - ""...McCallum (1987) and Homburg (1991) that in an OLG economy with a productive, non-reproducible, and non-depreciating asset like land, such inefficiencies with $R<G$ cannot arise in the first place.""",paraphrase,6. Mechanism III,medium
CLM_PDF002_Q01_003,PDF002,PDF002_Q01,Hirano_Toda_2025a,"1, 2, 16, 17",theory_evidence,land,,land changes R versus G and debt-rollover conditions,,,critical_interpretation,"Applying this theoretical critique of the McCallum/Homburg result to Latin American sovereign debt requires external verification, as the paper's framework is a deterministic, closed-economy overlapping-generations model that completely abstracts from the region's exposure to open-economy capital flight, dollarization, and high sovereign risk premiums.",debt rollover / R versus G,validated_paraphrase,NotebookLM-backed paraphrase from completed note; verify exact wording before final quotation.,03_notes/questions/PDF002_Q01.md,C5,,"- Page(s): 1, 2, 16, 17 - Key passage(s), paraphrased or short quote only: - ""Since McCallum (1987), it is well known that in an overlapping generations (OLG) economy with land, the equilibrium is Pareto efficient because with balanced growth, the interest rate exceeds the economic growth rate (R>G), which rules out infinite debt rollover..."" - ""...McCallum (1987) and Homburg (1991) that in an OLG economy with a productive, non-reproducible, and non-depreciating asset like land, such inefficiencies with $R<G$ cannot arise in the first place.""",paraphrase,3. Conceptual objects,medium
CLM_PDF002_Q01_004,PDF002,PDF002_Q01,Hirano_Toda_2025a,"1, 2, 16, 17",variables_parameters,land,,unbalanced growth separates land prices from rents,,D_t/r_t,model_based_synthesis,"McCallum and Homburg assumed steady-state balanced growth, where land rents and prices grow at the exact same rate as overall output.",land-credit crowding-out,validated_paraphrase,NotebookLM-backed paraphrase from completed note; verify exact wording before final quotation.,03_notes/questions/PDF002_Q01.md,C5,,"- Page(s): 1, 2, 16, 17 - Key passage(s), paraphrased or short quote only: - ""Since McCallum (1987), it is well known that in an overlapping generations (OLG) economy with land, the equilibrium is Pareto efficient because with balanced growth, the interest rate exceeds the economic growth rate (R>G), which rules out infinite debt rollover..."" - ""...McCallum (1987) and Homburg (1991) that in an OLG economy with a productive, non-reproducible, and non-depreciating asset like land, such inefficiencies with $R<G$ cannot arise in the first place.""",paraphrase,1. Introduction,medium
CLM_PDF002_Q01_005,PDF002,PDF002_Q01,Hirano_Toda_2025a,"1, 2, 16, 17",variables_parameters,land,,unbalanced growth separates land prices from rents,,D_t/r_t; r; G,model_based_synthesis,"This structural assumption forces the asset's total rate of return (and thus the safe interest rate) strictly above the economic growth rate ($RG$), which inherently precludes sustainable debt rollover.",debt rollover / R versus G,validated_paraphrase,NotebookLM-backed paraphrase from completed note; verify exact wording before final quotation.,03_notes/questions/PDF002_Q01.md,C5,,"- Page(s): 1, 2, 16, 17 - Key passage(s), paraphrased or short quote only: - ""Since McCallum (1987), it is well known that in an overlapping generations (OLG) economy with land, the equilibrium is Pareto efficient because with balanced growth, the interest rate exceeds the economic growth rate (R>G), which rules out infinite debt rollover..."" - ""...McCallum (1987) and Homburg (1991) that in an OLG economy with a productive, non-reproducible, and non-depreciating asset like land, such inefficiencies with $R<G$ cannot arise in the first place.""",paraphrase,7. Mechanism IV,medium
CLM_PDF002_Q01_006,PDF002,PDF002_Q01,Hirano_Toda_2025a,"1, 2, 16, 17",variables_parameters,land,,land changes R versus G and debt-rollover conditions,,elasticity of substitution,model_based_synthesis,Hirano and Toda show this balanced-growth assumption implicitly requires a Cobb-Douglas production function where the elasticity of substitution between land and labor is exactly one ($\sigma=1$).,land-credit crowding-out,validated_paraphrase,NotebookLM-backed paraphrase from completed note; verify exact wording before final quotation.,03_notes/questions/PDF002_Q01.md,C5,,"- Page(s): 1, 2, 16, 17 - Key passage(s), paraphrased or short quote only: - ""Since McCallum (1987), it is well known that in an overlapping generations (OLG) economy with land, the equilibrium is Pareto efficient because with balanced growth, the interest rate exceeds the economic growth rate (R>G), which rules out infinite debt rollover..."" - ""...McCallum (1987) and Homburg (1991) that in an OLG economy with a productive, non-reproducible, and non-depreciating asset like land, such inefficiencies with $R<G$ cannot arise in the first place.""",paraphrase,1. Introduction,medium
CLM_PDF002_Q01_007,PDF002,PDF002_Q01,Hirano_Toda_2025a,"1, 2, 16, 17",variables_parameters,land,,unbalanced growth separates land prices from rents,,R; r; G; elasticity of substitution; productivity growth,model_based_synthesis,"By introducing unbalanced growth where labor productivity outpaces land productivity ($G1$) and inputs are highly substitutable ($\sigma1$), land becomes asymptotically negligible relative to the overall economy; this allows the natural interest rate to fall below the growth rate ($R<G$), enabling Pareto inefficiency and sustainable infinite debt rollover.",land overvaluation theorem,validated_paraphrase,NotebookLM-backed paraphrase from completed note; verify exact wording before final quotation.,03_notes/questions/PDF002_Q01.md,C5,,"- Page(s): 1, 2, 16, 17 - Key passage(s), paraphrased or short quote only: - ""Since McCallum (1987), it is well known that in an overlapping generations (OLG) economy with land, the equilibrium is Pareto efficient because with balanced growth, the interest rate exceeds the economic growth rate (R>G), which rules out infinite debt rollover..."" - ""...McCallum (1987) and Homburg (1991) that in an OLG economy with a productive, non-reproducible, and non-depreciating asset like land, such inefficiencies with $R<G$ cannot arise in the first place.""",paraphrase,6. Mechanism III,medium
CLM_PDF002_Q02_001,PDF002,PDF002_Q02,Hirano_Toda_2025a,"8, 13",variables_parameters,land,,leverage creates land-bubble phase transition,,D_t/r_t; r; G; productivity growth,formal_model_result,"Land bubbles inevitably emerge when high savings motives and unbalanced growth drive the natural interest rate below the growth rate of land dividends ($R < Gr < G$), preventing fundamental asset values from reaching infinity.",land overvaluation theorem,validated_paraphrase,NotebookLM-backed paraphrase from completed note; verify exact wording before final quotation.,03_notes/questions/PDF002_Q02.md,C5,,"- Page(s): 8, 13 - Key passage(s), paraphrased or short quote only: - ""Theorem 1. If Assumptions 1, 2 hold, $e^y > 0$, and $R := \frac{U_1}{U_2}(e^y, e^o) < G_r := \limsup_{t\to\infty} r_t^{1/t} < G$, then all equilibria are asymptotically bubbly... and Pareto efficient."" - ""without a land bubble, interest rates become excessively low and lower than the dividend growth rate; under such conditions, land prices would become infinite, which cannot happen in equilibrium. In other words... the emergence of land price bubbles is necessary for equilibrium existence.""",paraphrase,6. Mechanism III,medium
CLM_PDF002_Q02_002,PDF002,PDF002_Q02,Hirano_Toda_2025a,"8, 13",causality,land,,land changes R versus G and debt-rollover conditions,"Theorem 1 ($R < Gr < G$) and Proposition 3.1 ($R < G^{1/\sigma}$ under CES production), which formally establish the conditions for the inevitable emergence of asymptotically bubbly equilibria.",elasticity of substitution,formal_model_result,"Theorem 1 ($R < Gr < G$) and Proposition 3.1 ($R < G^{1/\sigma}$ under CES production), which formally establish the conditions for the inevitable emergence of asymptotically bubbly equilibria.",land-credit crowding-out,validated_paraphrase,NotebookLM-backed paraphrase from completed note; verify exact wording before final quotation.,03_notes/questions/PDF002_Q02.md,C5,,"- Page(s): 8, 13 - Key passage(s), paraphrased or short quote only: - ""Theorem 1. If Assumptions 1, 2 hold, $e^y > 0$, and $R := \frac{U_1}{U_2}(e^y, e^o) < G_r := \limsup_{t\to\infty} r_t^{1/t} < G$, then all equilibria are asymptotically bubbly... and Pareto efficient."" - ""without a land bubble, interest rates become excessively low and lower than the dividend growth rate; under such conditions, land prices would become infinite, which cannot happen in equilibrium. In other words... the emergence of land price bubbles is necessary for equilibrium existence.""",paraphrase,1. Introduction,medium
CLM_PDF002_Q02_003,PDF002,PDF002_Q02,Hirano_Toda_2025a,"8, 13",causality,land,,real-estate credit amplifies land-price inflation,"Applying these precise demographic and unbalanced-growth conditions to Latin America requires external verification, as the framework relies on a deterministic, closed-economy OLG model and completely abstracts from the region's peripheral realities, such as dollarized urban real estate, sovereign risk premiums, and vulnerability to sudden stops in foreign capital.",,formal_model_result,"Applying these precise demographic and unbalanced-growth conditions to Latin America requires external verification, as the framework relies on a deterministic, closed-economy OLG model and completely abstracts from the region's peripheral realities, such as dollarized urban real estate, sovereign risk premiums, and vulnerability to sudden stops in foreign capital.",land overvaluation theorem,validated_paraphrase,NotebookLM-backed paraphrase from completed note; verify exact wording before final quotation.,03_notes/questions/PDF002_Q02.md,C5,,"- Page(s): 8, 13 - Key passage(s), paraphrased or short quote only: - ""Theorem 1. If Assumptions 1, 2 hold, $e^y > 0$, and $R := \frac{U_1}{U_2}(e^y, e^o) < G_r := \limsup_{t\to\infty} r_t^{1/t} < G$, then all equilibria are asymptotically bubbly... and Pareto efficient."" - ""without a land bubble, interest rates become excessively low and lower than the dividend growth rate; under such conditions, land prices would become infinite, which cannot happen in equilibrium. In other words... the emergence of land price bubbles is necessary for equilibrium existence.""",paraphrase,3. Conceptual objects,medium
CLM_PDF002_Q02_004,PDF002,PDF002_Q02,Hirano_Toda_2025a,"8, 13",variables_parameters,land,,unbalanced growth separates land prices from rents,,D_t/r_t; elasticity of substitution,formal_model_result,"Unbalanced technological growth ($G 1, \sigma 1$) causes overall economic output to grow faster than fundamental land rents ($Gr < G$).",land overvaluation theorem,validated_paraphrase,NotebookLM-backed paraphrase from completed note; verify exact wording before final quotation.,03_notes/questions/PDF002_Q02.md,C5,,"- Page(s): 8, 13 - Key passage(s), paraphrased or short quote only: - ""Theorem 1. If Assumptions 1, 2 hold, $e^y > 0$, and $R := \frac{U_1}{U_2}(e^y, e^o) < G_r := \limsup_{t\to\infty} r_t^{1/t} < G$, then all equilibria are asymptotically bubbly... and Pareto efficient."" - ""without a land bubble, interest rates become excessively low and lower than the dividend growth rate; under such conditions, land prices would become infinite, which cannot happen in equilibrium. In other words... the emergence of land price bubbles is necessary for equilibrium existence.""",paraphrase,6. Mechanism III,medium
CLM_PDF002_Q02_005,PDF002,PDF002_Q02,Hirano_Toda_2025a,"8, 13",variables_parameters,land,,land changes R versus G and debt-rollover conditions,,,formal_model_result,A low relative income for the old generation compels young workers to aggressively save to smooth their life-cycle consumption.,land-credit crowding-out,validated_paraphrase,NotebookLM-backed paraphrase from completed note; verify exact wording before final quotation.,03_notes/questions/PDF002_Q02.md,C5,,"- Page(s): 8, 13 - Key passage(s), paraphrased or short quote only: - ""Theorem 1. If Assumptions 1, 2 hold, $e^y > 0$, and $R := \frac{U_1}{U_2}(e^y, e^o) < G_r := \limsup_{t\to\infty} r_t^{1/t} < G$, then all equilibria are asymptotically bubbly... and Pareto efficient."" - ""without a land bubble, interest rates become excessively low and lower than the dividend growth rate; under such conditions, land prices would become infinite, which cannot happen in equilibrium. In other words... the emergence of land price bubbles is necessary for equilibrium existence.""",paraphrase,1. Introduction,medium
CLM_PDF002_Q02_006,PDF002,PDF002_Q02,Hirano_Toda_2025a,"8, 13",variables_parameters,land,,land changes R versus G and debt-rollover conditions,,D_t/r_t; r; G,formal_model_result,This influx of aggregate savings structurally suppresses the natural interest rate below the dividend growth rate ($R < Gr$).,land-credit crowding-out,validated_paraphrase,NotebookLM-backed paraphrase from completed note; verify exact wording before final quotation.,03_notes/questions/PDF002_Q02.md,C5,,"- Page(s): 8, 13 - Key passage(s), paraphrased or short quote only: - ""Theorem 1. If Assumptions 1, 2 hold, $e^y > 0$, and $R := \frac{U_1}{U_2}(e^y, e^o) < G_r := \limsup_{t\to\infty} r_t^{1/t} < G$, then all equilibria are asymptotically bubbly... and Pareto efficient."" - ""without a land bubble, interest rates become excessively low and lower than the dividend growth rate; under such conditions, land prices would become infinite, which cannot happen in equilibrium. In other words... the emergence of land price bubbles is necessary for equilibrium existence.""",paraphrase,1. Introduction,medium
CLM_PDF002_Q02_007,PDF002,PDF002_Q02,Hirano_Toda_2025a,"8, 13",variables_parameters,land,,real-estate credit amplifies land-price inflation,,P_t,formal_model_result,"To clear the market without fundamental land prices becoming mathematically infinite, an efficient land bubble must inevitably emerge to absorb the excess savings.",land-credit crowding-out,validated_paraphrase,NotebookLM-backed paraphrase from completed note; verify exact wording before final quotation.,03_notes/questions/PDF002_Q02.md,C5,,"- Page(s): 8, 13 - Key passage(s), paraphrased or short quote only: - ""Theorem 1. If Assumptions 1, 2 hold, $e^y > 0$, and $R := \frac{U_1}{U_2}(e^y, e^o) < G_r := \limsup_{t\to\infty} r_t^{1/t} < G$, then all equilibria are asymptotically bubbly... and Pareto efficient."" - ""without a land bubble, interest rates become excessively low and lower than the dividend growth rate; under such conditions, land prices would become infinite, which cannot happen in equilibrium. In other words... the emergence of land price bubbles is necessary for equilibrium existence.""",paraphrase,1. Introduction,medium
CLM_PDF002_Q03_001,PDF002,PDF002_Q03,Hirano_Toda_2025a,"2, 9, 10",causality,land,,real-estate credit amplifies land-price inflation,"Infinite debt rollover is possible in a Pareto efficient land economy because the fiscal authority can sustainably issue public debt to absorb a proportional share of an inevitably emerging, efficient land price bubble.",P_t,model_based_synthesis,"Infinite debt rollover is possible in a Pareto efficient land economy because the fiscal authority can sustainably issue public debt to absorb a proportional share of an inevitably emerging, efficient land price bubble.",debt rollover / R versus G,validated_paraphrase,NotebookLM-backed paraphrase from completed note; verify exact wording before final quotation.,03_notes/questions/PDF002_Q03.md,C5,,"- Page(s): 2, 9, 10 - Key passage(s), paraphrased or short quote only: - ""if the economy falls into a sufficiently low interest rate environment, land price bubbles necessarily emerge in equilibrium, and Pareto efficiency is simultaneously achieved. Contrary to common understanding, despite Pareto efficiency, infinite debt rollover becomes possible."" - ""In any bubbly equilibrium, the bubble component of the asset must grow at the rate of interest. Thus, we can arbitrarily divide the sequence of bubbles proportionally in two parts, call one part public debt, and we can construct an observationally equivalent equilibrium.""",paraphrase,7. Mechanism IV,medium
CLM_PDF002_Q03_002,PDF002,PDF002_Q03,Hirano_Toda_2025a,"2, 9, 10",variables_parameters,land,,land changes R versus G and debt-rollover conditions,,,formal_model_result,Theorem 1 (proving all equilibria are asymptotically bubbly and Pareto efficient) and Corollary 2 (proving infinite debt rollover is possible by defining public debt as $Bt = \theta(Pt - Vt)$ where $B{t+1} = Rt Bt$).,debt rollover / R versus G,validated_paraphrase,NotebookLM-backed paraphrase from completed note; verify exact wording before final quotation.,03_notes/questions/PDF002_Q03.md,C5,,"- Page(s): 2, 9, 10 - Key passage(s), paraphrased or short quote only: - ""if the economy falls into a sufficiently low interest rate environment, land price bubbles necessarily emerge in equilibrium, and Pareto efficiency is simultaneously achieved. Contrary to common understanding, despite Pareto efficiency, infinite debt rollover becomes possible."" - ""In any bubbly equilibrium, the bubble component of the asset must grow at the rate of interest. Thus, we can arbitrarily divide the sequence of bubbles proportionally in two parts, call one part public debt, and we can construct an observationally equivalent equilibrium.""",paraphrase,7. Mechanism IV,medium
CLM_PDF002_Q03_003,PDF002,PDF002_Q03,Hirano_Toda_2025a,"2, 9, 10",variables_parameters,land,,land changes R versus G and debt-rollover conditions,,,critical_interpretation,"Applying this closed-economy, deterministic mechanism for debt rollover to Latin America requires external verification, as the model entirely abstracts from the region's exposure to aggregate uncertainty, sovereign risk premiums, capital flight, and foreign-currency-denominated public debt.",debt rollover / R versus G,validated_paraphrase,NotebookLM-backed paraphrase from completed note; verify exact wording before final quotation.,03_notes/questions/PDF002_Q03.md,C5,,"- Page(s): 2, 9, 10 - Key passage(s), paraphrased or short quote only: - ""if the economy falls into a sufficiently low interest rate environment, land price bubbles necessarily emerge in equilibrium, and Pareto efficiency is simultaneously achieved. Contrary to common understanding, despite Pareto efficiency, infinite debt rollover becomes possible."" - ""In any bubbly equilibrium, the bubble component of the asset must grow at the rate of interest. Thus, we can arbitrarily divide the sequence of bubbles proportionally in two parts, call one part public debt, and we can construct an observationally equivalent equilibrium.""",paraphrase,3. Conceptual objects,medium
CLM_PDF002_Q03_004,PDF002,PDF002_Q03,Hirano_Toda_2025a,"2, 9, 10",mechanism,land,,real-estate credit amplifies land-price inflation,"High savings motives suppress the natural interest rate, which would ordinarily cause fundamental land prices to become infinite.",P_t; r,model_based_synthesis,"High savings motives suppress the natural interest rate, which would ordinarily cause fundamental land prices to become infinite.",land-credit crowding-out,validated_paraphrase,NotebookLM-backed paraphrase from completed note; verify exact wording before final quotation.,03_notes/questions/PDF002_Q03.md,C5,,"- Page(s): 2, 9, 10 - Key passage(s), paraphrased or short quote only: - ""if the economy falls into a sufficiently low interest rate environment, land price bubbles necessarily emerge in equilibrium, and Pareto efficiency is simultaneously achieved. Contrary to common understanding, despite Pareto efficiency, infinite debt rollover becomes possible."" - ""In any bubbly equilibrium, the bubble component of the asset must grow at the rate of interest. Thus, we can arbitrarily divide the sequence of bubbles proportionally in two parts, call one part public debt, and we can construct an observationally equivalent equilibrium.""",paraphrase,1. Introduction,medium
CLM_PDF002_Q03_005,PDF002,PDF002_Q03,Hirano_Toda_2025a,"2, 9, 10",variables_parameters,land,,real-estate credit amplifies land-price inflation,,P_t,model_based_synthesis,"To maintain equilibrium, an asymptotically growing land price bubble inevitably emerges to absorb the excess savings, achieving Pareto efficiency.",land-credit crowding-out,validated_paraphrase,NotebookLM-backed paraphrase from completed note; verify exact wording before final quotation.,03_notes/questions/PDF002_Q03.md,C5,,"- Page(s): 2, 9, 10 - Key passage(s), paraphrased or short quote only: - ""if the economy falls into a sufficiently low interest rate environment, land price bubbles necessarily emerge in equilibrium, and Pareto efficiency is simultaneously achieved. Contrary to common understanding, despite Pareto efficiency, infinite debt rollover becomes possible."" - ""In any bubbly equilibrium, the bubble component of the asset must grow at the rate of interest. Thus, we can arbitrarily divide the sequence of bubbles proportionally in two parts, call one part public debt, and we can construct an observationally equivalent equilibrium.""",paraphrase,1. Introduction,medium
CLM_PDF002_Q03_006,PDF002,PDF002_Q03,Hirano_Toda_2025a,"2, 9, 10",variables_parameters,land,,leverage creates land-bubble phase transition,,,model_based_synthesis,"Within this efficient equilibrium, the bubble component of the land asset mathematically grows at the rate of interest.",land-credit crowding-out,validated_paraphrase,NotebookLM-backed paraphrase from completed note; verify exact wording before final quotation.,03_notes/questions/PDF002_Q03.md,C5,,"- Page(s): 2, 9, 10 - Key passage(s), paraphrased or short quote only: - ""if the economy falls into a sufficiently low interest rate environment, land price bubbles necessarily emerge in equilibrium, and Pareto efficiency is simultaneously achieved. Contrary to common understanding, despite Pareto efficiency, infinite debt rollover becomes possible."" - ""In any bubbly equilibrium, the bubble component of the asset must grow at the rate of interest. Thus, we can arbitrarily divide the sequence of bubbles proportionally in two parts, call one part public debt, and we can construct an observationally equivalent equilibrium.""",paraphrase,1. Introduction,medium
CLM_PDF002_Q03_007,PDF002,PDF002_Q03,Hirano_Toda_2025a,"2, 9, 10",mechanism,land,,leverage creates land-bubble phase transition,"The fiscal authority can therefore construct an observationally equivalent equilibrium by arbitrarily dividing this efficient bubble and issuing public debt to replace a portion of it, enabling sustainable infinite debt rollover.",,model_based_synthesis,"The fiscal authority can therefore construct an observationally equivalent equilibrium by arbitrarily dividing this efficient bubble and issuing public debt to replace a portion of it, enabling sustainable infinite debt rollover.",debt rollover / R versus G,validated_paraphrase,NotebookLM-backed paraphrase from completed note; verify exact wording before final quotation.,03_notes/questions/PDF002_Q03.md,C5,,"- Page(s): 2, 9, 10 - Key passage(s), paraphrased or short quote only: - ""if the economy falls into a sufficiently low interest rate environment, land price bubbles necessarily emerge in equilibrium, and Pareto efficiency is simultaneously achieved. Contrary to common understanding, despite Pareto efficiency, infinite debt rollover becomes possible."" - ""In any bubbly equilibrium, the bubble component of the asset must grow at the rate of interest. Thus, we can arbitrarily divide the sequence of bubbles proportionally in two parts, call one part public debt, and we can construct an observationally equivalent equilibrium.""",paraphrase,7. Mechanism IV,medium
CLM_PDF002_Q04_001,PDF002,PDF002_Q04,Hirano_Toda_2025a,"3, 14, 20",causality,land,,unbalanced growth separates land prices from rents,"Unbalanced growth is theoretically necessary for infinite debt rollover in an economy with land because balanced growth structurally forces the interest rate above the economic growth rate ($R G$), rendering any Ponzi scheme unsustainable.",r; G; productivity growth,model_based_synthesis,"Unbalanced growth is theoretically necessary for infinite debt rollover in an economy with land because balanced growth structurally forces the interest rate above the economic growth rate ($R G$), rendering any Ponzi scheme unsustainable.",land overvaluation theorem,validated_paraphrase,NotebookLM-backed paraphrase from completed note; verify exact wording before final quotation.,03_notes/questions/PDF002_Q04.md,C5,,"- Page(s): 3, 14, 20 - Key passage(s), paraphrased or short quote only: - ""In the economy with land, the dynamic path with infinite debt rollover requires unbalanced growth where the productivities of different production factors grow at different rates. This is because with land, $R>G$ holds with balanced growth, which makes infinite debt rollover impossible."" - ""The distinctive feature of a model with the inevitable emergence of land bubbles and infinite debt rollover is that the dynamics necessarily exhibits unbalanced growth... Suppose, instead, that $G=1$ or $\sigma=1$. Then wages and land rents will grow at the same rate, achieving balanced growth... Since $R>G$... infinite debt rollover is impossible. The intuition is that, if $R>G$ but infinite debt rollover is possible, then debt grows faster than the economy, which is not sustainable.""",paraphrase,6. Mechanism III,medium
CLM_PDF002_Q04_002,PDF002,PDF002_Q04,Hirano_Toda_2025a,"3, 14, 20",variables_parameters,land,,land changes R versus G and debt-rollover conditions,,elasticity of substitution,model_based_synthesis,"Proposition 3.3, which proves that under balanced growth ($G=1$ or $\sigma=1$), $R G$ necessarily emerges and infinite debt rollover is impossible.",debt rollover / R versus G,validated_paraphrase,NotebookLM-backed paraphrase from completed note; verify exact wording before final quotation.,03_notes/questions/PDF002_Q04.md,C5,,"- Page(s): 3, 14, 20 - Key passage(s), paraphrased or short quote only: - ""In the economy with land, the dynamic path with infinite debt rollover requires unbalanced growth where the productivities of different production factors grow at different rates. This is because with land, $R>G$ holds with balanced growth, which makes infinite debt rollover impossible."" - ""The distinctive feature of a model with the inevitable emergence of land bubbles and infinite debt rollover is that the dynamics necessarily exhibits unbalanced growth... Suppose, instead, that $G=1$ or $\sigma=1$. Then wages and land rents will grow at the same rate, achieving balanced growth... Since $R>G$... infinite debt rollover is impossible. The intuition is that, if $R>G$ but infinite debt rollover is possible, then debt grows faster than the economy, which is not sustainable.""",paraphrase,7. Mechanism IV,medium
CLM_PDF002_Q04_003,PDF002,PDF002_Q04,Hirano_Toda_2025a,"3, 14, 20",variables_parameters,land,,unbalanced growth separates land prices from rents,,D_t/r_t; productivity growth,critical_interpretation,"Applying the necessity of unbalanced growth for debt rollover to Latin America requires external verification, as the region's sovereign debt sustainability is frequently dictated by external shocks, foreign-currency denomination, and sudden stops in capital flows, rather than the deterministic, closed-economy productivity differentials modeled here.",land overvaluation theorem,validated_paraphrase,NotebookLM-backed paraphrase from completed note; verify exact wording before final quotation.,03_notes/questions/PDF002_Q04.md,C5,,"- Page(s): 3, 14, 20 - Key passage(s), paraphrased or short quote only: - ""In the economy with land, the dynamic path with infinite debt rollover requires unbalanced growth where the productivities of different production factors grow at different rates. This is because with land, $R>G$ holds with balanced growth, which makes infinite debt rollover impossible."" - ""The distinctive feature of a model with the inevitable emergence of land bubbles and infinite debt rollover is that the dynamics necessarily exhibits unbalanced growth... Suppose, instead, that $G=1$ or $\sigma=1$. Then wages and land rents will grow at the same rate, achieving balanced growth... Since $R>G$... infinite debt rollover is impossible. The intuition is that, if $R>G$ but infinite debt rollover is possible, then debt grows faster than the economy, which is not sustainable.""",paraphrase,3. Conceptual objects,medium
CLM_PDF002_Q04_004,PDF002,PDF002_Q04,Hirano_Toda_2025a,"3, 14, 20",variables_parameters,land,,real-estate credit amplifies land-price inflation,,P_t; D_t/r_t,model_based_synthesis,"Under balanced growth, fundamental land rents, land prices, and overall economic output grow at identical rates.",land-credit crowding-out,validated_paraphrase,NotebookLM-backed paraphrase from completed note; verify exact wording before final quotation.,03_notes/questions/PDF002_Q04.md,C5,,"- Page(s): 3, 14, 20 - Key passage(s), paraphrased or short quote only: - ""In the economy with land, the dynamic path with infinite debt rollover requires unbalanced growth where the productivities of different production factors grow at different rates. This is because with land, $R>G$ holds with balanced growth, which makes infinite debt rollover impossible."" - ""The distinctive feature of a model with the inevitable emergence of land bubbles and infinite debt rollover is that the dynamics necessarily exhibits unbalanced growth... Suppose, instead, that $G=1$ or $\sigma=1$. Then wages and land rents will grow at the same rate, achieving balanced growth... Since $R>G$... infinite debt rollover is impossible. The intuition is that, if $R>G$ but infinite debt rollover is possible, then debt grows faster than the economy, which is not sustainable.""",paraphrase,1. Introduction,medium
CLM_PDF002_Q04_005,PDF002,PDF002_Q04,Hirano_Toda_2025a,"3, 14, 20",causality,land,,land changes R versus G and debt-rollover conditions,"Because land yields a positive intrinsic dividend, its total return strictly exceeds the growth rate of the economy.",D_t/r_t; G,model_based_synthesis,"Because land yields a positive intrinsic dividend, its total return strictly exceeds the growth rate of the economy.",land-credit crowding-out,validated_paraphrase,NotebookLM-backed paraphrase from completed note; verify exact wording before final quotation.,03_notes/questions/PDF002_Q04.md,C5,,"- Page(s): 3, 14, 20 - Key passage(s), paraphrased or short quote only: - ""In the economy with land, the dynamic path with infinite debt rollover requires unbalanced growth where the productivities of different production factors grow at different rates. This is because with land, $R>G$ holds with balanced growth, which makes infinite debt rollover impossible."" - ""The distinctive feature of a model with the inevitable emergence of land bubbles and infinite debt rollover is that the dynamics necessarily exhibits unbalanced growth... Suppose, instead, that $G=1$ or $\sigma=1$. Then wages and land rents will grow at the same rate, achieving balanced growth... Since $R>G$... infinite debt rollover is impossible. The intuition is that, if $R>G$ but infinite debt rollover is possible, then debt grows faster than the economy, which is not sustainable.""",paraphrase,1. Introduction,medium
CLM_PDF002_Q04_006,PDF002,PDF002_Q04,Hirano_Toda_2025a,"3, 14, 20",causality,land,,land changes R versus G and debt-rollover conditions,"No-arbitrage conditions dictate that the safe interest rate on government debt must equal the return on land, mathematically ensuring $R G$.",r,model_based_synthesis,"No-arbitrage conditions dictate that the safe interest rate on government debt must equal the return on land, mathematically ensuring $R G$.",debt rollover / R versus G,validated_paraphrase,NotebookLM-backed paraphrase from completed note; verify exact wording before final quotation.,03_notes/questions/PDF002_Q04.md,C5,,"- Page(s): 3, 14, 20 - Key passage(s), paraphrased or short quote only: - ""In the economy with land, the dynamic path with infinite debt rollover requires unbalanced growth where the productivities of different production factors grow at different rates. This is because with land, $R>G$ holds with balanced growth, which makes infinite debt rollover impossible."" - ""The distinctive feature of a model with the inevitable emergence of land bubbles and infinite debt rollover is that the dynamics necessarily exhibits unbalanced growth... Suppose, instead, that $G=1$ or $\sigma=1$. Then wages and land rents will grow at the same rate, achieving balanced growth... Since $R>G$... infinite debt rollover is impossible. The intuition is that, if $R>G$ but infinite debt rollover is possible, then debt grows faster than the economy, which is not sustainable.""",paraphrase,7. Mechanism IV,medium
CLM_PDF002_Q04_007,PDF002,PDF002_Q04,Hirano_Toda_2025a,"3, 14, 20",variables_parameters,land,,unbalanced growth separates land prices from rents,,r; productivity growth,model_based_synthesis,"With $R G$, any infinitely rolled-over public debt would grow faster than the economy, forcing unsustainability; thus, unbalanced growth is required to suppress the natural interest rate and enable sustainable debt rollover.",land overvaluation theorem,validated_paraphrase,NotebookLM-backed paraphrase from completed note; verify exact wording before final quotation.,03_notes/questions/PDF002_Q04.md,C5,,"- Page(s): 3, 14, 20 - Key passage(s), paraphrased or short quote only: - ""In the economy with land, the dynamic path with infinite debt rollover requires unbalanced growth where the productivities of different production factors grow at different rates. This is because with land, $R>G$ holds with balanced growth, which makes infinite debt rollover impossible."" - ""The distinctive feature of a model with the inevitable emergence of land bubbles and infinite debt rollover is that the dynamics necessarily exhibits unbalanced growth... Suppose, instead, that $G=1$ or $\sigma=1$. Then wages and land rents will grow at the same rate, achieving balanced growth... Since $R>G$... infinite debt rollover is impossible. The intuition is that, if $R>G$ but infinite debt rollover is possible, then debt grows faster than the economy, which is not sustainable.""",paraphrase,6. Mechanism III,medium
CLM_PDF002_Q05_001,PDF002,PDF002_Q05,Hirano_Toda_2025a,"8, 9, 15, 16, 17",variables_parameters,land,,unbalanced growth separates land prices from rents,,elasticity of substitution; productivity growth,model_based_synthesis,"The CES production example proves that McCallum's ""land efficiency"" result hinges on a knife-edge mathematical restriction ($\sigma = 1$), and demonstrates that relaxing it to allow unbalanced growth ($\sigma 1$) permits Pareto inefficient equilibria and sustainable infinite debt rollover.",land overvaluation theorem,validated_paraphrase,NotebookLM-backed paraphrase from completed note; verify exact wording before final quotation.,03_notes/questions/PDF002_Q05.md,C5,,"- Page(s): 8, 9, 15, 16, 17 - Key passage(s), paraphrased or short quote only: - ""...goes beyond McCallum (1987), whose analysis turns out to be a knife-edge case of the elasticity of substitution being just equal to one and/or of equal productivity growth rates across different production factors..."" - ""Since $\sigma>1$ implies $G^{1/\sigma}<G$, the land price becomes negligible relative to aggregate endowments, so the equilibrium asymptotically behaves like the landless economy as if no trade in land takes place.""",paraphrase,6. Mechanism III,medium
CLM_PDF002_Q05_002,PDF002,PDF002_Q05,Hirano_Toda_2025a,"8, 9, 15, 16, 17",variables_parameters,land,,land changes R versus G and debt-rollover conditions,,elasticity of substitution,model_based_synthesis,"Proposition 3.4 (proving a Pareto inefficient equilibrium arises under CES when $G1$ and $\sigma1$) and Proposition 4.1 (proving McCallum’s balanced-growth labor-share convergence necessitates a production function essentially restricted to Cobb-Douglas, corresponding to $\sigma=1$).",land-credit crowding-out,validated_paraphrase,NotebookLM-backed paraphrase from completed note; verify exact wording before final quotation.,03_notes/questions/PDF002_Q05.md,C5,,"- Page(s): 8, 9, 15, 16, 17 - Key passage(s), paraphrased or short quote only: - ""...goes beyond McCallum (1987), whose analysis turns out to be a knife-edge case of the elasticity of substitution being just equal to one and/or of equal productivity growth rates across different production factors..."" - ""Since $\sigma>1$ implies $G^{1/\sigma}<G$, the land price becomes negligible relative to aggregate endowments, so the equilibrium asymptotically behaves like the landless economy as if no trade in land takes place.""",paraphrase,1. Introduction,medium
CLM_PDF002_Q05_003,PDF002,PDF002_Q05,Hirano_Toda_2025a,"8, 9, 15, 16, 17",variables_parameters,land,,land changes R versus G and debt-rollover conditions,,,formal_model_result,"Applying this theoretical revision via CES production mechanics to Latin America requires external verification, as the stylized formalization abstracts entirely from the region's structural heterogeneity, informal labor markets, commodity-export dependence, and external debt vulnerabilities.",debt rollover / R versus G,validated_paraphrase,NotebookLM-backed paraphrase from completed note; verify exact wording before final quotation.,03_notes/questions/PDF002_Q05.md,C5,,"- Page(s): 8, 9, 15, 16, 17 - Key passage(s), paraphrased or short quote only: - ""...goes beyond McCallum (1987), whose analysis turns out to be a knife-edge case of the elasticity of substitution being just equal to one and/or of equal productivity growth rates across different production factors..."" - ""Since $\sigma>1$ implies $G^{1/\sigma}<G$, the land price becomes negligible relative to aggregate endowments, so the equilibrium asymptotically behaves like the landless economy as if no trade in land takes place.""",paraphrase,7. Mechanism IV,medium
CLM_PDF002_Q05_004,PDF002,PDF002_Q05,Hirano_Toda_2025a,"8, 9, 15, 16, 17",variables_parameters,land,,real-estate credit amplifies land-price inflation,,P_t; D_t/r_t; elasticity of substitution,model_based_synthesis,"McCallum's balanced-growth framework mathematically necessitates a production function with an elasticity of substitution exactly equal to one ($\sigma = 1$), forcing land prices and aggregate output to grow concurrently.",land-credit crowding-out,validated_paraphrase,NotebookLM-backed paraphrase from completed note; verify exact wording before final quotation.,03_notes/questions/PDF002_Q05.md,C5,,"- Page(s): 8, 9, 15, 16, 17 - Key passage(s), paraphrased or short quote only: - ""...goes beyond McCallum (1987), whose analysis turns out to be a knife-edge case of the elasticity of substitution being just equal to one and/or of equal productivity growth rates across different production factors..."" - ""Since $\sigma>1$ implies $G^{1/\sigma}<G$, the land price becomes negligible relative to aggregate endowments, so the equilibrium asymptotically behaves like the landless economy as if no trade in land takes place.""",paraphrase,1. Introduction,medium
CLM_PDF002_Q05_005,PDF002,PDF002_Q05,Hirano_Toda_2025a,"8, 9, 15, 16, 17",variables_parameters,land,,unbalanced growth separates land prices from rents,,G; elasticity of substitution; productivity growth,measurement_or_empirical_motivation,The authors' CES example introduces empirically plausible unbalanced growth by setting $\sigma 1$ and a labor productivity growth rate strictly greater than land productivity ($G 1$).,land overvaluation theorem,validated_paraphrase,NotebookLM-backed paraphrase from completed note; verify exact wording before final quotation.,03_notes/questions/PDF002_Q05.md,C5,,"- Page(s): 8, 9, 15, 16, 17 - Key passage(s), paraphrased or short quote only: - ""...goes beyond McCallum (1987), whose analysis turns out to be a knife-edge case of the elasticity of substitution being just equal to one and/or of equal productivity growth rates across different production factors..."" - ""Since $\sigma>1$ implies $G^{1/\sigma}<G$, the land price becomes negligible relative to aggregate endowments, so the equilibrium asymptotically behaves like the landless economy as if no trade in land takes place.""",paraphrase,6. Mechanism III,medium
CLM_PDF002_Q05_006,PDF002,PDF002_Q05,Hirano_Toda_2025a,"8, 9, 15, 16, 17",causality,land,,unbalanced growth separates land prices from rents,"Under these broader conditions, fundamental land rents grow significantly slower than aggregate wages, causing the land asset to become asymptotically negligible relative to the overall economy.",D_t/r_t,model_based_synthesis,"Under these broader conditions, fundamental land rents grow significantly slower than aggregate wages, causing the land asset to become asymptotically negligible relative to the overall economy.",land-credit crowding-out,validated_paraphrase,NotebookLM-backed paraphrase from completed note; verify exact wording before final quotation.,03_notes/questions/PDF002_Q05.md,C5,,"- Page(s): 8, 9, 15, 16, 17 - Key passage(s), paraphrased or short quote only: - ""...goes beyond McCallum (1987), whose analysis turns out to be a knife-edge case of the elasticity of substitution being just equal to one and/or of equal productivity growth rates across different production factors..."" - ""Since $\sigma>1$ implies $G^{1/\sigma}<G$, the land price becomes negligible relative to aggregate endowments, so the equilibrium asymptotically behaves like the landless economy as if no trade in land takes place.""",paraphrase,1. Introduction,medium
CLM_PDF002_Q05_007,PDF002,PDF002_Q05,Hirano_Toda_2025a,"8, 9, 15, 16, 17",variables_parameters,land,,land changes R versus G and debt-rollover conditions,,r; G,model_based_synthesis,"This structural shift allows the natural interest rate to fall below the economic growth rate ($R < G$), generating a Pareto inefficient equilibrium that effectively behaves like a landless economy, enabling infinite debt rollover.",debt rollover / R versus G,validated_paraphrase,NotebookLM-backed paraphrase from completed note; verify exact wording before final quotation.,03_notes/questions/PDF002_Q05.md,C5,,"- Page(s): 8, 9, 15, 16, 17 - Key passage(s), paraphrased or short quote only: - ""...goes beyond McCallum (1987), whose analysis turns out to be a knife-edge case of the elasticity of substitution being just equal to one and/or of equal productivity growth rates across different production factors..."" - ""Since $\sigma>1$ implies $G^{1/\sigma}<G$, the land price becomes negligible relative to aggregate endowments, so the equilibrium asymptotically behaves like the landless economy as if no trade in land takes place.""",paraphrase,7. Mechanism IV,medium
CLM_PDF002_Q06_001,PDF002,PDF002_Q06,Hirano_Toda_2025a,"1-3, 7-9, 13-14, 20",causality,land,,leverage creates land-bubble phase transition,"The presence of land fundamentally alters the conditions for infinite debt rollover; rather than relying on a Pareto inefficient $R<G$ state, debt rollover in a land economy is sustained by the inevitable emergence of land bubbles under Pareto efficient, unbalanced growth.",R; productivity growth,model_based_synthesis,"The presence of land fundamentally alters the conditions for infinite debt rollover; rather than relying on a Pareto inefficient $R<G$ state, debt rollover in a land economy is sustained by the inevitable emergence of land bubbles under Pareto efficient, unbalanced growth.",land overvaluation theorem,validated_paraphrase,NotebookLM-backed paraphrase from completed note; verify exact wording before final quotation.,03_notes/questions/PDF002_Q06.md,C5,,"- Page(s): 1-3, 7-9, 13-14, 20 - Key passage(s), paraphrased or short quote only: - ""The conventional approach considers a hypothetical world in which land does not exist... it is often claimed that the existence of a Pareto inefficient equilibrium and the possibility of infinite debt rollover are two sides of the same coin. However, the mere existence of land fundamentally changes this view."" [3] - ""If the economy falls into a sufficiently low interest rate environment, land price bubbles necessarily emerge... Despite Pareto efficiency, infinite debt rollover becomes possible."" [7]",paraphrase,6. Mechanism III,medium
CLM_PDF002_Q06_002,PDF002,PDF002_Q06,Hirano_Toda_2025a,"1-3, 7-9, 13-14, 20",theory_evidence,land,,leverage creates land-bubble phase transition,,,formal_model_result,Theorem 1 (necessity of land bubbles and Pareto efficiency) and Corollary 2 (possibility of infinite debt rollover).,debt rollover / R versus G,validated_paraphrase,NotebookLM-backed paraphrase from completed note; verify exact wording before final quotation.,03_notes/questions/PDF002_Q06.md,C5,,"- Page(s): 1-3, 7-9, 13-14, 20 - Key passage(s), paraphrased or short quote only: - ""The conventional approach considers a hypothetical world in which land does not exist... it is often claimed that the existence of a Pareto inefficient equilibrium and the possibility of infinite debt rollover are two sides of the same coin. However, the mere existence of land fundamentally changes this view."" [3] - ""If the economy falls into a sufficiently low interest rate environment, land price bubbles necessarily emerge... Despite Pareto efficiency, infinite debt rollover becomes possible."" [7]",paraphrase,7. Mechanism IV,medium
CLM_PDF002_Q06_003,PDF002,PDF002_Q06,Hirano_Toda_2025a,"1-3, 7-9, 13-14, 20",variables_parameters,land,,leverage creates land-bubble phase transition,,,policy_implication,"For Latin American applicability, this closed-economy framework structurally abstracts from the reality that peripheral sovereign debt rollover is constrained primarily by exogenous global financial shocks, foreign exchange bottlenecks, and core-economy monetary policy, rather than domestic life-cycle savings and endogenous land bubbles.",debt rollover / R versus G,validated_paraphrase,NotebookLM-backed paraphrase from completed note; verify exact wording before final quotation.,03_notes/questions/PDF002_Q06.md,C5,,"- Page(s): 1-3, 7-9, 13-14, 20 - Key passage(s), paraphrased or short quote only: - ""The conventional approach considers a hypothetical world in which land does not exist... it is often claimed that the existence of a Pareto inefficient equilibrium and the possibility of infinite debt rollover are two sides of the same coin. However, the mere existence of land fundamentally changes this view."" [3] - ""If the economy falls into a sufficiently low interest rate environment, land price bubbles necessarily emerge... Despite Pareto efficiency, infinite debt rollover becomes possible."" [7]",paraphrase,7. Mechanism IV,medium
CLM_PDF002_Q06_004,PDF002,PDF002_Q06,Hirano_Toda_2025a,"1-3, 7-9, 13-14, 20",variables_parameters,land,,land changes R versus G and debt-rollover conditions,,R; r; G,model_based_synthesis,"In a standard landless economy, oversaving pushes the interest rate below the growth rate ($R<G$), creating a Pareto inefficient equilibrium that permits infinite debt rollover.",debt rollover / R versus G,validated_paraphrase,NotebookLM-backed paraphrase from completed note; verify exact wording before final quotation.,03_notes/questions/PDF002_Q06.md,C5,,"- Page(s): 1-3, 7-9, 13-14, 20 - Key passage(s), paraphrased or short quote only: - ""The conventional approach considers a hypothetical world in which land does not exist... it is often claimed that the existence of a Pareto inefficient equilibrium and the possibility of infinite debt rollover are two sides of the same coin. However, the mere existence of land fundamentally changes this view."" [3] - ""If the economy falls into a sufficiently low interest rate environment, land price bubbles necessarily emerge... Despite Pareto efficiency, infinite debt rollover becomes possible."" [7]",paraphrase,7. Mechanism IV,medium
CLM_PDF002_Q06_005,PDF002,PDF002_Q06,Hirano_Toda_2025a,"1-3, 7-9, 13-14, 20",variables_parameters,land,,land changes R versus G and debt-rollover conditions,,,model_based_synthesis,"In an economy with land, balanced growth naturally results in $RG$, which makes infinite debt rollover impossible.",debt rollover / R versus G,validated_paraphrase,NotebookLM-backed paraphrase from completed note; verify exact wording before final quotation.,03_notes/questions/PDF002_Q06.md,C5,,"- Page(s): 1-3, 7-9, 13-14, 20 - Key passage(s), paraphrased or short quote only: - ""The conventional approach considers a hypothetical world in which land does not exist... it is often claimed that the existence of a Pareto inefficient equilibrium and the possibility of infinite debt rollover are two sides of the same coin. However, the mere existence of land fundamentally changes this view."" [3] - ""If the economy falls into a sufficiently low interest rate environment, land price bubbles necessarily emerge... Despite Pareto efficiency, infinite debt rollover becomes possible."" [7]",paraphrase,7. Mechanism IV,medium
CLM_PDF002_Q06_006,PDF002,PDF002_Q06,Hirano_Toda_2025a,"1-3, 7-9, 13-14, 20",variables_parameters,land,,leverage creates land-bubble phase transition,,D_t/r_t; r; G; productivity growth,model_based_synthesis,"However, if the economy experiences unbalanced growth (e.g., labor productivity outpaces land productivity) and interest rates fall below the dividend growth rate, a bubbleless equilibrium cannot mathematically exist.",land overvaluation theorem,validated_paraphrase,NotebookLM-backed paraphrase from completed note; verify exact wording before final quotation.,03_notes/questions/PDF002_Q06.md,C5,,"- Page(s): 1-3, 7-9, 13-14, 20 - Key passage(s), paraphrased or short quote only: - ""The conventional approach considers a hypothetical world in which land does not exist... it is often claimed that the existence of a Pareto inefficient equilibrium and the possibility of infinite debt rollover are two sides of the same coin. However, the mere existence of land fundamentally changes this view."" [3] - ""If the economy falls into a sufficiently low interest rate environment, land price bubbles necessarily emerge... Despite Pareto efficiency, infinite debt rollover becomes possible."" [7]",paraphrase,6. Mechanism III,medium
CLM_PDF002_Q06_007,PDF002,PDF002_Q06,Hirano_Toda_2025a,"1-3, 7-9, 13-14, 20",variables_parameters,land,,real-estate credit amplifies land-price inflation,,P_t,model_based_synthesis,"A land price bubble inevitably emerges to absorb the excess savings, restoring Pareto efficiency while simultaneously allowing the government to sustainably roll over infinite debt alongside the bubble.",debt rollover / R versus G,validated_paraphrase,NotebookLM-backed paraphrase from completed note; verify exact wording before final quotation.,03_notes/questions/PDF002_Q06.md,C5,,"- Page(s): 1-3, 7-9, 13-14, 20 - Key passage(s), paraphrased or short quote only: - ""The conventional approach considers a hypothetical world in which land does not exist... it is often claimed that the existence of a Pareto inefficient equilibrium and the possibility of infinite debt rollover are two sides of the same coin. However, the mere existence of land fundamentally changes this view."" [3] - ""If the economy falls into a sufficiently low interest rate environment, land price bubbles necessarily emerge... Despite Pareto efficiency, infinite debt rollover becomes possible."" [7]",paraphrase,7. Mechanism IV,medium
CLM_PDF002_Q07_001,PDF002,PDF002_Q07,Hirano_Toda_2025a,"3, 9, 18, 20",causality,land,,leverage creates land-bubble phase transition,"The existence of land fundamentally alters the conditions for infinite public debt rollover, making it possible either through the inevitable emergence of Pareto-efficient land bubbles or through Pareto-inefficient equilibria driven by unbalanced growth [4-6].",productivity growth,model_based_synthesis,"The existence of land fundamentally alters the conditions for infinite public debt rollover, making it possible either through the inevitable emergence of Pareto-efficient land bubbles or through Pareto-inefficient equilibria driven by unbalanced growth [4-6].",land overvaluation theorem,validated_paraphrase,NotebookLM-backed paraphrase from completed note; verify exact wording before final quotation.,03_notes/questions/PDF002_Q07.md,C5,,"- Page(s): 3, 9, 18, 20 - Key passage(s), paraphrased or short quote only: ""There is no aggregate uncertainty. This is all that is required to obtain our main results"" [1]; ""Note that an equilibrium with land could be inefficient with property taxes... or transaction costs... these frictions effectively make land a depreciating asset"" [2]; ""In an economy with land and economic growth, $\sigma > 1$ is necessary for infinite debt rollover"" [3].",paraphrase,6. Mechanism III,medium
CLM_PDF002_Q07_002,PDF002,PDF002_Q07,Hirano_Toda_2025a,"3, 9, 18, 20",theory_evidence,land,,leverage creates land-bubble phase transition,,,formal_model_result,Theorem 1 (bubble necessity and Pareto efficiency) and Corollary 2 (possibility of infinite debt rollover).,debt rollover / R versus G,validated_paraphrase,NotebookLM-backed paraphrase from completed note; verify exact wording before final quotation.,03_notes/questions/PDF002_Q07.md,C5,,"- Page(s): 3, 9, 18, 20 - Key passage(s), paraphrased or short quote only: ""There is no aggregate uncertainty. This is all that is required to obtain our main results"" [1]; ""Note that an equilibrium with land could be inefficient with property taxes... or transaction costs... these frictions effectively make land a depreciating asset"" [2]; ""In an economy with land and economic growth, $\sigma > 1$ is necessary for infinite debt rollover"" [3].",paraphrase,7. Mechanism IV,medium
CLM_PDF002_Q07_003,PDF002,PDF002_Q07,Hirano_Toda_2025a,"3, 9, 18, 20",causality,land,,real-estate credit amplifies land-price inflation,"Latin American applicability caveat: The model relies on the absence of aggregate uncertainty and assumes no property taxes or real estate transaction costs; specific regional applications require external verification because such frictions invalidate the theoretical assumption that land is a frictionless, non-depreciating asset.",,policy_implication,"Latin American applicability caveat: The model relies on the absence of aggregate uncertainty and assumes no property taxes or real estate transaction costs; specific regional applications require external verification because such frictions invalidate the theoretical assumption that land is a frictionless, non-depreciating asset.",policy / taxation / regulation,validated_paraphrase,NotebookLM-backed paraphrase from completed note; verify exact wording before final quotation.,03_notes/questions/PDF002_Q07.md,C5,,"- Page(s): 3, 9, 18, 20 - Key passage(s), paraphrased or short quote only: ""There is no aggregate uncertainty. This is all that is required to obtain our main results"" [1]; ""Note that an equilibrium with land could be inefficient with property taxes... or transaction costs... these frictions effectively make land a depreciating asset"" [2]; ""In an economy with land and economic growth, $\sigma > 1$ is necessary for infinite debt rollover"" [3].",paraphrase,9. Critical appraisal,medium
CLM_PDF002_Q07_004,PDF002,PDF002_Q07,Hirano_Toda_2025a,"3, 9, 18, 20",variables_parameters,land,,land changes R versus G and debt-rollover conditions,,,model_based_synthesis,"In an overlapping generations (OLG) economy, land serves as a non-reproducible savings vehicle for the young [1].",land-credit crowding-out,validated_paraphrase,NotebookLM-backed paraphrase from completed note; verify exact wording before final quotation.,03_notes/questions/PDF002_Q07.md,C5,,"- Page(s): 3, 9, 18, 20 - Key passage(s), paraphrased or short quote only: ""There is no aggregate uncertainty. This is all that is required to obtain our main results"" [1]; ""Note that an equilibrium with land could be inefficient with property taxes... or transaction costs... these frictions effectively make land a depreciating asset"" [2]; ""In an economy with land and economic growth, $\sigma > 1$ is necessary for infinite debt rollover"" [3].",paraphrase,1. Introduction,medium
CLM_PDF002_Q07_005,PDF002,PDF002_Q07,Hirano_Toda_2025a,"3, 9, 18, 20",variables_parameters,land,,real-estate credit amplifies land-price inflation,,P_t; D_t/r_t; r; G,model_based_synthesis,"If natural interest rates fall below the dividend growth rate, land price bubbles inevitably emerge to clear the market, establishing Pareto efficiency [7].",land-credit crowding-out,validated_paraphrase,NotebookLM-backed paraphrase from completed note; verify exact wording before final quotation.,03_notes/questions/PDF002_Q07.md,C5,,"- Page(s): 3, 9, 18, 20 - Key passage(s), paraphrased or short quote only: ""There is no aggregate uncertainty. This is all that is required to obtain our main results"" [1]; ""Note that an equilibrium with land could be inefficient with property taxes... or transaction costs... these frictions effectively make land a depreciating asset"" [2]; ""In an economy with land and economic growth, $\sigma > 1$ is necessary for infinite debt rollover"" [3].",paraphrase,1. Introduction,medium
CLM_PDF002_Q07_006,PDF002,PDF002_Q07,Hirano_Toda_2025a,"3, 9, 18, 20",causality,land,,leverage creates land-bubble phase transition,"Because the bubble component of the asset grows exactly at the rate of interest, the government can absorb a portion of this bubble by issuing public debt and rolling it over indefinitely [8].",,model_based_synthesis,"Because the bubble component of the asset grows exactly at the rate of interest, the government can absorb a portion of this bubble by issuing public debt and rolling it over indefinitely [8].",debt rollover / R versus G,validated_paraphrase,NotebookLM-backed paraphrase from completed note; verify exact wording before final quotation.,03_notes/questions/PDF002_Q07.md,C5,,"- Page(s): 3, 9, 18, 20 - Key passage(s), paraphrased or short quote only: ""There is no aggregate uncertainty. This is all that is required to obtain our main results"" [1]; ""Note that an equilibrium with land could be inefficient with property taxes... or transaction costs... these frictions effectively make land a depreciating asset"" [2]; ""In an economy with land and economic growth, $\sigma > 1$ is necessary for infinite debt rollover"" [3].",paraphrase,7. Mechanism IV,medium
CLM_PDF002_Q07_007,PDF002,PDF002_Q07,Hirano_Toda_2025a,"3, 9, 18, 20",variables_parameters,land,,unbalanced growth separates land prices from rents,,r; elasticity of substitution; productivity growth,model_based_synthesis,"Alternatively, if labor productivity outpaces land productivity ($\sigma 1$), unbalanced growth makes land values asymptotically negligible, potentially pushing interest rates below economic growth ($R < G$) and allowing inefficient but sustainable debt rollover [9].",land overvaluation theorem,validated_paraphrase,NotebookLM-backed paraphrase from completed note; verify exact wording before final quotation.,03_notes/questions/PDF002_Q07.md,C5,,"- Page(s): 3, 9, 18, 20 - Key passage(s), paraphrased or short quote only: ""There is no aggregate uncertainty. This is all that is required to obtain our main results"" [1]; ""Note that an equilibrium with land could be inefficient with property taxes... or transaction costs... these frictions effectively make land a depreciating asset"" [2]; ""In an economy with land and economic growth, $\sigma > 1$ is necessary for infinite debt rollover"" [3].",paraphrase,6. Mechanism III,medium
CLM_PDF003_Q01_001,PDF003,PDF003_Q01,Hirano_Stiglitz_2025c,1,variables_parameters,land,,land speculation crowds out productive capital,,k_{t+1},model_based_synthesis,"The macroeconomic impact of a credit boom depends strictly on its sectoral composition, as credit expansions directed toward real estate systematically crowd out productive commercial investment and retard long-term economic growth.",land-credit crowding-out,validated_paraphrase,NotebookLM-backed paraphrase from completed note; verify exact wording before final quotation.,03_notes/questions/PDF003_Q01.md,C3,,"- Page(s): 1 - Key passage(s), paraphrased or short quote only: ""rapid expansion in credit systematically predicts growth slowdowns. The credit expansion of the early part of this century suggests an explanation: credit went disproportionately into real estate so much so that the associated real estate boom crowded out more productive investments""; ""credit expansions to the construction and real estate industries systematically predict subsequent productivity and economic slowdowns, while credit expansions to the manufacturing sector are associated with higher productivity""; ""housing price booms led to crowding-out of commercial investment due to decreased lending by banks to credit-constrained firms.""",paraphrase,4. Mechanism I,medium
CLM_PDF003_Q01_002,PDF003,PDF003_Q01,Hirano_Stiglitz_2025c,1,mechanism,land,,,Not applicable.,,model_based_synthesis,Not applicable.,land-credit crowding-out,validated_paraphrase,NotebookLM-backed paraphrase from completed note; verify exact wording before final quotation.,03_notes/questions/PDF003_Q01.md,C3,,"- Page(s): 1 - Key passage(s), paraphrased or short quote only: ""rapid expansion in credit systematically predicts growth slowdowns. The credit expansion of the early part of this century suggests an explanation: credit went disproportionately into real estate so much so that the associated real estate boom crowded out more productive investments""; ""credit expansions to the construction and real estate industries systematically predict subsequent productivity and economic slowdowns, while credit expansions to the manufacturing sector are associated with higher productivity""; ""housing price booms led to crowding-out of commercial investment due to decreased lending by banks to credit-constrained firms.""",paraphrase,1. Introduction,medium
CLM_PDF003_Q01_003,PDF003,PDF003_Q01,Hirano_Stiglitz_2025c,1,theory_evidence,land,,real-estate credit amplifies land-price inflation,,,measurement_or_empirical_motivation,"The source does not specifically address Latin American economies; applying these empirical patterns to Latin American debates requires external verification regarding the region's specific sectoral credit composition, reliance on primary exports, and historical land concentration.",land-credit crowding-out,validated_paraphrase,NotebookLM-backed paraphrase from completed note; verify exact wording before final quotation.,03_notes/questions/PDF003_Q01.md,C3,,"- Page(s): 1 - Key passage(s), paraphrased or short quote only: ""rapid expansion in credit systematically predicts growth slowdowns. The credit expansion of the early part of this century suggests an explanation: credit went disproportionately into real estate so much so that the associated real estate boom crowded out more productive investments""; ""credit expansions to the construction and real estate industries systematically predict subsequent productivity and economic slowdowns, while credit expansions to the manufacturing sector are associated with higher productivity""; ""housing price booms led to crowding-out of commercial investment due to decreased lending by banks to credit-constrained firms.""",paraphrase,5. Mechanism II,medium
CLM_PDF003_Q01_004,PDF003,PDF003_Q01,Hirano_Stiglitz_2025c,1,mechanism,land,,real-estate credit amplifies land-price inflation,Financial liberalization and expansionary monetary policy lead to rapid aggregate credit expansions.,,policy_implication,Financial liberalization and expansionary monetary policy lead to rapid aggregate credit expansions.,land-credit crowding-out,validated_paraphrase,NotebookLM-backed paraphrase from completed note; verify exact wording before final quotation.,03_notes/questions/PDF003_Q01.md,C3,,"- Page(s): 1 - Key passage(s), paraphrased or short quote only: ""rapid expansion in credit systematically predicts growth slowdowns. The credit expansion of the early part of this century suggests an explanation: credit went disproportionately into real estate so much so that the associated real estate boom crowded out more productive investments""; ""credit expansions to the construction and real estate industries systematically predict subsequent productivity and economic slowdowns, while credit expansions to the manufacturing sector are associated with higher productivity""; ""housing price booms led to crowding-out of commercial investment due to decreased lending by banks to credit-constrained firms.""",paraphrase,5. Mechanism II,medium
CLM_PDF003_Q01_005,PDF003,PDF003_Q01,Hirano_Stiglitz_2025c,1,variables_parameters,land,,real-estate credit amplifies land-price inflation,,collateral parameter,model_based_synthesis,This credit disproportionately flows into the real estate sector and increases reliance on real estate collateral.,land-credit crowding-out,validated_paraphrase,NotebookLM-backed paraphrase from completed note; verify exact wording before final quotation.,03_notes/questions/PDF003_Q01.md,C3,,"- Page(s): 1 - Key passage(s), paraphrased or short quote only: ""rapid expansion in credit systematically predicts growth slowdowns. The credit expansion of the early part of this century suggests an explanation: credit went disproportionately into real estate so much so that the associated real estate boom crowded out more productive investments""; ""credit expansions to the construction and real estate industries systematically predict subsequent productivity and economic slowdowns, while credit expansions to the manufacturing sector are associated with higher productivity""; ""housing price booms led to crowding-out of commercial investment due to decreased lending by banks to credit-constrained firms.""",paraphrase,5. Mechanism II,medium
CLM_PDF003_Q01_006,PDF003,PDF003_Q01,Hirano_Stiglitz_2025c,1,mechanism,land,,land speculation crowds out productive capital,"The resulting real estate and housing price booms cause banks to decrease lending to productive, credit-constrained commercial firms (a crowding-out effect).",,model_based_synthesis,"The resulting real estate and housing price booms cause banks to decrease lending to productive, credit-constrained commercial firms (a crowding-out effect).",land-credit crowding-out,validated_paraphrase,NotebookLM-backed paraphrase from completed note; verify exact wording before final quotation.,03_notes/questions/PDF003_Q01.md,C3,,"- Page(s): 1 - Key passage(s), paraphrased or short quote only: ""rapid expansion in credit systematically predicts growth slowdowns. The credit expansion of the early part of this century suggests an explanation: credit went disproportionately into real estate so much so that the associated real estate boom crowded out more productive investments""; ""credit expansions to the construction and real estate industries systematically predict subsequent productivity and economic slowdowns, while credit expansions to the manufacturing sector are associated with higher productivity""; ""housing price booms led to crowding-out of commercial investment due to decreased lending by banks to credit-constrained firms.""",paraphrase,4. Mechanism I,medium
CLM_PDF003_Q01_007,PDF003,PDF003_Q01,Hirano_Stiglitz_2025c,1,variables_parameters,land,,land speculation crowds out productive capital,,K_t; k_{t+1}; productivity growth,model_based_synthesis,"Consequently, the lack of productive capital investment leads to long-term productivity and economic growth slowdowns.",land-credit crowding-out,validated_paraphrase,NotebookLM-backed paraphrase from completed note; verify exact wording before final quotation.,03_notes/questions/PDF003_Q01.md,C3,,"- Page(s): 1 - Key passage(s), paraphrased or short quote only: ""rapid expansion in credit systematically predicts growth slowdowns. The credit expansion of the early part of this century suggests an explanation: credit went disproportionately into real estate so much so that the associated real estate boom crowded out more productive investments""; ""credit expansions to the construction and real estate industries systematically predict subsequent productivity and economic slowdowns, while credit expansions to the manufacturing sector are associated with higher productivity""; ""housing price booms led to crowding-out of commercial investment due to decreased lending by banks to credit-constrained firms.""",paraphrase,3. Conceptual objects,medium
CLM_PDF003_Q02_001,PDF003,PDF003_Q02,Hirano_Stiglitz_2025c,"1, 2, 16, 29",variables_parameters,land,,land speculation crowds out productive capital,,K_t,model_based_synthesis,"The macroeconomic impact of a credit expansion depends on its sectoral target: expanding real estate credit retards long-term economic growth, whereas expanding productive capital credit enhances it.",land-credit crowding-out,validated_paraphrase,NotebookLM-backed paraphrase from completed note; verify exact wording before final quotation.,03_notes/questions/PDF003_Q02.md,C3,,"- Page(s): 1, 2, 16, 29 - Key passage(s), paraphrased or short quote only: ""it is not so much aggregate credit expansion that matters for long-term productivity and economic growth but sectoral credit expansions or the type of credit expansions, whether it is based on land collateral financing or capital collateral financing"" [1]; ""Credit expansions associated mainly with relaxation of real estate financing (of capital investment financing) will be productivity-and growth-reducing (enhancing) in the long run"" [1, 2]; ""For $\epsilon$ sufficiently small, $d(1+g^*)/d\theta^x < 0$ ... $d(1+g^*)/d\theta > 0$"" [5-7].",paraphrase,3. Conceptual objects,medium
CLM_PDF003_Q02_002,PDF003,PDF003_Q02,Hirano_Stiglitz_2025c,"1, 2, 16, 29",variables_parameters,land,,real-estate credit amplifies land-price inflation,,collateral parameter,model_based_synthesis,"Proposition 2 (Impact of changes in the collateral values on long-run economic growth in a monetary economy), proving $d(1+g^)/d\theta^x < 0$ and $d(1+g^)/d\theta 0$.",land-credit crowding-out,validated_paraphrase,NotebookLM-backed paraphrase from completed note; verify exact wording before final quotation.,03_notes/questions/PDF003_Q02.md,C3,,"- Page(s): 1, 2, 16, 29 - Key passage(s), paraphrased or short quote only: ""it is not so much aggregate credit expansion that matters for long-term productivity and economic growth but sectoral credit expansions or the type of credit expansions, whether it is based on land collateral financing or capital collateral financing"" [1]; ""Credit expansions associated mainly with relaxation of real estate financing (of capital investment financing) will be productivity-and growth-reducing (enhancing) in the long run"" [1, 2]; ""For $\epsilon$ sufficiently small, $d(1+g^*)/d\theta^x < 0$ ... $d(1+g^*)/d\theta > 0$"" [5-7].",paraphrase,5. Mechanism II,medium
CLM_PDF003_Q02_003,PDF003,PDF003_Q02,Hirano_Stiglitz_2025c,"1, 2, 16, 29",variables_parameters,land,,land speculation crowds out productive capital,,k_{t+1},critical_interpretation,"The paper assumes a closed economy where domestic life-cycle savings finance all investment; applying these dynamics to Latin American real estate and credit cycles requires external verification regarding the region's reliance on foreign capital inflows, sovereign debt constraints, and historic land concentration (latifundia).",land-credit crowding-out,validated_paraphrase,NotebookLM-backed paraphrase from completed note; verify exact wording before final quotation.,03_notes/questions/PDF003_Q02.md,C3,,"- Page(s): 1, 2, 16, 29 - Key passage(s), paraphrased or short quote only: ""it is not so much aggregate credit expansion that matters for long-term productivity and economic growth but sectoral credit expansions or the type of credit expansions, whether it is based on land collateral financing or capital collateral financing"" [1]; ""Credit expansions associated mainly with relaxation of real estate financing (of capital investment financing) will be productivity-and growth-reducing (enhancing) in the long run"" [1, 2]; ""For $\epsilon$ sufficiently small, $d(1+g^*)/d\theta^x < 0$ ... $d(1+g^*)/d\theta > 0$"" [5-7].",paraphrase,3. Conceptual objects,medium
CLM_PDF003_Q02_004,PDF003,PDF003_Q02,Hirano_Stiglitz_2025c,"1, 2, 16, 29",variables_parameters,land,,land speculation crowds out productive capital,,K_t,model_based_synthesis,"Entrepreneurs face a portfolio choice, deciding whether to allocate borrowed funds toward productive capital or land speculation.",land-credit crowding-out,validated_paraphrase,NotebookLM-backed paraphrase from completed note; verify exact wording before final quotation.,03_notes/questions/PDF003_Q02.md,C3,,"- Page(s): 1, 2, 16, 29 - Key passage(s), paraphrased or short quote only: ""it is not so much aggregate credit expansion that matters for long-term productivity and economic growth but sectoral credit expansions or the type of credit expansions, whether it is based on land collateral financing or capital collateral financing"" [1]; ""Credit expansions associated mainly with relaxation of real estate financing (of capital investment financing) will be productivity-and growth-reducing (enhancing) in the long run"" [1, 2]; ""For $\epsilon$ sufficiently small, $d(1+g^*)/d\theta^x < 0$ ... $d(1+g^*)/d\theta > 0$"" [5-7].",paraphrase,3. Conceptual objects,medium
CLM_PDF003_Q02_005,PDF003,PDF003_Q02,Hirano_Stiglitz_2025c,"1, 2, 16, 29",variables_parameters,land,,land speculation crowds out productive capital,,k_{t+1}; leverage parameter; collateral parameter,model_based_synthesis,"Relaxing capital collateral requirements ($\theta$) increases leverage for productive investments, leading to higher capital accumulation and growth.",land-credit crowding-out,validated_paraphrase,NotebookLM-backed paraphrase from completed note; verify exact wording before final quotation.,03_notes/questions/PDF003_Q02.md,C3,,"- Page(s): 1, 2, 16, 29 - Key passage(s), paraphrased or short quote only: ""it is not so much aggregate credit expansion that matters for long-term productivity and economic growth but sectoral credit expansions or the type of credit expansions, whether it is based on land collateral financing or capital collateral financing"" [1]; ""Credit expansions associated mainly with relaxation of real estate financing (of capital investment financing) will be productivity-and growth-reducing (enhancing) in the long run"" [1, 2]; ""For $\epsilon$ sufficiently small, $d(1+g^*)/d\theta^x < 0$ ... $d(1+g^*)/d\theta > 0$"" [5-7].",paraphrase,3. Conceptual objects,medium
CLM_PDF003_Q02_006,PDF003,PDF003_Q02,Hirano_Stiglitz_2025c,"1, 2, 16, 29",variables_parameters,land,,real-estate credit amplifies land-price inflation,,collateral parameter,model_based_synthesis,"Relaxing real estate collateral requirements ($\theta^x$) lowers the down-payment required to purchase land, generating a surge in speculative real estate demand.",land-credit crowding-out,validated_paraphrase,NotebookLM-backed paraphrase from completed note; verify exact wording before final quotation.,03_notes/questions/PDF003_Q02.md,C3,,"- Page(s): 1, 2, 16, 29 - Key passage(s), paraphrased or short quote only: ""it is not so much aggregate credit expansion that matters for long-term productivity and economic growth but sectoral credit expansions or the type of credit expansions, whether it is based on land collateral financing or capital collateral financing"" [1]; ""Credit expansions associated mainly with relaxation of real estate financing (of capital investment financing) will be productivity-and growth-reducing (enhancing) in the long run"" [1, 2]; ""For $\epsilon$ sufficiently small, $d(1+g^*)/d\theta^x < 0$ ... $d(1+g^*)/d\theta > 0$"" [5-7].",paraphrase,5. Mechanism II,medium
CLM_PDF003_Q02_007,PDF003,PDF003_Q02,Hirano_Stiglitz_2025c,"1, 2, 16, 29",causality,land,,land speculation crowds out productive capital,"Because domestic aggregate savings are finite, this real estate boom triggers a general-equilibrium crowding-out effect that starves the real economy of productive capital, persistently lowering long-term productivity.",K_t; productivity growth,model_based_synthesis,"Because domestic aggregate savings are finite, this real estate boom triggers a general-equilibrium crowding-out effect that starves the real economy of productive capital, persistently lowering long-term productivity.",land-credit crowding-out,validated_paraphrase,NotebookLM-backed paraphrase from completed note; verify exact wording before final quotation.,03_notes/questions/PDF003_Q02.md,C3,,"- Page(s): 1, 2, 16, 29 - Key passage(s), paraphrased or short quote only: ""it is not so much aggregate credit expansion that matters for long-term productivity and economic growth but sectoral credit expansions or the type of credit expansions, whether it is based on land collateral financing or capital collateral financing"" [1]; ""Credit expansions associated mainly with relaxation of real estate financing (of capital investment financing) will be productivity-and growth-reducing (enhancing) in the long run"" [1, 2]; ""For $\epsilon$ sufficiently small, $d(1+g^*)/d\theta^x < 0$ ... $d(1+g^*)/d\theta > 0$"" [5-7].",paraphrase,3. Conceptual objects,medium
CLM_PDF003_Q03_001,PDF003,PDF003_Q03,Hirano_Stiglitz_2025c,"2, 10, 11",variables_parameters,land,,land speculation crowds out productive capital,,k_{t+1},model_based_synthesis,"When land acts as an alternative store of value, speculative real estate booms divert finite domestic savings away from productive investments, generating a general-equilibrium crowding-out effect that lowers capital formation and long-term economic growth.",land-credit crowding-out,validated_paraphrase,NotebookLM-backed paraphrase from completed note; verify exact wording before final quotation.,03_notes/questions/PDF003_Q03.md,C3,,"- Page(s): 2, 10, 11 - Key passage(s), paraphrased or short quote only: ""if it simultaneously results in an increase in land prices, savings may be diverted to real estate, and the net effect is to crowd out productive investments through general equilibrium effects, lowering growth""; ""we can calculate an entrepreneur's capital holdings by taking his wage, subtracting what he has to pay to buy the land he holds (which depends on land leverage); and leveraging up that amount up through borrowing""; ""Other things being constant, a rise in $\phi_t$ (land speculation) crowds out savings away from capital investment, reducing the growth rate of the economy.""",paraphrase,3. Conceptual objects,medium
CLM_PDF003_Q03_002,PDF003,PDF003_Q03,Hirano_Stiglitz_2025c,"2, 10, 11",variables_parameters,land,,land speculation crowds out productive capital,,G,model_based_synthesis,"Equation (14a) for the growth rate of capital, $1+gt = \frac{A}{1-\frac{\theta R^c}{1+rt}}[\eta(1-\alpha) - (1-\frac{\theta^x Rt^x}{1+rt})\phit]$, demonstrating that an increase in relative land speculation ($\phit$) directly reduces the economic growth rate.",land-credit crowding-out,validated_paraphrase,NotebookLM-backed paraphrase from completed note; verify exact wording before final quotation.,03_notes/questions/PDF003_Q03.md,C3,,"- Page(s): 2, 10, 11 - Key passage(s), paraphrased or short quote only: ""if it simultaneously results in an increase in land prices, savings may be diverted to real estate, and the net effect is to crowd out productive investments through general equilibrium effects, lowering growth""; ""we can calculate an entrepreneur's capital holdings by taking his wage, subtracting what he has to pay to buy the land he holds (which depends on land leverage); and leveraging up that amount up through borrowing""; ""Other things being constant, a rise in $\phi_t$ (land speculation) crowds out savings away from capital investment, reducing the growth rate of the economy.""",paraphrase,3. Conceptual objects,medium
CLM_PDF003_Q03_003,PDF003,PDF003_Q03,Hirano_Stiglitz_2025c,"2, 10, 11",variables_parameters,land,,land changes R versus G and debt-rollover conditions,,,critical_interpretation,"Applying this mechanism to Latin American economies requires external verification, as the model structurally assumes a closed economy reliant strictly on domestic life-cycle savings rather than foreign capital inflows, and it abstracts from the region's specific history of concentrated land ownership and extractivism.",Latin American applicability,validated_paraphrase,NotebookLM-backed paraphrase from completed note; verify exact wording before final quotation.,03_notes/questions/PDF003_Q03.md,C3,,"- Page(s): 2, 10, 11 - Key passage(s), paraphrased or short quote only: ""if it simultaneously results in an increase in land prices, savings may be diverted to real estate, and the net effect is to crowd out productive investments through general equilibrium effects, lowering growth""; ""we can calculate an entrepreneur's capital holdings by taking his wage, subtracting what he has to pay to buy the land he holds (which depends on land leverage); and leveraging up that amount up through borrowing""; ""Other things being constant, a rise in $\phi_t$ (land speculation) crowds out savings away from capital investment, reducing the growth rate of the economy.""",paraphrase,3. Conceptual objects,medium
CLM_PDF003_Q03_004,PDF003,PDF003_Q03,Hirano_Stiglitz_2025c,"2, 10, 11",variables_parameters,land,,land speculation crowds out productive capital,,K_t,model_based_synthesis,Entrepreneurs allocate their finite wage income between purchasing productive capital and buying land.,land-credit crowding-out,validated_paraphrase,NotebookLM-backed paraphrase from completed note; verify exact wording before final quotation.,03_notes/questions/PDF003_Q03.md,C3,,"- Page(s): 2, 10, 11 - Key passage(s), paraphrased or short quote only: ""if it simultaneously results in an increase in land prices, savings may be diverted to real estate, and the net effect is to crowd out productive investments through general equilibrium effects, lowering growth""; ""we can calculate an entrepreneur's capital holdings by taking his wage, subtracting what he has to pay to buy the land he holds (which depends on land leverage); and leveraging up that amount up through borrowing""; ""Other things being constant, a rise in $\phi_t$ (land speculation) crowds out savings away from capital investment, reducing the growth rate of the economy.""",paraphrase,3. Conceptual objects,medium
CLM_PDF003_Q03_005,PDF003,PDF003_Q03,Hirano_Stiglitz_2025c,"2, 10, 11",variables_parameters,land,,real-estate credit amplifies land-price inflation,,P_t; collateral parameter,model_based_synthesis,Expansionary credit policies or relaxed real estate collateral requirements increase the speculative demand for and price of land.,land-credit crowding-out,validated_paraphrase,NotebookLM-backed paraphrase from completed note; verify exact wording before final quotation.,03_notes/questions/PDF003_Q03.md,C3,,"- Page(s): 2, 10, 11 - Key passage(s), paraphrased or short quote only: ""if it simultaneously results in an increase in land prices, savings may be diverted to real estate, and the net effect is to crowd out productive investments through general equilibrium effects, lowering growth""; ""we can calculate an entrepreneur's capital holdings by taking his wage, subtracting what he has to pay to buy the land he holds (which depends on land leverage); and leveraging up that amount up through borrowing""; ""Other things being constant, a rise in $\phi_t$ (land speculation) crowds out savings away from capital investment, reducing the growth rate of the economy.""",paraphrase,5. Mechanism II,medium
CLM_PDF003_Q03_006,PDF003,PDF003_Q03,Hirano_Stiglitz_2025c,"2, 10, 11",variables_parameters,land,,land changes R versus G and debt-rollover conditions,,,model_based_synthesis,Entrepreneurs must use a larger portion of their available savings to cover the down-payments for these more expensive land holdings.,land-credit crowding-out,validated_paraphrase,NotebookLM-backed paraphrase from completed note; verify exact wording before final quotation.,03_notes/questions/PDF003_Q03.md,C3,,"- Page(s): 2, 10, 11 - Key passage(s), paraphrased or short quote only: ""if it simultaneously results in an increase in land prices, savings may be diverted to real estate, and the net effect is to crowd out productive investments through general equilibrium effects, lowering growth""; ""we can calculate an entrepreneur's capital holdings by taking his wage, subtracting what he has to pay to buy the land he holds (which depends on land leverage); and leveraging up that amount up through borrowing""; ""Other things being constant, a rise in $\phi_t$ (land speculation) crowds out savings away from capital investment, reducing the growth rate of the economy.""",paraphrase,1. Introduction,medium
CLM_PDF003_Q03_007,PDF003,PDF003_Q03,Hirano_Stiglitz_2025c,"2, 10, 11",variables_parameters,land,,land speculation crowds out productive capital,,K_t; leverage parameter,model_based_synthesis,"This portfolio shift mechanically leaves fewer aggregate savings available to finance and leverage productive capital, reducing long-term capital accumulation and economic growth.",land-credit crowding-out,validated_paraphrase,NotebookLM-backed paraphrase from completed note; verify exact wording before final quotation.,03_notes/questions/PDF003_Q03.md,C3,,"- Page(s): 2, 10, 11 - Key passage(s), paraphrased or short quote only: ""if it simultaneously results in an increase in land prices, savings may be diverted to real estate, and the net effect is to crowd out productive investments through general equilibrium effects, lowering growth""; ""we can calculate an entrepreneur's capital holdings by taking his wage, subtracting what he has to pay to buy the land he holds (which depends on land leverage); and leveraging up that amount up through borrowing""; ""Other things being constant, a rise in $\phi_t$ (land speculation) crowds out savings away from capital investment, reducing the growth rate of the economy.""",paraphrase,3. Conceptual objects,medium
CLM_PDF003_Q04_001,PDF003,PDF003_Q04,Hirano_Stiglitz_2025c,"2, 16, 17, 19, 29",variables_parameters,land,,land speculation crowds out productive capital,,k_{t+1},policy_implication,"In an economy with land, low-interest-rate policies do not automatically boost productive investment; instead, they induce a portfolio shift toward real estate speculation that crowds out capital formation and lowers long-run growth.",land-credit crowding-out,validated_paraphrase,NotebookLM-backed paraphrase from completed note; verify exact wording before final quotation.,03_notes/questions/PDF003_Q04.md,C3,,"- Page(s): 2, 16, 17, 19, 29 - Key passage(s), paraphrased or short quote only: - ""In Tobin (1965)'s view, more expansionary monetary policy induces portfolio shifts from money to real capital... We show that without financial regulation, with lower interest rates and more expansionary monetary policy, more funds unevenly flow into the real estate sector or land collateral financing rather than productive capital investment, which results in low growth"" - ""When $\theta^x > \theta$, the crowding-out effect caused by low interest rates (with land prices increasing) dominates the crowding-in effects; low interest rates encourage land speculation with leverage more than capital investment""",paraphrase,3. Conceptual objects,medium
CLM_PDF003_Q04_002,PDF003,PDF003_Q04,Hirano_Stiglitz_2025c,"2, 16, 17, 19, 29",variables_parameters,land,,land changes R versus G and debt-rollover conditions,,,policy_implication,Lemma 1 ($sign\frac{d(1+g^)}{dr^} = sign(\theta^x - \theta)$) and Proposition 3 ($sign\frac{\partial(1+g^)}{\partial \mu} = sign(\theta - \theta^x)$).,land-credit crowding-out,validated_paraphrase,NotebookLM-backed paraphrase from completed note; verify exact wording before final quotation.,03_notes/questions/PDF003_Q04.md,C3,,"- Page(s): 2, 16, 17, 19, 29 - Key passage(s), paraphrased or short quote only: - ""In Tobin (1965)'s view, more expansionary monetary policy induces portfolio shifts from money to real capital... We show that without financial regulation, with lower interest rates and more expansionary monetary policy, more funds unevenly flow into the real estate sector or land collateral financing rather than productive capital investment, which results in low growth"" - ""When $\theta^x > \theta$, the crowding-out effect caused by low interest rates (with land prices increasing) dominates the crowding-in effects; low interest rates encourage land speculation with leverage more than capital investment""",paraphrase,1. Introduction,medium
CLM_PDF003_Q04_003,PDF003,PDF003_Q04,Hirano_Stiglitz_2025c,"2, 16, 17, 19, 29",variables_parameters,land,,land changes R versus G and debt-rollover conditions,,r,policy_implication,"The paper strictly models a closed domestic economy where portfolio allocation is determined by the life-cycle savings of domestic entrepreneurs; applying these monetary transmission mechanisms to Latin America requires external verification regarding the region's reliance on foreign capital flows, exogenous global interest rates, and historical land concentration.",Latin American applicability,validated_paraphrase,NotebookLM-backed paraphrase from completed note; verify exact wording before final quotation.,03_notes/questions/PDF003_Q04.md,C3,,"- Page(s): 2, 16, 17, 19, 29 - Key passage(s), paraphrased or short quote only: - ""In Tobin (1965)'s view, more expansionary monetary policy induces portfolio shifts from money to real capital... We show that without financial regulation, with lower interest rates and more expansionary monetary policy, more funds unevenly flow into the real estate sector or land collateral financing rather than productive capital investment, which results in low growth"" - ""When $\theta^x > \theta$, the crowding-out effect caused by low interest rates (with land prices increasing) dominates the crowding-in effects; low interest rates encourage land speculation with leverage more than capital investment""",paraphrase,3. Conceptual objects,medium
CLM_PDF003_Q04_004,PDF003,PDF003_Q04,Hirano_Stiglitz_2025c,"2, 16, 17, 19, 29",mechanism,land,,land changes R versus G and debt-rollover conditions,Expansionary monetary policy lowers the safe interest rate in the economy.,r,policy_implication,Expansionary monetary policy lowers the safe interest rate in the economy.,policy / taxation / regulation,validated_paraphrase,NotebookLM-backed paraphrase from completed note; verify exact wording before final quotation.,03_notes/questions/PDF003_Q04.md,C3,,"- Page(s): 2, 16, 17, 19, 29 - Key passage(s), paraphrased or short quote only: - ""In Tobin (1965)'s view, more expansionary monetary policy induces portfolio shifts from money to real capital... We show that without financial regulation, with lower interest rates and more expansionary monetary policy, more funds unevenly flow into the real estate sector or land collateral financing rather than productive capital investment, which results in low growth"" - ""When $\theta^x > \theta$, the crowding-out effect caused by low interest rates (with land prices increasing) dominates the crowding-in effects; low interest rates encourage land speculation with leverage more than capital investment""",paraphrase,10. Research agenda,medium
CLM_PDF003_Q04_005,PDF003,PDF003_Q04,Hirano_Stiglitz_2025c,"2, 16, 17, 19, 29",variables_parameters,land,,land speculation crowds out productive capital,,r; leverage parameter,policy_implication,"If financial regulations on real estate are lax relative to capital ($\theta^x \theta$), lower interest rates disproportionately amplify the leveraged returns of land speculation.",land-credit crowding-out,validated_paraphrase,NotebookLM-backed paraphrase from completed note; verify exact wording before final quotation.,03_notes/questions/PDF003_Q04.md,C3,,"- Page(s): 2, 16, 17, 19, 29 - Key passage(s), paraphrased or short quote only: - ""In Tobin (1965)'s view, more expansionary monetary policy induces portfolio shifts from money to real capital... We show that without financial regulation, with lower interest rates and more expansionary monetary policy, more funds unevenly flow into the real estate sector or land collateral financing rather than productive capital investment, which results in low growth"" - ""When $\theta^x > \theta$, the crowding-out effect caused by low interest rates (with land prices increasing) dominates the crowding-in effects; low interest rates encourage land speculation with leverage more than capital investment""",paraphrase,3. Conceptual objects,medium
CLM_PDF003_Q04_006,PDF003,PDF003_Q04,Hirano_Stiglitz_2025c,"2, 16, 17, 19, 29",variables_parameters,land,,land speculation crowds out productive capital,,K_t,policy_implication,"To maximize returns, entrepreneurs shift their finite portfolio allocations away from productive capital and into purchasing land.",land-credit crowding-out,validated_paraphrase,NotebookLM-backed paraphrase from completed note; verify exact wording before final quotation.,03_notes/questions/PDF003_Q04.md,C3,,"- Page(s): 2, 16, 17, 19, 29 - Key passage(s), paraphrased or short quote only: - ""In Tobin (1965)'s view, more expansionary monetary policy induces portfolio shifts from money to real capital... We show that without financial regulation, with lower interest rates and more expansionary monetary policy, more funds unevenly flow into the real estate sector or land collateral financing rather than productive capital investment, which results in low growth"" - ""When $\theta^x > \theta$, the crowding-out effect caused by low interest rates (with land prices increasing) dominates the crowding-in effects; low interest rates encourage land speculation with leverage more than capital investment""",paraphrase,3. Conceptual objects,medium
CLM_PDF003_Q04_007,PDF003,PDF003_Q04,Hirano_Stiglitz_2025c,"2, 16, 17, 19, 29",variables_parameters,land,,land speculation crowds out productive capital,,,policy_implication,"This portfolio shift creates a general-equilibrium crowding-out effect, reducing aggregate capital accumulation and permanently slowing economic growth.",land-credit crowding-out,validated_paraphrase,NotebookLM-backed paraphrase from completed note; verify exact wording before final quotation.,03_notes/questions/PDF003_Q04.md,C3,,"- Page(s): 2, 16, 17, 19, 29 - Key passage(s), paraphrased or short quote only: - ""In Tobin (1965)'s view, more expansionary monetary policy induces portfolio shifts from money to real capital... We show that without financial regulation, with lower interest rates and more expansionary monetary policy, more funds unevenly flow into the real estate sector or land collateral financing rather than productive capital investment, which results in low growth"" - ""When $\theta^x > \theta$, the crowding-out effect caused by low interest rates (with land prices increasing) dominates the crowding-in effects; low interest rates encourage land speculation with leverage more than capital investment""",paraphrase,3. Conceptual objects,medium
CLM_PDF003_Q05_001,PDF003,PDF003_Q05,Hirano_Stiglitz_2025c,"2, 21-23",variables_parameters,land,,land changes R versus G and debt-rollover conditions,,,policy_implication,"Speculative asset booms generate a severe intergenerational inequality, enriching the initial generation of asset holders and borrowers while permanently impoverishing future generations through lower wages and stunted economic growth.",land-credit crowding-out,validated_paraphrase,NotebookLM-backed paraphrase from completed note; verify exact wording before final quotation.,03_notes/questions/PDF003_Q05.md,C3,,"- Page(s): 2, 21-23 - Key passage(s), paraphrased or short quote only: - ""Although more expansionary monetary policy generates temporary asset price booms, benefiting the initial asset holders and borrowers, the policy... will result in low interest rates, slow economic growth, and reduced welfare for future generations, suggesting markedly different welfare implication between the generation who experienced the asset price boom and the subsequent generations with low growth."" - ""The initial elderly entrepreneurs are better off because they receive capital gains ($P_T$ rises), which increases their consumption.""",paraphrase,1. Introduction,medium
CLM_PDF003_Q05_002,PDF003,PDF003_Q05,Hirano_Stiglitz_2025c,"2, 21-23",mechanism,land,,real-estate credit amplifies land-price inflation,Proposition 6 (The welfare implications of a low-interest-rate policy) and Proposition 7 (The short- and long-term impact of a real estate boom).,,policy_implication,Proposition 6 (The welfare implications of a low-interest-rate policy) and Proposition 7 (The short- and long-term impact of a real estate boom).,policy / taxation / regulation,validated_paraphrase,NotebookLM-backed paraphrase from completed note; verify exact wording before final quotation.,03_notes/questions/PDF003_Q05.md,C3,,"- Page(s): 2, 21-23 - Key passage(s), paraphrased or short quote only: - ""Although more expansionary monetary policy generates temporary asset price booms, benefiting the initial asset holders and borrowers, the policy... will result in low interest rates, slow economic growth, and reduced welfare for future generations, suggesting markedly different welfare implication between the generation who experienced the asset price boom and the subsequent generations with low growth."" - ""The initial elderly entrepreneurs are better off because they receive capital gains ($P_T$ rises), which increases their consumption.""",paraphrase,10. Research agenda,medium
CLM_PDF003_Q05_003,PDF003,PDF003_Q05,Hirano_Stiglitz_2025c,"2, 21-23",theory_evidence,land,,land changes R versus G and debt-rollover conditions,,,policy_implication,The model assumes a closed overlapping-generations economy where intergenerational welfare is strictly mediated by domestic wages and life-cycle savings.,land-credit crowding-out,validated_paraphrase,NotebookLM-backed paraphrase from completed note; verify exact wording before final quotation.,03_notes/questions/PDF003_Q05.md,C3,,"- Page(s): 2, 21-23 - Key passage(s), paraphrased or short quote only: - ""Although more expansionary monetary policy generates temporary asset price booms, benefiting the initial asset holders and borrowers, the policy... will result in low interest rates, slow economic growth, and reduced welfare for future generations, suggesting markedly different welfare implication between the generation who experienced the asset price boom and the subsequent generations with low growth."" - ""The initial elderly entrepreneurs are better off because they receive capital gains ($P_T$ rises), which increases their consumption.""",paraphrase,1. Introduction,medium
CLM_PDF003_Q05_004,PDF003,PDF003_Q05,Hirano_Stiglitz_2025c,"2, 21-23",variables_parameters,land,,real-estate credit amplifies land-price inflation,,P_t; productivity growth,policy_implication,An expansionary monetary policy or real estate productivity shock triggers a surge in land prices.,policy / taxation / regulation,validated_paraphrase,NotebookLM-backed paraphrase from completed note; verify exact wording before final quotation.,03_notes/questions/PDF003_Q05.md,C3,,"- Page(s): 2, 21-23 - Key passage(s), paraphrased or short quote only: - ""Although more expansionary monetary policy generates temporary asset price booms, benefiting the initial asset holders and borrowers, the policy... will result in low interest rates, slow economic growth, and reduced welfare for future generations, suggesting markedly different welfare implication between the generation who experienced the asset price boom and the subsequent generations with low growth."" - ""The initial elderly entrepreneurs are better off because they receive capital gains ($P_T$ rises), which increases their consumption.""",paraphrase,10. Research agenda,medium
CLM_PDF003_Q05_005,PDF003,PDF003_Q05,Hirano_Stiglitz_2025c,"2, 21-23",causality,land,,leverage creates land-bubble phase transition,"This generates immediate, unexpected capital gains for current landholders (elderly entrepreneurs) and advantageous leverage conditions for current borrowers (young entrepreneurs).",D_t/r_t; leverage parameter,policy_implication,"This generates immediate, unexpected capital gains for current landholders (elderly entrepreneurs) and advantageous leverage conditions for current borrowers (young entrepreneurs).",land-credit crowding-out,validated_paraphrase,NotebookLM-backed paraphrase from completed note; verify exact wording before final quotation.,03_notes/questions/PDF003_Q05.md,C3,,"- Page(s): 2, 21-23 - Key passage(s), paraphrased or short quote only: - ""Although more expansionary monetary policy generates temporary asset price booms, benefiting the initial asset holders and borrowers, the policy... will result in low interest rates, slow economic growth, and reduced welfare for future generations, suggesting markedly different welfare implication between the generation who experienced the asset price boom and the subsequent generations with low growth."" - ""The initial elderly entrepreneurs are better off because they receive capital gains ($P_T$ rises), which increases their consumption.""",paraphrase,3. Conceptual objects,medium
CLM_PDF003_Q05_006,PDF003,PDF003_Q05,Hirano_Stiglitz_2025c,"2, 21-23",variables_parameters,land,,land speculation crowds out productive capital,,K_t; k_{t+1},policy_implication,"However, the speculative real estate boom diverts domestic savings away from productive capital investment (a general-equilibrium crowding-out effect).",land-credit crowding-out,validated_paraphrase,NotebookLM-backed paraphrase from completed note; verify exact wording before final quotation.,03_notes/questions/PDF003_Q05.md,C3,,"- Page(s): 2, 21-23 - Key passage(s), paraphrased or short quote only: - ""Although more expansionary monetary policy generates temporary asset price booms, benefiting the initial asset holders and borrowers, the policy... will result in low interest rates, slow economic growth, and reduced welfare for future generations, suggesting markedly different welfare implication between the generation who experienced the asset price boom and the subsequent generations with low growth."" - ""The initial elderly entrepreneurs are better off because they receive capital gains ($P_T$ rises), which increases their consumption.""",paraphrase,3. Conceptual objects,medium
CLM_PDF003_Q05_007,PDF003,PDF003_Q05,Hirano_Stiglitz_2025c,"2, 21-23",variables_parameters,land,,land speculation crowds out productive capital,,k_{t+1}; productivity growth,policy_implication,"This persistent underinvestment in capital reduces long-term productivity and wage growth, leaving all subsequent generations of workers and entrepreneurs with unambiguously lower welfare.",land-credit crowding-out,validated_paraphrase,NotebookLM-backed paraphrase from completed note; verify exact wording before final quotation.,03_notes/questions/PDF003_Q05.md,C3,,"- Page(s): 2, 21-23 - Key passage(s), paraphrased or short quote only: - ""Although more expansionary monetary policy generates temporary asset price booms, benefiting the initial asset holders and borrowers, the policy... will result in low interest rates, slow economic growth, and reduced welfare for future generations, suggesting markedly different welfare implication between the generation who experienced the asset price boom and the subsequent generations with low growth."" - ""The initial elderly entrepreneurs are better off because they receive capital gains ($P_T$ rises), which increases their consumption.""",paraphrase,3. Conceptual objects,medium
CLM_PDF003_Q06_001,PDF003,PDF003_Q06,Hirano_Stiglitz_2025c,"3, 21-22 (PDF003); 327, 334-335 (PDF005)",definition,land,"PDF003 frames the crowding-out problem around monetary easing and intergenerational welfare (refuting the Tobin effect), distinguishing itself from PDF013's broader focus on general credit expansions and PDF005's institutional focus on Georgist fiscal policies and land reform.",land speculation crowds out productive capital,,,policy_implication,"PDF003 frames the crowding-out problem around monetary easing and intergenerational welfare (refuting the Tobin effect), distinguishing itself from PDF013's broader focus on general credit expansions and PDF005's institutional focus on Georgist fiscal policies and land reform.",land-credit crowding-out,validated_paraphrase,NotebookLM-backed paraphrase from completed note; verify exact wording before final quotation.,03_notes/questions/PDF003_Q06.md,C3,,"- Page(s): 3, 21-22 (PDF003); 327, 334-335 (PDF005) - Key passage(s), paraphrased or short quote only: - *PDF003:* ""The central message to be drawn from our analysis is that the effect of a low-interest-rate policy differs markedly between the two-asset model of capital and money studied in Tobin (1965) and our three-asset model... more expansionary monetary policy generates temporary asset price booms, benefiting the initial asset holders... [but] will result in slow economic growth and reduced welfare for future generations."" - *PDF013:* ""it is not so much aggregate credit expansion that matters for long-run productivity and economic growth but sectoral credit expansions or the type of credit expansions.""",paraphrase,4. Mechanism I,medium
CLM_PDF003_Q06_002,PDF003,PDF003_Q06,Hirano_Stiglitz_2025c,"3, 21-22 (PDF003); 327, 334-335 (PDF005)",mechanism,land,,land changes R versus G and debt-rollover conditions,Proposition 6 (The welfare implications of a low-interest-rate policy) in PDF003; Proposition 3 (Impacts of taxes) in PDF005.,,policy_implication,Proposition 6 (The welfare implications of a low-interest-rate policy) in PDF003; Proposition 3 (Impacts of taxes) in PDF005.,policy / taxation / regulation,validated_paraphrase,NotebookLM-backed paraphrase from completed note; verify exact wording before final quotation.,03_notes/questions/PDF003_Q06.md,C3,,"- Page(s): 3, 21-22 (PDF003); 327, 334-335 (PDF005) - Key passage(s), paraphrased or short quote only: - *PDF003:* ""The central message to be drawn from our analysis is that the effect of a low-interest-rate policy differs markedly between the two-asset model of capital and money studied in Tobin (1965) and our three-asset model... more expansionary monetary policy generates temporary asset price booms, benefiting the initial asset holders... [but] will result in slow economic growth and reduced welfare for future generations."" - *PDF013:* ""it is not so much aggregate credit expansion that matters for long-run productivity and economic growth but sectoral credit expansions or the type of credit expansions.""",paraphrase,10. Research agenda,medium
CLM_PDF003_Q06_003,PDF003,PDF003_Q06,Hirano_Stiglitz_2025c,"3, 21-22 (PDF003); 327, 334-335 (PDF005)",variables_parameters,land,,real-estate credit amplifies land-price inflation,,,policy_implication,Applying these differing policy prescriptions to Latin America requires external verification to determine whether a specific country's primary macroeconomic constraint is historical land concentration requiring Georgist fiscal reform (PDF005) or speculative credit and monetary cycles requiring macroprudential regulation (PDF003/PDF013).,land-credit crowding-out,validated_paraphrase,NotebookLM-backed paraphrase from completed note; verify exact wording before final quotation.,03_notes/questions/PDF003_Q06.md,C3,,"- Page(s): 3, 21-22 (PDF003); 327, 334-335 (PDF005) - Key passage(s), paraphrased or short quote only: - *PDF003:* ""The central message to be drawn from our analysis is that the effect of a low-interest-rate policy differs markedly between the two-asset model of capital and money studied in Tobin (1965) and our three-asset model... more expansionary monetary policy generates temporary asset price booms, benefiting the initial asset holders... [but] will result in slow economic growth and reduced welfare for future generations."" - *PDF013:* ""it is not so much aggregate credit expansion that matters for long-run productivity and economic growth but sectoral credit expansions or the type of credit expansions.""",paraphrase,5. Mechanism II,medium
CLM_PDF003_Q06_004,PDF003,PDF003_Q06,Hirano_Stiglitz_2025c,"3, 21-22 (PDF003); 327, 334-335 (PDF005)",variables_parameters,land,,land speculation crowds out productive capital,,K_t; collateral parameter,policy_implication,"PDF013 establishes the baseline general-equilibrium crowding-out mechanism, where relaxed collateral constraints divert domestic savings from productive capital into land.",land-credit crowding-out,validated_paraphrase,NotebookLM-backed paraphrase from completed note; verify exact wording before final quotation.,03_notes/questions/PDF003_Q06.md,C3,,"- Page(s): 3, 21-22 (PDF003); 327, 334-335 (PDF005) - Key passage(s), paraphrased or short quote only: - *PDF003:* ""The central message to be drawn from our analysis is that the effect of a low-interest-rate policy differs markedly between the two-asset model of capital and money studied in Tobin (1965) and our three-asset model... more expansionary monetary policy generates temporary asset price booms, benefiting the initial asset holders... [but] will result in slow economic growth and reduced welfare for future generations."" - *PDF013:* ""it is not so much aggregate credit expansion that matters for long-run productivity and economic growth but sectoral credit expansions or the type of credit expansions.""",paraphrase,3. Conceptual objects,medium
CLM_PDF003_Q06_005,PDF003,PDF003_Q06,Hirano_Stiglitz_2025c,"3, 21-22 (PDF003); 327, 334-335 (PDF005)",variables_parameters,land,,unbalanced growth separates land prices from rents,,D_t/r_t; W,policy_implication,"PDF003 reframes this around monetary easing, showing that low-interest-rate policies trigger immediate asset booms that transfer wealth to current landholders and borrowers at the direct expense of future generations' wage growth.",land-credit crowding-out,validated_paraphrase,NotebookLM-backed paraphrase from completed note; verify exact wording before final quotation.,03_notes/questions/PDF003_Q06.md,C3,,"- Page(s): 3, 21-22 (PDF003); 327, 334-335 (PDF005) - Key passage(s), paraphrased or short quote only: - *PDF003:* ""The central message to be drawn from our analysis is that the effect of a low-interest-rate policy differs markedly between the two-asset model of capital and money studied in Tobin (1965) and our three-asset model... more expansionary monetary policy generates temporary asset price booms, benefiting the initial asset holders... [but] will result in slow economic growth and reduced welfare for future generations."" - *PDF013:* ""it is not so much aggregate credit expansion that matters for long-run productivity and economic growth but sectoral credit expansions or the type of credit expansions.""",paraphrase,3. Conceptual objects,medium
CLM_PDF003_Q06_006,PDF003,PDF003_Q06,Hirano_Stiglitz_2025c,"3, 21-22 (PDF003); 327, 334-335 (PDF005)",variables_parameters,land,,land speculation crowds out productive capital,,D_t/r_t,policy_implication,"PDF005 reframes the issue institutionally, showing how transitioning to a land-trading market induces speculation that must be countered by fiscal tools—such as 100% land-rent taxes paired with capital-gains taxes—rather than monetary regulation.",policy / taxation / regulation,validated_paraphrase,NotebookLM-backed paraphrase from completed note; verify exact wording before final quotation.,03_notes/questions/PDF003_Q06.md,C3,,"- Page(s): 3, 21-22 (PDF003); 327, 334-335 (PDF005) - Key passage(s), paraphrased or short quote only: - *PDF003:* ""The central message to be drawn from our analysis is that the effect of a low-interest-rate policy differs markedly between the two-asset model of capital and money studied in Tobin (1965) and our three-asset model... more expansionary monetary policy generates temporary asset price booms, benefiting the initial asset holders... [but] will result in slow economic growth and reduced welfare for future generations."" - *PDF013:* ""it is not so much aggregate credit expansion that matters for long-run productivity and economic growth but sectoral credit expansions or the type of credit expansions.""",paraphrase,3. Conceptual objects,medium
CLM_PDF003_Q07_001,PDF003,PDF003_Q07,Hirano_Stiglitz_2025c,"2, 16, 27, 28",variables_parameters,land,,land speculation crowds out productive capital,,K_t; k_{t+1}; W,model_based_synthesis,"The macroeconomic impact of private credit expansion depends on its sectoral allocation; credit expansions that fuel land-price inflation crowd out productive capital investment, generating temporary wealth illusions while retarding long-term growth.",land-credit crowding-out,validated_paraphrase,NotebookLM-backed paraphrase from completed note; verify exact wording before final quotation.,03_notes/questions/PDF003_Q07.md,C3,,"- Page(s): 2, 16, 27, 28 - Key passage(s), paraphrased or short quote only: ""it is not so much aggregate credit expansion that matters for long-term productivity and economic growth but sectoral credit expansions or the type of credit expansions""; ""if it simultaneously results in an increase in land prices, savings may be diverted to real estate, and the net effect is to crowd out productive investments""; ""unlike their model, the increase in the collateral value of land produces a general equilibrium crowding out effect, as entrepreneurs' portfolios shift toward land speculation, rather than productive investments"".",paraphrase,3. Conceptual objects,medium
CLM_PDF003_Q07_002,PDF003,PDF003_Q07,Hirano_Stiglitz_2025c,"2, 16, 27, 28",variables_parameters,land,,real-estate credit amplifies land-price inflation,,collateral parameter,model_based_synthesis,"Proposition 2 (Impact of changes in the collateral values on long-run economic growth), showing $\frac{d(1+g^)}{d\theta^x} < 0$ and $\frac{d\phi^}{d\theta^x} 0$.",land-credit crowding-out,validated_paraphrase,NotebookLM-backed paraphrase from completed note; verify exact wording before final quotation.,03_notes/questions/PDF003_Q07.md,C3,,"- Page(s): 2, 16, 27, 28 - Key passage(s), paraphrased or short quote only: ""it is not so much aggregate credit expansion that matters for long-term productivity and economic growth but sectoral credit expansions or the type of credit expansions""; ""if it simultaneously results in an increase in land prices, savings may be diverted to real estate, and the net effect is to crowd out productive investments""; ""unlike their model, the increase in the collateral value of land produces a general equilibrium crowding out effect, as entrepreneurs' portfolios shift toward land speculation, rather than productive investments"".",paraphrase,5. Mechanism II,medium
CLM_PDF003_Q07_003,PDF003,PDF003_Q07,Hirano_Stiglitz_2025c,"2, 16, 27, 28",theory_evidence,land,,land changes R versus G and debt-rollover conditions,,,model_based_synthesis,The source explicitly models a closed economy where all asset purchases are financed strictly by domestic life-cycle savings.,land-credit crowding-out,validated_paraphrase,NotebookLM-backed paraphrase from completed note; verify exact wording before final quotation.,03_notes/questions/PDF003_Q07.md,C3,,"- Page(s): 2, 16, 27, 28 - Key passage(s), paraphrased or short quote only: ""it is not so much aggregate credit expansion that matters for long-term productivity and economic growth but sectoral credit expansions or the type of credit expansions""; ""if it simultaneously results in an increase in land prices, savings may be diverted to real estate, and the net effect is to crowd out productive investments""; ""unlike their model, the increase in the collateral value of land produces a general equilibrium crowding out effect, as entrepreneurs' portfolios shift toward land speculation, rather than productive investments"".",paraphrase,1. Introduction,medium
CLM_PDF003_Q07_004,PDF003,PDF003_Q07,Hirano_Stiglitz_2025c,"2, 16, 27, 28",variables_parameters,land,,real-estate credit amplifies land-price inflation,,leverage parameter; collateral parameter,model_based_synthesis,Expansionary credit policies or relaxed land collateral requirements ($\theta^x$) increase the leverage available for real estate.,land-credit crowding-out,validated_paraphrase,NotebookLM-backed paraphrase from completed note; verify exact wording before final quotation.,03_notes/questions/PDF003_Q07.md,C3,,"- Page(s): 2, 16, 27, 28 - Key passage(s), paraphrased or short quote only: ""it is not so much aggregate credit expansion that matters for long-term productivity and economic growth but sectoral credit expansions or the type of credit expansions""; ""if it simultaneously results in an increase in land prices, savings may be diverted to real estate, and the net effect is to crowd out productive investments""; ""unlike their model, the increase in the collateral value of land produces a general equilibrium crowding out effect, as entrepreneurs' portfolios shift toward land speculation, rather than productive investments"".",paraphrase,5. Mechanism II,medium
CLM_PDF003_Q07_005,PDF003,PDF003_Q07,Hirano_Stiglitz_2025c,"2, 16, 27, 28",variables_parameters,land,,real-estate credit amplifies land-price inflation,,,model_based_synthesis,"Entrepreneurs rationally shift their portfolios toward real estate to maximize returns, fueling speculative demand for land and causing land-price inflation.",land-credit crowding-out,validated_paraphrase,NotebookLM-backed paraphrase from completed note; verify exact wording before final quotation.,03_notes/questions/PDF003_Q07.md,C3,,"- Page(s): 2, 16, 27, 28 - Key passage(s), paraphrased or short quote only: ""it is not so much aggregate credit expansion that matters for long-term productivity and economic growth but sectoral credit expansions or the type of credit expansions""; ""if it simultaneously results in an increase in land prices, savings may be diverted to real estate, and the net effect is to crowd out productive investments""; ""unlike their model, the increase in the collateral value of land produces a general equilibrium crowding out effect, as entrepreneurs' portfolios shift toward land speculation, rather than productive investments"".",paraphrase,1. Introduction,medium
CLM_PDF003_Q07_006,PDF003,PDF003_Q07,Hirano_Stiglitz_2025c,"2, 16, 27, 28",causality,land,,land changes R versus G and debt-rollover conditions,"Because aggregate savings are finite, purchasing this increasingly expensive land requires diverting a larger share of available funds toward land down-payments.",,model_based_synthesis,"Because aggregate savings are finite, purchasing this increasingly expensive land requires diverting a larger share of available funds toward land down-payments.",land-credit crowding-out,validated_paraphrase,NotebookLM-backed paraphrase from completed note; verify exact wording before final quotation.,03_notes/questions/PDF003_Q07.md,C3,,"- Page(s): 2, 16, 27, 28 - Key passage(s), paraphrased or short quote only: ""it is not so much aggregate credit expansion that matters for long-term productivity and economic growth but sectoral credit expansions or the type of credit expansions""; ""if it simultaneously results in an increase in land prices, savings may be diverted to real estate, and the net effect is to crowd out productive investments""; ""unlike their model, the increase in the collateral value of land produces a general equilibrium crowding out effect, as entrepreneurs' portfolios shift toward land speculation, rather than productive investments"".",paraphrase,1. Introduction,medium
CLM_PDF003_Q07_007,PDF003,PDF003_Q07,Hirano_Stiglitz_2025c,"2, 16, 27, 28",variables_parameters,land,,land speculation crowds out productive capital,,,model_based_synthesis,"This diversion creates a general-equilibrium crowding-out effect, depriving the productive sector of capital and permanently lowering long-term economic growth.",land-credit crowding-out,validated_paraphrase,NotebookLM-backed paraphrase from completed note; verify exact wording before final quotation.,03_notes/questions/PDF003_Q07.md,C3,,"- Page(s): 2, 16, 27, 28 - Key passage(s), paraphrased or short quote only: ""it is not so much aggregate credit expansion that matters for long-term productivity and economic growth but sectoral credit expansions or the type of credit expansions""; ""if it simultaneously results in an increase in land prices, savings may be diverted to real estate, and the net effect is to crowd out productive investments""; ""unlike their model, the increase in the collateral value of land produces a general equilibrium crowding out effect, as entrepreneurs' portfolios shift toward land speculation, rather than productive investments"".",paraphrase,3. Conceptual objects,medium
CLM_PDF004_Q01_001,PDF004,PDF004_Q01,Hirano_Stiglitz_2025b,"3, 4, 9, 17, 34, 49",variables_parameters,land,,land speculation crowds out productive capital,,K_t,model_based_synthesis,"The paper organizes a four-part theoretical research program demonstrating that market economies are intrinsically prone to expectation-driven instability, and that the presence of land and credit frictions causes speculative real estate booms to structurally crowd out productive capital, lowering long-run endogenous growth.",land-credit crowding-out,validated_paraphrase,NotebookLM-backed paraphrase from completed note; verify exact wording before final quotation.,03_notes/questions/PDF004_Q01.md,C2,,"- Page(s): 3, 4, 9, 17, 34, 49 - Key passage(s), paraphrased or short quote only: - ""This paper is meant to provide an overview of the research program, providing the simplest models illustrating each of the issues addressed"" - ""Multiplicity of momentary equilibria translates into an infinity of dynamic paths... The economy can suddenly switch from one momentary equilibrium... to another... showing that a laissez-faire market economy can be, in this sense, unstable.""",paraphrase,3. Conceptual objects,medium
CLM_PDF004_Q01_002,PDF004,PDF004_Q01,Hirano_Stiglitz_2025b,"3, 4, 9, 17, 34, 49",variables_parameters,land,,land speculation crowds out productive capital,,,model_based_synthesis,"The sequential model architecture (Equation 2.5b for wobbly dynamics, Equation 6.2 for land crowding out, Equation 9.10b for endogenous growth reduction, and Equation 10.11 for credit-fueled speculation).",land-credit crowding-out,validated_paraphrase,NotebookLM-backed paraphrase from completed note; verify exact wording before final quotation.,03_notes/questions/PDF004_Q01.md,C2,,"- Page(s): 3, 4, 9, 17, 34, 49 - Key passage(s), paraphrased or short quote only: - ""This paper is meant to provide an overview of the research program, providing the simplest models illustrating each of the issues addressed"" - ""Multiplicity of momentary equilibria translates into an infinity of dynamic paths... The economy can suddenly switch from one momentary equilibrium... to another... showing that a laissez-faire market economy can be, in this sense, unstable.""",paraphrase,4. Mechanism I,medium
CLM_PDF004_Q01_003,PDF004,PDF004_Q01,Hirano_Stiglitz_2025b,"3, 4, 9, 17, 34, 49",variables_parameters,land,,land changes R versus G and debt-rollover conditions,,r,critical_interpretation,"The framework relies on a closed-economy model driven entirely by domestic life-cycle savings and endogenous interest rates; applying this research program directly to Latin America requires external verification regarding the region's reliance on external global finance, foreign exchange bottlenecks, and historical land concentration (latifundia).",Latin American applicability,validated_paraphrase,NotebookLM-backed paraphrase from completed note; verify exact wording before final quotation.,03_notes/questions/PDF004_Q01.md,C2,,"- Page(s): 3, 4, 9, 17, 34, 49 - Key passage(s), paraphrased or short quote only: - ""This paper is meant to provide an overview of the research program, providing the simplest models illustrating each of the issues addressed"" - ""Multiplicity of momentary equilibria translates into an infinity of dynamic paths... The economy can suddenly switch from one momentary equilibrium... to another... showing that a laissez-faire market economy can be, in this sense, unstable.""",paraphrase,9. Critical appraisal,medium
CLM_PDF004_Q01_004,PDF004,PDF004_Q01,Hirano_Stiglitz_2025b,"3, 4, 9, 17, 34, 49",causality,land,,land changes R versus G and debt-rollover conditions,"In the baseline OLG model, because the savings rate depends on expected interest rates, the economy generates multiple momentary equilibria, resulting in endogenous ""wobbly"" boom-bust cycles.",r,model_based_synthesis,"In the baseline OLG model, because the savings rate depends on expected interest rates, the economy generates multiple momentary equilibria, resulting in endogenous ""wobbly"" boom-bust cycles.",wobbly dynamics and instability,validated_paraphrase,NotebookLM-backed paraphrase from completed note; verify exact wording before final quotation.,03_notes/questions/PDF004_Q01.md,C2,,"- Page(s): 3, 4, 9, 17, 34, 49 - Key passage(s), paraphrased or short quote only: - ""This paper is meant to provide an overview of the research program, providing the simplest models illustrating each of the issues addressed"" - ""Multiplicity of momentary equilibria translates into an infinity of dynamic paths... The economy can suddenly switch from one momentary equilibrium... to another... showing that a laissez-faire market economy can be, in this sense, unstable.""",paraphrase,8. Wobbly dynamics,medium
CLM_PDF004_Q01_005,PDF004,PDF004_Q01,Hirano_Stiglitz_2025b,"3, 4, 9, 17, 34, 49",mechanism,land,,land speculation crowds out productive capital,"When land is introduced, it serves as an alternative, non-produced store of value that competes with capital; rising land prices directly absorb domestic savings and crowd out real capital accumulation.",P_t,model_based_synthesis,"When land is introduced, it serves as an alternative, non-produced store of value that competes with capital; rising land prices directly absorb domestic savings and crowd out real capital accumulation.",land-credit crowding-out,validated_paraphrase,NotebookLM-backed paraphrase from completed note; verify exact wording before final quotation.,03_notes/questions/PDF004_Q01.md,C2,,"- Page(s): 3, 4, 9, 17, 34, 49 - Key passage(s), paraphrased or short quote only: - ""This paper is meant to provide an overview of the research program, providing the simplest models illustrating each of the issues addressed"" - ""Multiplicity of momentary equilibria translates into an infinity of dynamic paths... The economy can suddenly switch from one momentary equilibrium... to another... showing that a laissez-faire market economy can be, in this sense, unstable.""",paraphrase,3. Conceptual objects,medium
CLM_PDF004_Q01_006,PDF004,PDF004_Q01,Hirano_Stiglitz_2025b,"3, 4, 9, 17, 34, 49",variables_parameters,land,,land speculation crowds out productive capital,,k_{t+1}; productivity growth,model_based_synthesis,"In an endogenous growth framework, this crowding-out effect starves the capital-intensive manufacturing sector of necessary investment, lowering aggregate labor productivity and long-term economic growth.",land-credit crowding-out,validated_paraphrase,NotebookLM-backed paraphrase from completed note; verify exact wording before final quotation.,03_notes/questions/PDF004_Q01.md,C2,,"- Page(s): 3, 4, 9, 17, 34, 49 - Key passage(s), paraphrased or short quote only: - ""This paper is meant to provide an overview of the research program, providing the simplest models illustrating each of the issues addressed"" - ""Multiplicity of momentary equilibria translates into an infinity of dynamic paths... The economy can suddenly switch from one momentary equilibrium... to another... showing that a laissez-faire market economy can be, in this sense, unstable.""",paraphrase,3. Conceptual objects,medium
CLM_PDF004_Q01_007,PDF004,PDF004_Q01,Hirano_Stiglitz_2025b,"3, 4, 9, 17, 34, 49",variables_parameters,land,,land speculation crowds out productive capital,,leverage parameter,policy_implication,"Adding credit frictions reveals that expansionary monetary policy disproportionately relaxes borrowing constraints for real estate, inducing entrepreneurs to shift their portfolios toward land speculation and exacerbating the capital shortage.",land-credit crowding-out,validated_paraphrase,NotebookLM-backed paraphrase from completed note; verify exact wording before final quotation.,03_notes/questions/PDF004_Q01.md,C2,,"- Page(s): 3, 4, 9, 17, 34, 49 - Key passage(s), paraphrased or short quote only: - ""This paper is meant to provide an overview of the research program, providing the simplest models illustrating each of the issues addressed"" - ""Multiplicity of momentary equilibria translates into an infinity of dynamic paths... The economy can suddenly switch from one momentary equilibrium... to another... showing that a laissez-faire market economy can be, in this sense, unstable.""",paraphrase,3. Conceptual objects,medium
CLM_PDF004_Q02_001,PDF004,PDF004_Q02,Hirano_Stiglitz_2025b,"1, 8, 25, 26",variables_parameters,land,,land changes R versus G and debt-rollover conditions,,,model_based_synthesis,"Multiple momentary equilibria allow an economy to endogenously switch between ""bullish"" and ""bearish"" states driven by self-fulfilling expectations, generating an infinite number of bounded rational-expectations trajectories (wobbly dynamics) rather than smooth convergence to a unique steady state.",wobbly dynamics and instability,validated_paraphrase,NotebookLM-backed paraphrase from completed note; verify exact wording before final quotation.,03_notes/questions/PDF004_Q02.md,C2,,"- Page(s): 1, 8, 25, 26 - Key passage(s), paraphrased or short quote only: - ""Under plausible conditions, there can be multiple momentary equilibria... this can give rise in turn to an infinity of rational expectations trajectories, all operating within bounds that can be calculated."" - ""Multiplicity of momentary equilibria translates into an infinity of dynamic paths... The economy can suddenly switch from one momentary equilibrium (say with a low savings rate) to another (with a high savings rate)... The wobbles are bound by $k^L$ and $k^H$.""",paraphrase,8. Wobbly dynamics,medium
CLM_PDF004_Q02_002,PDF004,PDF004_Q02,Hirano_Stiglitz_2025b,"1, 8, 25, 26",causality,land,,land changes R versus G and debt-rollover conditions,"Equation (2.5b) $\Omega(k{t+1})=W(kt)$ establishing the multiplicity condition, and the upper bound $P2 \equiv \frac{e-(1+\frac{a1}{a2}(1-\delta))\frac{\omega1}{\omega2}}{(1+\frac{a1}{a2}(1-\delta))}$ triggering endogenous crashes.",,model_based_synthesis,"Equation (2.5b) $\Omega(k{t+1})=W(kt)$ establishing the multiplicity condition, and the upper bound $P2 \equiv \frac{e-(1+\frac{a1}{a2}(1-\delta))\frac{\omega1}{\omega2}}{(1+\frac{a1}{a2}(1-\delta))}$ triggering endogenous crashes.",land-credit crowding-out,validated_paraphrase,NotebookLM-backed paraphrase from completed note; verify exact wording before final quotation.,03_notes/questions/PDF004_Q02.md,C2,,"- Page(s): 1, 8, 25, 26 - Key passage(s), paraphrased or short quote only: - ""Under plausible conditions, there can be multiple momentary equilibria... this can give rise in turn to an infinity of rational expectations trajectories, all operating within bounds that can be calculated."" - ""Multiplicity of momentary equilibria translates into an infinity of dynamic paths... The economy can suddenly switch from one momentary equilibrium (say with a low savings rate) to another (with a high savings rate)... The wobbles are bound by $k^L$ and $k^H$.""",paraphrase,1. Introduction,medium
CLM_PDF004_Q02_003,PDF004,PDF004_Q02,Hirano_Stiglitz_2025b,"1, 8, 25, 26",variables_parameters,land,,land changes R versus G and debt-rollover conditions,,,model_based_synthesis,The framework’s generation of bounded trajectories relies strictly on a closed overlapping-generations economy driven purely by domestic life-cycle savings.,land-credit crowding-out,validated_paraphrase,NotebookLM-backed paraphrase from completed note; verify exact wording before final quotation.,03_notes/questions/PDF004_Q02.md,C2,,"- Page(s): 1, 8, 25, 26 - Key passage(s), paraphrased or short quote only: - ""Under plausible conditions, there can be multiple momentary equilibria... this can give rise in turn to an infinity of rational expectations trajectories, all operating within bounds that can be calculated."" - ""Multiplicity of momentary equilibria translates into an infinity of dynamic paths... The economy can suddenly switch from one momentary equilibrium (say with a low savings rate) to another (with a high savings rate)... The wobbles are bound by $k^L$ and $k^H$.""",paraphrase,1. Introduction,medium
CLM_PDF004_Q02_004,PDF004,PDF004_Q02,Hirano_Stiglitz_2025b,"1, 8, 25, 26",variables_parameters,land,,land speculation crowds out productive capital,,P_t; k_{t+1}; r,model_based_synthesis,"For a given level of capital (and land prices), the non-monotonic savings-investment relationship allows for multiple valid interest rates and savings rates to clear the market.",land-credit crowding-out,validated_paraphrase,NotebookLM-backed paraphrase from completed note; verify exact wording before final quotation.,03_notes/questions/PDF004_Q02.md,C2,,"- Page(s): 1, 8, 25, 26 - Key passage(s), paraphrased or short quote only: - ""Under plausible conditions, there can be multiple momentary equilibria... this can give rise in turn to an infinity of rational expectations trajectories, all operating within bounds that can be calculated."" - ""Multiplicity of momentary equilibria translates into an infinity of dynamic paths... The economy can suddenly switch from one momentary equilibrium (say with a low savings rate) to another (with a high savings rate)... The wobbles are bound by $k^L$ and $k^H$.""",paraphrase,3. Conceptual objects,medium
CLM_PDF004_Q02_005,PDF004,PDF004_Q02,Hirano_Stiglitz_2025b,"1, 8, 25, 26",mechanism,land,,land changes R versus G and debt-rollover conditions,"Based purely on shifts in beliefs (""animal spirits""), the economy can dynamically jump back and forth between high-return and low-return momentary equilibria.",,model_based_synthesis,"Based purely on shifts in beliefs (""animal spirits""), the economy can dynamically jump back and forth between high-return and low-return momentary equilibria.",land-credit crowding-out,validated_paraphrase,NotebookLM-backed paraphrase from completed note; verify exact wording before final quotation.,03_notes/questions/PDF004_Q02.md,C2,,"- Page(s): 1, 8, 25, 26 - Key passage(s), paraphrased or short quote only: - ""Under plausible conditions, there can be multiple momentary equilibria... this can give rise in turn to an infinity of rational expectations trajectories, all operating within bounds that can be calculated."" - ""Multiplicity of momentary equilibria translates into an infinity of dynamic paths... The economy can suddenly switch from one momentary equilibrium (say with a low savings rate) to another (with a high savings rate)... The wobbles are bound by $k^L$ and $k^H$.""",paraphrase,1. Introduction,medium
CLM_PDF004_Q02_006,PDF004,PDF004_Q02,Hirano_Stiglitz_2025b,"1, 8, 25, 26",mechanism,land,,land changes R versus G and debt-rollover conditions,"This continuous switching creates endless, non-converging fluctuations (""wobbles"") that remain entirely consistent with rational expectations.",,model_based_synthesis,"This continuous switching creates endless, non-converging fluctuations (""wobbles"") that remain entirely consistent with rational expectations.",land-credit crowding-out,validated_paraphrase,NotebookLM-backed paraphrase from completed note; verify exact wording before final quotation.,03_notes/questions/PDF004_Q02.md,C2,,"- Page(s): 1, 8, 25, 26 - Key passage(s), paraphrased or short quote only: - ""Under plausible conditions, there can be multiple momentary equilibria... this can give rise in turn to an infinity of rational expectations trajectories, all operating within bounds that can be calculated."" - ""Multiplicity of momentary equilibria translates into an infinity of dynamic paths... The economy can suddenly switch from one momentary equilibrium (say with a low savings rate) to another (with a high savings rate)... The wobbles are bound by $k^L$ and $k^H$.""",paraphrase,1. Introduction,medium
CLM_PDF004_Q02_007,PDF004,PDF004_Q02,Hirano_Stiglitz_2025b,"1, 8, 25, 26",causality,land,,real-estate credit amplifies land-price inflation,"These trajectories are strictly bounded because if asset prices approach critical limits (e.g., land prices near $P2$), the multiplicity disappears; the market is forced into a unique equilibrium that triggers an endogenous crash or reversal to prevent mathematically unsustainable explosive paths.",P_t,model_based_synthesis,"These trajectories are strictly bounded because if asset prices approach critical limits (e.g., land prices near $P2$), the multiplicity disappears; the market is forced into a unique equilibrium that triggers an endogenous crash or reversal to prevent mathematically unsustainable explosive paths.",land-credit crowding-out,validated_paraphrase,NotebookLM-backed paraphrase from completed note; verify exact wording before final quotation.,03_notes/questions/PDF004_Q02.md,C2,,"- Page(s): 1, 8, 25, 26 - Key passage(s), paraphrased or short quote only: - ""Under plausible conditions, there can be multiple momentary equilibria... this can give rise in turn to an infinity of rational expectations trajectories, all operating within bounds that can be calculated."" - ""Multiplicity of momentary equilibria translates into an infinity of dynamic paths... The economy can suddenly switch from one momentary equilibrium (say with a low savings rate) to another (with a high savings rate)... The wobbles are bound by $k^L$ and $k^H$.""",paraphrase,1. Introduction,medium
CLM_PDF004_Q03_001,PDF004,PDF004_Q03,Hirano_Stiglitz_2025b,"3, 17",variables_parameters,land,,land changes R versus G and debt-rollover conditions,,,model_based_synthesis,"Introducing land as a competing store of value expands the mathematical bounds for multiple momentary equilibria, generating a richer set of endogenous fluctuations and increasing overall macroeconomic variability.",land-credit crowding-out,validated_paraphrase,NotebookLM-backed paraphrase from completed note; verify exact wording before final quotation.,03_notes/questions/PDF004_Q03.md,C2,,"- Page(s): 3, 17 - Key passage(s), paraphrased or short quote only: ""The introduction of land increases the scope for fluctuations; the only rational expectations trajectories may entail fluctuations, with episodic unemployment and dynamic inefficiencies""; ""because $\Omega$ is shifted up more for low values of $k_{t+1}$ than for high values... the range of $k_t$ for which there are multiple equilibria is increased as $P_t$ rises. This implies an increased range of potential variability in economic activity.""",paraphrase,1. Introduction,medium
CLM_PDF004_Q03_002,PDF004,PDF004_Q03,Hirano_Stiglitz_2025b,"3, 17",variables_parameters,land,,land changes R versus G and debt-rollover conditions,,,model_based_synthesis,"The modified savings/capital accumulation equation, $\Omega(k{t+1}, Pt) \equiv \frac{k{t+1}}{st(k{t+1})} + \frac{Pt}{st(k{t+1})} = w(kt) + e$, demonstrating that the range of $kt$ for multiple equilibria increases as $Pt$ rises.",land-credit crowding-out,validated_paraphrase,NotebookLM-backed paraphrase from completed note; verify exact wording before final quotation.,03_notes/questions/PDF004_Q03.md,C2,,"- Page(s): 3, 17 - Key passage(s), paraphrased or short quote only: ""The introduction of land increases the scope for fluctuations; the only rational expectations trajectories may entail fluctuations, with episodic unemployment and dynamic inefficiencies""; ""because $\Omega$ is shifted up more for low values of $k_{t+1}$ than for high values... the range of $k_t$ for which there are multiple equilibria is increased as $P_t$ rises. This implies an increased range of potential variability in economic activity.""",paraphrase,3. Conceptual objects,medium
CLM_PDF004_Q03_003,PDF004,PDF004_Q03,Hirano_Stiglitz_2025b,"3, 17",variables_parameters,land,,land changes R versus G and debt-rollover conditions,,,model_based_synthesis,The framework’s generation of these expanded fluctuations relies strictly on a closed OLG economy driven entirely by domestic life-cycle savings.,land-credit crowding-out,validated_paraphrase,NotebookLM-backed paraphrase from completed note; verify exact wording before final quotation.,03_notes/questions/PDF004_Q03.md,C2,,"- Page(s): 3, 17 - Key passage(s), paraphrased or short quote only: ""The introduction of land increases the scope for fluctuations; the only rational expectations trajectories may entail fluctuations, with episodic unemployment and dynamic inefficiencies""; ""because $\Omega$ is shifted up more for low values of $k_{t+1}$ than for high values... the range of $k_t$ for which there are multiple equilibria is increased as $P_t$ rises. This implies an increased range of potential variability in economic activity.""",paraphrase,1. Introduction,medium
CLM_PDF004_Q03_004,PDF004,PDF004_Q03,Hirano_Stiglitz_2025b,"3, 17",mechanism,land,,land speculation crowds out productive capital,"Land is introduced as an alternative asset, meaning finite savings must be split between productive capital investment and land purchases.",K_t; k_{t+1},model_based_synthesis,"Land is introduced as an alternative asset, meaning finite savings must be split between productive capital investment and land purchases.",land-credit crowding-out,validated_paraphrase,NotebookLM-backed paraphrase from completed note; verify exact wording before final quotation.,03_notes/questions/PDF004_Q03.md,C2,,"- Page(s): 3, 17 - Key passage(s), paraphrased or short quote only: ""The introduction of land increases the scope for fluctuations; the only rational expectations trajectories may entail fluctuations, with episodic unemployment and dynamic inefficiencies""; ""because $\Omega$ is shifted up more for low values of $k_{t+1}$ than for high values... the range of $k_t$ for which there are multiple equilibria is increased as $P_t$ rises. This implies an increased range of potential variability in economic activity.""",paraphrase,3. Conceptual objects,medium
CLM_PDF004_Q03_005,PDF004,PDF004_Q03,Hirano_Stiglitz_2025b,"3, 17",variables_parameters,land,,land speculation crowds out productive capital,,P_t; k_{t+1},model_based_synthesis,"As speculative land prices rise, the savings-investment curve ($\Omega$) shifts upward unevenly, rising more for low values of future capital ($k{t+1}$) than for high values.",land-credit crowding-out,validated_paraphrase,NotebookLM-backed paraphrase from completed note; verify exact wording before final quotation.,03_notes/questions/PDF004_Q03.md,C2,,"- Page(s): 3, 17 - Key passage(s), paraphrased or short quote only: ""The introduction of land increases the scope for fluctuations; the only rational expectations trajectories may entail fluctuations, with episodic unemployment and dynamic inefficiencies""; ""because $\Omega$ is shifted up more for low values of $k_{t+1}$ than for high values... the range of $k_t$ for which there are multiple equilibria is increased as $P_t$ rises. This implies an increased range of potential variability in economic activity.""",paraphrase,3. Conceptual objects,medium
CLM_PDF004_Q03_006,PDF004,PDF004_Q03,Hirano_Stiglitz_2025b,"3, 17",variables_parameters,land,,unbalanced growth separates land prices from rents,,D_t/r_t,model_based_synthesis,"This uneven shift expands the range of current capital ($kt$) that can sustain multiple momentary equilibria, making ""wobbly"" expectation-driven switches possible across a broader set of parameters.",wobbly dynamics and instability,validated_paraphrase,NotebookLM-backed paraphrase from completed note; verify exact wording before final quotation.,03_notes/questions/PDF004_Q03.md,C2,,"- Page(s): 3, 17 - Key passage(s), paraphrased or short quote only: ""The introduction of land increases the scope for fluctuations; the only rational expectations trajectories may entail fluctuations, with episodic unemployment and dynamic inefficiencies""; ""because $\Omega$ is shifted up more for low values of $k_{t+1}$ than for high values... the range of $k_t$ for which there are multiple equilibria is increased as $P_t$ rises. This implies an increased range of potential variability in economic activity.""",paraphrase,3. Conceptual objects,medium
CLM_PDF004_Q03_007,PDF004,PDF004_Q03,Hirano_Stiglitz_2025b,"3, 17",variables_parameters,land,,land changes R versus G and debt-rollover conditions,,,model_based_synthesis,"The resulting rational land booms and their inevitable bursting create severe boom-bust cycles, directly increasing the scope for episodic unemployment and dynamic inefficiency.",land-credit crowding-out,validated_paraphrase,NotebookLM-backed paraphrase from completed note; verify exact wording before final quotation.,03_notes/questions/PDF004_Q03.md,C2,,"- Page(s): 3, 17 - Key passage(s), paraphrased or short quote only: ""The introduction of land increases the scope for fluctuations; the only rational expectations trajectories may entail fluctuations, with episodic unemployment and dynamic inefficiencies""; ""because $\Omega$ is shifted up more for low values of $k_{t+1}$ than for high values... the range of $k_t$ for which there are multiple equilibria is increased as $P_t$ rises. This implies an increased range of potential variability in economic activity.""",paraphrase,1. Introduction,medium
CLM_PDF004_Q04_001,PDF004,PDF004_Q04,Hirano_Stiglitz_2025b,"1, 40, 43, 44, 48",causality,land,,land speculation crowds out productive capital,"Credit frictions interact with land speculation to suppress economic growth, because expansionary credit policies that favor real estate divert finite entrepreneurial funds away from the productive capital investments necessary for endogenous growth.",K_t; k_{t+1},model_based_synthesis,"Credit frictions interact with land speculation to suppress economic growth, because expansionary credit policies that favor real estate divert finite entrepreneurial funds away from the productive capital investments necessary for endogenous growth.",land-credit crowding-out,validated_paraphrase,NotebookLM-backed paraphrase from completed note; verify exact wording before final quotation.,03_notes/questions/PDF004_Q04.md,C2,,"- Page(s): 1, 40, 43, 44, 48 - Key passage(s), paraphrased or short quote only: - ""With credit frictions, expansionary credit and financial policies may lead to lower growth, with the additional funds unevenly going to land speculation, diverting savings from productive investments..."" - ""Other things being constant, a rise in $\phi_t$ (land speculation) crowds out savings away from capital investment, reducing the growth rate of the economy.""",paraphrase,3. Conceptual objects,medium
CLM_PDF004_Q04_002,PDF004,PDF004_Q04,Hirano_Stiglitz_2025b,"1, 40, 43, 44, 48",variables_parameters,land,,land speculation crowds out productive capital,,,model_based_synthesis,"Equation (10.10a), $1+gt = \frac{A}{1-\theta}[\eta s(1-\alpha) - (1-\theta^x)\phit]$, showing growth ($gt$) falls as relative land speculation ($\phit$) rises; and Proposition 8(i), proving $\frac{d(1+g^)}{d\theta^x} < 0$.",land-credit crowding-out,validated_paraphrase,NotebookLM-backed paraphrase from completed note; verify exact wording before final quotation.,03_notes/questions/PDF004_Q04.md,C2,,"- Page(s): 1, 40, 43, 44, 48 - Key passage(s), paraphrased or short quote only: - ""With credit frictions, expansionary credit and financial policies may lead to lower growth, with the additional funds unevenly going to land speculation, diverting savings from productive investments..."" - ""Other things being constant, a rise in $\phi_t$ (land speculation) crowds out savings away from capital investment, reducing the growth rate of the economy.""",paraphrase,1. Introduction,medium
CLM_PDF004_Q04_003,PDF004,PDF004_Q04,Hirano_Stiglitz_2025b,"1, 40, 43, 44, 48",variables_parameters,land,,real-estate credit amplifies land-price inflation,,leverage parameter; collateral parameter,model_based_synthesis,The model assumes a closed system where growth is determined purely by domestic capital accumulation and collateralized domestic borrowing.,land-credit crowding-out,validated_paraphrase,NotebookLM-backed paraphrase from completed note; verify exact wording before final quotation.,03_notes/questions/PDF004_Q04.md,C2,,"- Page(s): 1, 40, 43, 44, 48 - Key passage(s), paraphrased or short quote only: - ""With credit frictions, expansionary credit and financial policies may lead to lower growth, with the additional funds unevenly going to land speculation, diverting savings from productive investments..."" - ""Other things being constant, a rise in $\phi_t$ (land speculation) crowds out savings away from capital investment, reducing the growth rate of the economy.""",paraphrase,3. Conceptual objects,medium
CLM_PDF004_Q04_004,PDF004,PDF004_Q04,Hirano_Stiglitz_2025b,"1, 40, 43, 44, 48",variables_parameters,land,,land speculation crowds out productive capital,,K_t; leverage parameter; collateral parameter,model_based_synthesis,Entrepreneurs use limited savings and collateral-constrained borrowing to invest in either productive capital or non-produced land.,land-credit crowding-out,validated_paraphrase,NotebookLM-backed paraphrase from completed note; verify exact wording before final quotation.,03_notes/questions/PDF004_Q04.md,C2,,"- Page(s): 1, 40, 43, 44, 48 - Key passage(s), paraphrased or short quote only: - ""With credit frictions, expansionary credit and financial policies may lead to lower growth, with the additional funds unevenly going to land speculation, diverting savings from productive investments..."" - ""Other things being constant, a rise in $\phi_t$ (land speculation) crowds out savings away from capital investment, reducing the growth rate of the economy.""",paraphrase,3. Conceptual objects,medium
CLM_PDF004_Q04_005,PDF004,PDF004_Q04,Hirano_Stiglitz_2025b,"1, 40, 43, 44, 48",variables_parameters,land,,land speculation crowds out productive capital,,r; leverage parameter; collateral parameter,model_based_synthesis,Policies that relax land collateral requirements ($\theta^x$) or lower interest rates disproportionately increase the leveraged return of land speculation.,land-credit crowding-out,validated_paraphrase,NotebookLM-backed paraphrase from completed note; verify exact wording before final quotation.,03_notes/questions/PDF004_Q04.md,C2,,"- Page(s): 1, 40, 43, 44, 48 - Key passage(s), paraphrased or short quote only: - ""With credit frictions, expansionary credit and financial policies may lead to lower growth, with the additional funds unevenly going to land speculation, diverting savings from productive investments..."" - ""Other things being constant, a rise in $\phi_t$ (land speculation) crowds out savings away from capital investment, reducing the growth rate of the economy.""",paraphrase,5. Mechanism II,medium
CLM_PDF004_Q04_006,PDF004,PDF004_Q04,Hirano_Stiglitz_2025b,"1, 40, 43, 44, 48",variables_parameters,land,,land speculation crowds out productive capital,,,model_based_synthesis,"Entrepreneurs rationally shift their portfolios toward real estate, absorbing domestic savings to finance land down-payments (a general-equilibrium crowding-out effect).",land-credit crowding-out,validated_paraphrase,NotebookLM-backed paraphrase from completed note; verify exact wording before final quotation.,03_notes/questions/PDF004_Q04.md,C2,,"- Page(s): 1, 40, 43, 44, 48 - Key passage(s), paraphrased or short quote only: - ""With credit frictions, expansionary credit and financial policies may lead to lower growth, with the additional funds unevenly going to land speculation, diverting savings from productive investments..."" - ""Other things being constant, a rise in $\phi_t$ (land speculation) crowds out savings away from capital investment, reducing the growth rate of the economy.""",paraphrase,4. Mechanism I,medium
CLM_PDF004_Q04_007,PDF004,PDF004_Q04,Hirano_Stiglitz_2025b,"1, 40, 43, 44, 48",variables_parameters,land,,land speculation crowds out productive capital,,k_{t+1},model_based_synthesis,"This diversion deprives the capital-intensive sector of investment, continuously suppressing the Marshallian externalities required for long-run endogenous growth.",land-credit crowding-out,validated_paraphrase,NotebookLM-backed paraphrase from completed note; verify exact wording before final quotation.,03_notes/questions/PDF004_Q04.md,C2,,"- Page(s): 1, 40, 43, 44, 48 - Key passage(s), paraphrased or short quote only: - ""With credit frictions, expansionary credit and financial policies may lead to lower growth, with the additional funds unevenly going to land speculation, diverting savings from productive investments..."" - ""Other things being constant, a rise in $\phi_t$ (land speculation) crowds out savings away from capital investment, reducing the growth rate of the economy.""",paraphrase,3. Conceptual objects,medium
CLM_PDF004_Q05_001,PDF004,PDF004_Q05,Hirano_Stiglitz_2025b,"3, 5, 15, 36, 49",variables_parameters,land,,land changes R versus G and debt-rollover conditions,,,formal_model_result,"The paper functions strictly as an overview and synthesis of the authors' broader research program, parsimoniously adapting models from their 2022 and 2024 papers rather than introducing novel formal results.",land-credit crowding-out,validated_paraphrase,NotebookLM-backed paraphrase from completed note; verify exact wording before final quotation.,03_notes/questions/PDF004_Q05.md,C2,,"- Page(s): 3, 5, 15, 36, 49 - Key passage(s), paraphrased or short quote only: - ""This paper is meant to provide an overview of the research program, providing the simplest models illustrating each of the issues addressed, and is not intended to provide a complete analysis of any of the models presented."" - ""The model we present here is based on Hirano and Stiglitz (2022a).""",paraphrase,1. Introduction,medium
CLM_PDF004_Q05_002,PDF004,PDF004_Q05,Hirano_Stiglitz_2025b,"3, 5, 15, 36, 49",mechanism,land,,,Not applicable.,,model_based_synthesis,Not applicable.,land-credit crowding-out,validated_paraphrase,NotebookLM-backed paraphrase from completed note; verify exact wording before final quotation.,03_notes/questions/PDF004_Q05.md,C2,,"- Page(s): 3, 5, 15, 36, 49 - Key passage(s), paraphrased or short quote only: - ""This paper is meant to provide an overview of the research program, providing the simplest models illustrating each of the issues addressed, and is not intended to provide a complete analysis of any of the models presented."" - ""The model we present here is based on Hirano and Stiglitz (2022a).""",paraphrase,1. Introduction,medium
CLM_PDF004_Q05_003,PDF004,PDF004_Q05,Hirano_Stiglitz_2025b,"3, 5, 15, 36, 49",variables_parameters,land,,land changes R versus G and debt-rollover conditions,,,critical_interpretation,"Since this source provides a theoretical overview of closed-economy OLG models driven entirely by domestic parameters, applying these abstracted dynamics to Latin American economic structures (which feature high external debt and foreign capital flows) requires external verification.",debt rollover / R versus G,validated_paraphrase,NotebookLM-backed paraphrase from completed note; verify exact wording before final quotation.,03_notes/questions/PDF004_Q05.md,C2,,"- Page(s): 3, 5, 15, 36, 49 - Key passage(s), paraphrased or short quote only: - ""This paper is meant to provide an overview of the research program, providing the simplest models illustrating each of the issues addressed, and is not intended to provide a complete analysis of any of the models presented."" - ""The model we present here is based on Hirano and Stiglitz (2022a).""",paraphrase,3. Conceptual objects,medium
CLM_PDF004_Q05_004,PDF004,PDF004_Q05,Hirano_Stiglitz_2025b,"3, 5, 15, 36, 49",mechanism,land,,land changes R versus G and debt-rollover conditions,Part I (wobbly dynamics) summarizes the baseline OLG instability from Hirano and Stiglitz (2022a).,,model_based_synthesis,Part I (wobbly dynamics) summarizes the baseline OLG instability from Hirano and Stiglitz (2022a).,wobbly dynamics and instability,validated_paraphrase,NotebookLM-backed paraphrase from completed note; verify exact wording before final quotation.,03_notes/questions/PDF004_Q05.md,C2,,"- Page(s): 3, 5, 15, 36, 49 - Key passage(s), paraphrased or short quote only: - ""This paper is meant to provide an overview of the research program, providing the simplest models illustrating each of the issues addressed, and is not intended to provide a complete analysis of any of the models presented."" - ""The model we present here is based on Hirano and Stiglitz (2022a).""",paraphrase,8. Wobbly dynamics,medium
CLM_PDF004_Q05_005,PDF004,PDF004_Q05,Hirano_Stiglitz_2025b,"3, 5, 15, 36, 49",mechanism,land,,land speculation crowds out productive capital,Part II (land and fluctuations) summarizes the real estate crowding-out dynamics from Hirano and Stiglitz (2022b).,,model_based_synthesis,Part II (land and fluctuations) summarizes the real estate crowding-out dynamics from Hirano and Stiglitz (2022b).,land-credit crowding-out,validated_paraphrase,NotebookLM-backed paraphrase from completed note; verify exact wording before final quotation.,03_notes/questions/PDF004_Q05.md,C2,,"- Page(s): 3, 5, 15, 36, 49 - Key passage(s), paraphrased or short quote only: - ""This paper is meant to provide an overview of the research program, providing the simplest models illustrating each of the issues addressed, and is not intended to provide a complete analysis of any of the models presented."" - ""The model we present here is based on Hirano and Stiglitz (2022a).""",paraphrase,4. Mechanism I,medium
CLM_PDF004_Q05_006,PDF004,PDF004_Q05,Hirano_Stiglitz_2025b,"3, 5, 15, 36, 49",mechanism,land,,real-estate credit amplifies land-price inflation,Part IV (credit frictions) adapts the monetary and collateral framework from Hirano and Stiglitz (2024).,collateral parameter,model_based_synthesis,Part IV (credit frictions) adapts the monetary and collateral framework from Hirano and Stiglitz (2024).,land-credit crowding-out,validated_paraphrase,NotebookLM-backed paraphrase from completed note; verify exact wording before final quotation.,03_notes/questions/PDF004_Q05.md,C2,,"- Page(s): 3, 5, 15, 36, 49 - Key passage(s), paraphrased or short quote only: - ""This paper is meant to provide an overview of the research program, providing the simplest models illustrating each of the issues addressed, and is not intended to provide a complete analysis of any of the models presented."" - ""The model we present here is based on Hirano and Stiglitz (2022a).""",paraphrase,5. Mechanism II,medium
CLM_PDF004_Q05_007,PDF004,PDF004_Q05,Hirano_Stiglitz_2025b,"3, 5, 15, 36, 49",variables_parameters,land,,land changes R versus G and debt-rollover conditions,,,model_based_synthesis,"The paper's contribution is unifying these prior insights to demonstrate that tractable, global OLG models can effectively replace standard dynastic models for analyzing macroeconomic instability.",wobbly dynamics and instability,validated_paraphrase,NotebookLM-backed paraphrase from completed note; verify exact wording before final quotation.,03_notes/questions/PDF004_Q05.md,C2,,"- Page(s): 3, 5, 15, 36, 49 - Key passage(s), paraphrased or short quote only: - ""This paper is meant to provide an overview of the research program, providing the simplest models illustrating each of the issues addressed, and is not intended to provide a complete analysis of any of the models presented."" - ""The model we present here is based on Hirano and Stiglitz (2022a).""",paraphrase,8. Wobbly dynamics,medium
CLM_PDF004_Q06_001,PDF004,PDF004_Q06,Hirano_Stiglitz_2025b,"3, 4",variables_parameters,land,,land speculation crowds out productive capital,,,critical_interpretation,"The paper acts as a direct structural guide for mapping the research program, as it deliberately synthesizes the authors' prior technical papers into a simplified, four-part escalating narrative about macroeconomic instability and land speculation.",wobbly dynamics and instability,validated_paraphrase,NotebookLM-backed paraphrase from completed note; verify exact wording before final quotation.,03_notes/questions/PDF004_Q06.md,C2,,"- Page(s): 3, 4 - Key passage(s), paraphrased or short quote only: ""This paper is meant to provide an overview of the research program, providing the simplest models illustrating each of the issues addressed, and is not intended to provide a complete analysis of any of the models presented"" [1]; ""The paper is divided into four parts. In Part I, we present the basic overlapping generating model... In Part II, we extend the model further by incorporating land. In Parts III and IV we introduce endogenous growth, without and with financial frictions"" [3].",paraphrase,8. Wobbly dynamics,medium
CLM_PDF004_Q06_002,PDF004,PDF004_Q06,Hirano_Stiglitz_2025b,"3, 4",variables_parameters,land,,land changes R versus G and debt-rollover conditions,,,formal_model_result,Not applicable (functions as a structural synthesis rather than deriving a new singular theorem).,land-credit crowding-out,validated_paraphrase,NotebookLM-backed paraphrase from completed note; verify exact wording before final quotation.,03_notes/questions/PDF004_Q06.md,C2,,"- Page(s): 3, 4 - Key passage(s), paraphrased or short quote only: ""This paper is meant to provide an overview of the research program, providing the simplest models illustrating each of the issues addressed, and is not intended to provide a complete analysis of any of the models presented"" [1]; ""The paper is divided into four parts. In Part I, we present the basic overlapping generating model... In Part II, we extend the model further by incorporating land. In Parts III and IV we introduce endogenous growth, without and with financial frictions"" [3].",paraphrase,1. Introduction,medium
CLM_PDF004_Q06_003,PDF004,PDF004_Q06,Hirano_Stiglitz_2025b,"3, 4",causality,land,,land changes R versus G and debt-rollover conditions,"Because this source provides a theoretical overview of a closed economy driven entirely by domestic parameters and life-cycle savings, applying this map to Latin American economic structures requires external verification regarding the region's exposure to exogenous global capital flows, sovereign debt, and historically entrenched land concentration.",,critical_interpretation,"Because this source provides a theoretical overview of a closed economy driven entirely by domestic parameters and life-cycle savings, applying this map to Latin American economic structures requires external verification regarding the region's exposure to exogenous global capital flows, sovereign debt, and historically entrenched land concentration.",debt rollover / R versus G,validated_paraphrase,NotebookLM-backed paraphrase from completed note; verify exact wording before final quotation.,03_notes/questions/PDF004_Q06.md,C2,,"- Page(s): 3, 4 - Key passage(s), paraphrased or short quote only: ""This paper is meant to provide an overview of the research program, providing the simplest models illustrating each of the issues addressed, and is not intended to provide a complete analysis of any of the models presented"" [1]; ""The paper is divided into four parts. In Part I, we present the basic overlapping generating model... In Part II, we extend the model further by incorporating land. In Parts III and IV we introduce endogenous growth, without and with financial frictions"" [3].",paraphrase,3. Conceptual objects,medium
CLM_PDF004_Q06_004,PDF004,PDF004_Q06,Hirano_Stiglitz_2025b,"3, 4",variables_parameters,land,,land changes R versus G and debt-rollover conditions,,,model_based_synthesis,"Part I maps the baseline departure from standard models, showing how OLG economies naturally generate endogenous ""wobbly"" boom-bust cycles driven by rational expectations.",wobbly dynamics and instability,validated_paraphrase,NotebookLM-backed paraphrase from completed note; verify exact wording before final quotation.,03_notes/questions/PDF004_Q06.md,C2,,"- Page(s): 3, 4 - Key passage(s), paraphrased or short quote only: ""This paper is meant to provide an overview of the research program, providing the simplest models illustrating each of the issues addressed, and is not intended to provide a complete analysis of any of the models presented"" [1]; ""The paper is divided into four parts. In Part I, we present the basic overlapping generating model... In Part II, we extend the model further by incorporating land. In Parts III and IV we introduce endogenous growth, without and with financial frictions"" [3].",paraphrase,8. Wobbly dynamics,medium
CLM_PDF004_Q06_005,PDF004,PDF004_Q06,Hirano_Stiglitz_2025b,"3, 4",mechanism,land,,land speculation crowds out productive capital,Part II layers in land to show how a non-produced asset mathematically competes with and crowds out productive capital.,K_t,model_based_synthesis,Part II layers in land to show how a non-produced asset mathematically competes with and crowds out productive capital.,land-credit crowding-out,validated_paraphrase,NotebookLM-backed paraphrase from completed note; verify exact wording before final quotation.,03_notes/questions/PDF004_Q06.md,C2,,"- Page(s): 3, 4 - Key passage(s), paraphrased or short quote only: ""This paper is meant to provide an overview of the research program, providing the simplest models illustrating each of the issues addressed, and is not intended to provide a complete analysis of any of the models presented"" [1]; ""The paper is divided into four parts. In Part I, we present the basic overlapping generating model... In Part II, we extend the model further by incorporating land. In Parts III and IV we introduce endogenous growth, without and with financial frictions"" [3].",paraphrase,3. Conceptual objects,medium
CLM_PDF004_Q06_006,PDF004,PDF004_Q06,Hirano_Stiglitz_2025b,"3, 4",variables_parameters,land,,land speculation crowds out productive capital,,productivity growth,model_based_synthesis,Part III integrates endogenous growth to illustrate how this crowding-out effect permanently stunts aggregate economic productivity.,land-credit crowding-out,validated_paraphrase,NotebookLM-backed paraphrase from completed note; verify exact wording before final quotation.,03_notes/questions/PDF004_Q06.md,C2,,"- Page(s): 3, 4 - Key passage(s), paraphrased or short quote only: ""This paper is meant to provide an overview of the research program, providing the simplest models illustrating each of the issues addressed, and is not intended to provide a complete analysis of any of the models presented"" [1]; ""The paper is divided into four parts. In Part I, we present the basic overlapping generating model... In Part II, we extend the model further by incorporating land. In Parts III and IV we introduce endogenous growth, without and with financial frictions"" [3].",paraphrase,4. Mechanism I,medium
CLM_PDF004_Q06_007,PDF004,PDF004_Q06,Hirano_Stiglitz_2025b,"3, 4",variables_parameters,land,,land speculation crowds out productive capital,,k_{t+1},policy_implication,Part IV adds credit frictions to demonstrate how expansionary monetary or financial policy disproportionately fuels destructive real estate speculation rather than productive investment.,land-credit crowding-out,validated_paraphrase,NotebookLM-backed paraphrase from completed note; verify exact wording before final quotation.,03_notes/questions/PDF004_Q06.md,C2,,"- Page(s): 3, 4 - Key passage(s), paraphrased or short quote only: ""This paper is meant to provide an overview of the research program, providing the simplest models illustrating each of the issues addressed, and is not intended to provide a complete analysis of any of the models presented"" [1]; ""The paper is divided into four parts. In Part I, we present the basic overlapping generating model... In Part II, we extend the model further by incorporating land. In Parts III and IV we introduce endogenous growth, without and with financial frictions"" [3].",paraphrase,4. Mechanism I,medium
CLM_PDF004_Q07_001,PDF004,PDF004_Q07,Hirano_Stiglitz_2025b,"3, 4, 5, 15, 36",variables_parameters,land,,real-estate credit amplifies land-price inflation,,,model_based_synthesis,"The paper's first two parts (basic OLG instability and land introduction) serve as theoretical background, while the final two parts (endogenous growth and credit frictions) provide the core results regarding how financial easing suppresses long-term growth.",land-credit crowding-out,validated_paraphrase,NotebookLM-backed paraphrase from completed note; verify exact wording before final quotation.,03_notes/questions/PDF004_Q07.md,C2,,"- Page(s): 3, 4, 5, 15, 36 - Key passage(s), paraphrased or short quote only: ""This paper is meant to provide an overview of the research program, providing the simplest models illustrating each of the issues addressed""; ""In Part I, we present the basic overlapping generating model... In Part II, we extend the model further by incorporating land. In Parts III and IV we introduce endogenous growth, without and with financial frictions""; ""With credit frictions, expansionary credit and financial policies may lead to lower growth, with the additional funds unevenly going to land speculation, diverting savings from productive investments, results consistent with empirical evidence.""",paraphrase,5. Mechanism II,medium
CLM_PDF004_Q07_002,PDF004,PDF004_Q07,Hirano_Stiglitz_2025b,"3, 4, 5, 15, 36",variables_parameters,land,,land changes R versus G and debt-rollover conditions,,,critical_interpretation,"Applying this inferred structural division to Latin American contexts requires external verification, as the foundational background models rely on closed-economy domestic savings dynamics rather than the external debt and foreign capital flows characteristic of the region.",debt rollover / R versus G,validated_paraphrase,NotebookLM-backed paraphrase from completed note; verify exact wording before final quotation.,03_notes/questions/PDF004_Q07.md,C2,,"- Page(s): 3, 4, 5, 15, 36 - Key passage(s), paraphrased or short quote only: ""This paper is meant to provide an overview of the research program, providing the simplest models illustrating each of the issues addressed""; ""In Part I, we present the basic overlapping generating model... In Part II, we extend the model further by incorporating land. In Parts III and IV we introduce endogenous growth, without and with financial frictions""; ""With credit frictions, expansionary credit and financial policies may lead to lower growth, with the additional funds unevenly going to land speculation, diverting savings from productive investments, results consistent with empirical evidence.""",paraphrase,3. Conceptual objects,medium
CLM_PDF004_Q07_003,PDF004,PDF004_Q07,Hirano_Stiglitz_2025b,"3, 4, 5, 15, 36",mechanism,land,,land changes R versus G and debt-rollover conditions,Part I establishes the foundational mathematics of multiple momentary equilibria (wobbly dynamics) in a standard OLG economy.,,model_based_synthesis,Part I establishes the foundational mathematics of multiple momentary equilibria (wobbly dynamics) in a standard OLG economy.,wobbly dynamics and instability,validated_paraphrase,NotebookLM-backed paraphrase from completed note; verify exact wording before final quotation.,03_notes/questions/PDF004_Q07.md,C2,,"- Page(s): 3, 4, 5, 15, 36 - Key passage(s), paraphrased or short quote only: ""This paper is meant to provide an overview of the research program, providing the simplest models illustrating each of the issues addressed""; ""In Part I, we present the basic overlapping generating model... In Part II, we extend the model further by incorporating land. In Parts III and IV we introduce endogenous growth, without and with financial frictions""; ""With credit frictions, expansionary credit and financial policies may lead to lower growth, with the additional funds unevenly going to land speculation, diverting savings from productive investments, results consistent with empirical evidence.""",paraphrase,8. Wobbly dynamics,medium
CLM_PDF004_Q07_004,PDF004,PDF004_Q07,Hirano_Stiglitz_2025b,"3, 4, 5, 15, 36",mechanism,land,,land changes R versus G and debt-rollover conditions,"Part II introduces land as a non-produced store of value, showing how it expands these baseline fluctuations.",,model_based_synthesis,"Part II introduces land as a non-produced store of value, showing how it expands these baseline fluctuations.",land-credit crowding-out,validated_paraphrase,NotebookLM-backed paraphrase from completed note; verify exact wording before final quotation.,03_notes/questions/PDF004_Q07.md,C2,,"- Page(s): 3, 4, 5, 15, 36 - Key passage(s), paraphrased or short quote only: ""This paper is meant to provide an overview of the research program, providing the simplest models illustrating each of the issues addressed""; ""In Part I, we present the basic overlapping generating model... In Part II, we extend the model further by incorporating land. In Parts III and IV we introduce endogenous growth, without and with financial frictions""; ""With credit frictions, expansionary credit and financial policies may lead to lower growth, with the additional funds unevenly going to land speculation, diverting savings from productive investments, results consistent with empirical evidence.""",paraphrase,1. Introduction,medium
CLM_PDF004_Q07_005,PDF004,PDF004_Q07,Hirano_Stiglitz_2025b,"3, 4, 5, 15, 36",variables_parameters,land,,land speculation crowds out productive capital,,,model_based_synthesis,"These steps act as the theoretical setup for Part III, which demonstrates how land speculation actively starves the productive sector of the capital required for endogenous growth.",land-credit crowding-out,validated_paraphrase,NotebookLM-backed paraphrase from completed note; verify exact wording before final quotation.,03_notes/questions/PDF004_Q07.md,C2,,"- Page(s): 3, 4, 5, 15, 36 - Key passage(s), paraphrased or short quote only: ""This paper is meant to provide an overview of the research program, providing the simplest models illustrating each of the issues addressed""; ""In Part I, we present the basic overlapping generating model... In Part II, we extend the model further by incorporating land. In Parts III and IV we introduce endogenous growth, without and with financial frictions""; ""With credit frictions, expansionary credit and financial policies may lead to lower growth, with the additional funds unevenly going to land speculation, diverting savings from productive investments, results consistent with empirical evidence.""",paraphrase,3. Conceptual objects,medium
CLM_PDF004_Q07_006,PDF004,PDF004_Q07,Hirano_Stiglitz_2025b,"3, 4, 5, 15, 36",variables_parameters,land,,land speculation crowds out productive capital,,leverage parameter,policy_implication,"Finally, Part IV delivers the core policy mechanism: under credit frictions, expansionary financial policies disproportionately relax real estate borrowing, causing severe crowding-out effects and macroeconomic stagnation.",land-credit crowding-out,validated_paraphrase,NotebookLM-backed paraphrase from completed note; verify exact wording before final quotation.,03_notes/questions/PDF004_Q07.md,C2,,"- Page(s): 3, 4, 5, 15, 36 - Key passage(s), paraphrased or short quote only: ""This paper is meant to provide an overview of the research program, providing the simplest models illustrating each of the issues addressed""; ""In Part I, we present the basic overlapping generating model... In Part II, we extend the model further by incorporating land. In Parts III and IV we introduce endogenous growth, without and with financial frictions""; ""With credit frictions, expansionary credit and financial policies may lead to lower growth, with the additional funds unevenly going to land speculation, diverting savings from productive investments, results consistent with empirical evidence.""",paraphrase,4. Mechanism I,medium
CLM_PDF005_Q01_001,PDF005,PDF005_Q01,Hirano_Stiglitz_2025a,"327, 329, 335, 345",variables_parameters,land,,land speculation crowds out productive capital,,K_t,policy_implication,"The Henry George question is reconstructed to analyze how land speculation dynamically crowds out productive capital in endogenous growth models, proving that Georgist land taxation and strict financial regulations are necessary to prevent credit-fueled real estate booms from permanently stunting long-term macroeconomic growth.",land-credit crowding-out,validated_paraphrase,NotebookLM-backed paraphrase from completed note; verify exact wording before final quotation.,03_notes/questions/PDF005_Q01.md,C6,,"- Page(s): 327, 329, 335, 345 - Key passage(s), paraphrased or short quote only: - ""We analyse the effects of land taxation in a way that goes beyond the suggestion by Henry George (1879)... Our findings differ from the widely accepted views that looser financial and monetary policies should be good for growth. Instead we argue that... such policies can end up encouraging land speculation financed by borrowing, rather than stimulating productive investment."" - ""The ability to speculate in land lowers the productivity and economic growth rates and reduces overall economic welfare.""",paraphrase,3. Conceptual objects,medium
CLM_PDF005_Q01_002,PDF005,PDF005_Q01,Hirano_Stiglitz_2025a,"327, 329, 335, 345",variables_parameters,land,,unbalanced growth separates land prices from rents,,D_t/r_t,policy_implication,Proposition 3 (Impacts of taxes: A tax on land rents and capital gains increases growth; a 100% tax on land rents combined with a limiting capital gains tax leads to the same growth as land nationalization).,policy / taxation / regulation,validated_paraphrase,NotebookLM-backed paraphrase from completed note; verify exact wording before final quotation.,03_notes/questions/PDF005_Q01.md,C6,,"- Page(s): 327, 329, 335, 345 - Key passage(s), paraphrased or short quote only: - ""We analyse the effects of land taxation in a way that goes beyond the suggestion by Henry George (1879)... Our findings differ from the widely accepted views that looser financial and monetary policies should be good for growth. Instead we argue that... such policies can end up encouraging land speculation financed by borrowing, rather than stimulating productive investment."" - ""The ability to speculate in land lowers the productivity and economic growth rates and reduces overall economic welfare.""",paraphrase,3. Conceptual objects,medium
CLM_PDF005_Q01_003,PDF005,PDF005_Q01,Hirano_Stiglitz_2025a,"327, 329, 335, 345",variables_parameters,land,,land changes R versus G and debt-rollover conditions,,,critical_interpretation,"Evaluating this Georgist framework for Latin American economies requires external verification, as the paper strictly models a closed economy governed by domestic life-cycle savings and abstracts from the region's specific history of concentrated land ownership (latifundia) and its reliance on foreign capital flows.",Latin American applicability,validated_paraphrase,NotebookLM-backed paraphrase from completed note; verify exact wording before final quotation.,03_notes/questions/PDF005_Q01.md,C6,,"- Page(s): 327, 329, 335, 345 - Key passage(s), paraphrased or short quote only: - ""We analyse the effects of land taxation in a way that goes beyond the suggestion by Henry George (1879)... Our findings differ from the widely accepted views that looser financial and monetary policies should be good for growth. Instead we argue that... such policies can end up encouraging land speculation financed by borrowing, rather than stimulating productive investment."" - ""The ability to speculate in land lowers the productivity and economic growth rates and reduces overall economic welfare.""",paraphrase,3. Conceptual objects,medium
CLM_PDF005_Q01_004,PDF005,PDF005_Q01,Hirano_Stiglitz_2025a,"327, 329, 335, 345",mechanism,land,,land speculation crowds out productive capital,"Land acts as a non-produced asset that absorbs life-cycle savings, directly competing with productive capital in investment portfolios.",K_t; k_{t+1},model_based_synthesis,"Land acts as a non-produced asset that absorbs life-cycle savings, directly competing with productive capital in investment portfolios.",land-credit crowding-out,validated_paraphrase,NotebookLM-backed paraphrase from completed note; verify exact wording before final quotation.,03_notes/questions/PDF005_Q01.md,C6,,"- Page(s): 327, 329, 335, 345 - Key passage(s), paraphrased or short quote only: - ""We analyse the effects of land taxation in a way that goes beyond the suggestion by Henry George (1879)... Our findings differ from the widely accepted views that looser financial and monetary policies should be good for growth. Instead we argue that... such policies can end up encouraging land speculation financed by borrowing, rather than stimulating productive investment."" - ""The ability to speculate in land lowers the productivity and economic growth rates and reduces overall economic welfare.""",paraphrase,3. Conceptual objects,medium
CLM_PDF005_Q01_005,PDF005,PDF005_Q01,Hirano_Stiglitz_2025a,"327, 329, 335, 345",variables_parameters,land,,real-estate credit amplifies land-price inflation,,r; collateral parameter,model_based_synthesis,"Financial liberalization, lower interest rates, or the creation of a private land market increase the speculative demand and collateral value of land.",land-credit crowding-out,validated_paraphrase,NotebookLM-backed paraphrase from completed note; verify exact wording before final quotation.,03_notes/questions/PDF005_Q01.md,C6,,"- Page(s): 327, 329, 335, 345 - Key passage(s), paraphrased or short quote only: - ""We analyse the effects of land taxation in a way that goes beyond the suggestion by Henry George (1879)... Our findings differ from the widely accepted views that looser financial and monetary policies should be good for growth. Instead we argue that... such policies can end up encouraging land speculation financed by borrowing, rather than stimulating productive investment."" - ""The ability to speculate in land lowers the productivity and economic growth rates and reduces overall economic welfare.""",paraphrase,5. Mechanism II,medium
CLM_PDF005_Q01_006,PDF005,PDF005_Q01,Hirano_Stiglitz_2025a,"327, 329, 335, 345",variables_parameters,land,,leverage creates land-bubble phase transition,,leverage parameter; productivity growth,model_based_synthesis,Entrepreneurs and savers rationally divert their finite funds into purchasing land (leveraged with debt) rather than investing in the capital-intensive manufacturing sectors that generate endogenous productivity spillovers.,land-credit crowding-out,validated_paraphrase,NotebookLM-backed paraphrase from completed note; verify exact wording before final quotation.,03_notes/questions/PDF005_Q01.md,C6,,"- Page(s): 327, 329, 335, 345 - Key passage(s), paraphrased or short quote only: - ""We analyse the effects of land taxation in a way that goes beyond the suggestion by Henry George (1879)... Our findings differ from the widely accepted views that looser financial and monetary policies should be good for growth. Instead we argue that... such policies can end up encouraging land speculation financed by borrowing, rather than stimulating productive investment."" - ""The ability to speculate in land lowers the productivity and economic growth rates and reduces overall economic welfare.""",paraphrase,3. Conceptual objects,medium
CLM_PDF005_Q01_007,PDF005,PDF005_Q01,Hirano_Stiglitz_2025a,"327, 329, 335, 345",variables_parameters,land,,land speculation crowds out productive capital,,D_t/r_t; K_t; G,policy_implication,"Taxing land rents and capital gains, going beyond George's original static proposal, rectifies this by shifting portfolios back toward productive capital, thus permanently increasing the economic growth rate.",policy / taxation / regulation,validated_paraphrase,NotebookLM-backed paraphrase from completed note; verify exact wording before final quotation.,03_notes/questions/PDF005_Q01.md,C6,,"- Page(s): 327, 329, 335, 345 - Key passage(s), paraphrased or short quote only: - ""We analyse the effects of land taxation in a way that goes beyond the suggestion by Henry George (1879)... Our findings differ from the widely accepted views that looser financial and monetary policies should be good for growth. Instead we argue that... such policies can end up encouraging land speculation financed by borrowing, rather than stimulating productive investment."" - ""The ability to speculate in land lowers the productivity and economic growth rates and reduces overall economic welfare.""",paraphrase,3. Conceptual objects,medium
CLM_PDF005_Q02_001,PDF005,PDF005_Q02,Hirano_Stiglitz_2025a,"326-328, 331, 333-335",variables_parameters,land,,land speculation crowds out productive capital,,D_t/r_t,policy_implication,"The paper isolates the macroeconomic harm of land speculation by contrasting a rentier economy against a land-reform economy, ultimately proving that policy counterfactuals like Georgist taxation or full land nationalization are required to prevent speculative real estate from stunting economic growth.",policy / taxation / regulation,validated_paraphrase,NotebookLM-backed paraphrase from completed note; verify exact wording before final quotation.,03_notes/questions/PDF005_Q02.md,C6,,"- Page(s): 326-328, 331, 333-335 - Key passage(s), paraphrased or short quote only: - ""The question is, what is the relevant counterfactual? Clearly, not an economy without land... We approach the problem in two different ways."" - ""In one all the land is owned, say, by a landlord class... In the other economy there is no landlord class; land, like capital, is a store of value and can be freely sold... a policy of land reform... may over the long run lower worker welfare because workers' savings get diverted into holding land.""",paraphrase,10. Research agenda,medium
CLM_PDF005_Q02_002,PDF005,PDF005_Q02,Hirano_Stiglitz_2025a,"326-328, 331, 333-335",variables_parameters,land,,land changes R versus G and debt-rollover conditions,,,policy_implication,Proposition 2 (Long-run impact of land market on economic growth) and Proposition 3 (Impacts of taxes / land nationalization).,policy / taxation / regulation,validated_paraphrase,NotebookLM-backed paraphrase from completed note; verify exact wording before final quotation.,03_notes/questions/PDF005_Q02.md,C6,,"- Page(s): 326-328, 331, 333-335 - Key passage(s), paraphrased or short quote only: - ""The question is, what is the relevant counterfactual? Clearly, not an economy without land... We approach the problem in two different ways."" - ""In one all the land is owned, say, by a landlord class... In the other economy there is no landlord class; land, like capital, is a store of value and can be freely sold... a policy of land reform... may over the long run lower worker welfare because workers' savings get diverted into holding land.""",paraphrase,10. Research agenda,medium
CLM_PDF005_Q02_003,PDF005,PDF005_Q02,Hirano_Stiglitz_2025a,"326-328, 331, 333-335",theory_evidence,land,,land changes R versus G and debt-rollover conditions,,,policy_implication,"Applying these specific land reform and nationalization counterfactuals to Latin America requires external verification, as the region's historical agricultural structures (latifundia), export dependence, and reliance on foreign capital inflows violate the model's assumption of a closed economy strictly financed by domestic life-cycle savings.",Latin American applicability,validated_paraphrase,NotebookLM-backed paraphrase from completed note; verify exact wording before final quotation.,03_notes/questions/PDF005_Q02.md,C6,,"- Page(s): 326-328, 331, 333-335 - Key passage(s), paraphrased or short quote only: - ""The question is, what is the relevant counterfactual? Clearly, not an economy without land... We approach the problem in two different ways."" - ""In one all the land is owned, say, by a landlord class... In the other economy there is no landlord class; land, like capital, is a store of value and can be freely sold... a policy of land reform... may over the long run lower worker welfare because workers' savings get diverted into holding land.""",paraphrase,3. Conceptual objects,medium
CLM_PDF005_Q02_004,PDF005,PDF005_Q02,Hirano_Stiglitz_2025a,"326-328, 331, 333-335",variables_parameters,land,,land speculation crowds out productive capital,,D_t/r_t; K_t; k_{t+1},policy_implication,"In a baseline rentier economy, a landlord class holds all land, forcing all of the workers' finite savings to flow exclusively into productive capital investment.",land-credit crowding-out,validated_paraphrase,NotebookLM-backed paraphrase from completed note; verify exact wording before final quotation.,03_notes/questions/PDF005_Q02.md,C6,,"- Page(s): 326-328, 331, 333-335 - Key passage(s), paraphrased or short quote only: - ""The question is, what is the relevant counterfactual? Clearly, not an economy without land... We approach the problem in two different ways."" - ""In one all the land is owned, say, by a landlord class... In the other economy there is no landlord class; land, like capital, is a store of value and can be freely sold... a policy of land reform... may over the long run lower worker welfare because workers' savings get diverted into holding land.""",paraphrase,3. Conceptual objects,medium
CLM_PDF005_Q02_005,PDF005,PDF005_Q02,Hirano_Stiglitz_2025a,"326-328, 331, 333-335",variables_parameters,land,,land changes R versus G and debt-rollover conditions,,,policy_implication,"An institutional ""land reform"" that makes land a tradable asset induces workers to reallocate their portfolios, using their savings to speculate on land for retirement.",land-credit crowding-out,validated_paraphrase,NotebookLM-backed paraphrase from completed note; verify exact wording before final quotation.,03_notes/questions/PDF005_Q02.md,C6,,"- Page(s): 326-328, 331, 333-335 - Key passage(s), paraphrased or short quote only: - ""The question is, what is the relevant counterfactual? Clearly, not an economy without land... We approach the problem in two different ways."" - ""In one all the land is owned, say, by a landlord class... In the other economy there is no landlord class; land, like capital, is a store of value and can be freely sold... a policy of land reform... may over the long run lower worker welfare because workers' savings get diverted into holding land.""",paraphrase,1. Introduction,medium
CLM_PDF005_Q02_006,PDF005,PDF005_Q02,Hirano_Stiglitz_2025a,"326-328, 331, 333-335",causality,land,,land speculation crowds out productive capital,"Because aggregate savings are finite, this speculation diverts funds away from capital, mechanically crowding out the productive investment necessary for endogenous growth.",k_{t+1},policy_implication,"Because aggregate savings are finite, this speculation diverts funds away from capital, mechanically crowding out the productive investment necessary for endogenous growth.",land-credit crowding-out,validated_paraphrase,NotebookLM-backed paraphrase from completed note; verify exact wording before final quotation.,03_notes/questions/PDF005_Q02.md,C6,,"- Page(s): 326-328, 331, 333-335 - Key passage(s), paraphrased or short quote only: - ""The question is, what is the relevant counterfactual? Clearly, not an economy without land... We approach the problem in two different ways."" - ""In one all the land is owned, say, by a landlord class... In the other economy there is no landlord class; land, like capital, is a store of value and can be freely sold... a policy of land reform... may over the long run lower worker welfare because workers' savings get diverted into holding land.""",paraphrase,3. Conceptual objects,medium
CLM_PDF005_Q02_007,PDF005,PDF005_Q02,Hirano_Stiglitz_2025a,"326-328, 331, 333-335",variables_parameters,land,,land speculation crowds out productive capital,,D_t/r_t; K_t; G,policy_implication,"Policy counterfactuals—specifically 100% land rent taxes, capital gains taxes, or complete land nationalization—eliminate the private speculative returns of land, forcing savings back into productive capital and restoring optimal growth rates.",policy / taxation / regulation,validated_paraphrase,NotebookLM-backed paraphrase from completed note; verify exact wording before final quotation.,03_notes/questions/PDF005_Q02.md,C6,,"- Page(s): 326-328, 331, 333-335 - Key passage(s), paraphrased or short quote only: - ""The question is, what is the relevant counterfactual? Clearly, not an economy without land... We approach the problem in two different ways."" - ""In one all the land is owned, say, by a landlord class... In the other economy there is no landlord class; land, like capital, is a store of value and can be freely sold... a policy of land reform... may over the long run lower worker welfare because workers' savings get diverted into holding land.""",paraphrase,3. Conceptual objects,medium
CLM_PDF005_Q03_001,PDF005,PDF005_Q03,Hirano_Stiglitz_2025a,"327, 332, 333, 337",variables_parameters,land,,land speculation crowds out productive capital,,K_t,policy_implication,"Land speculation reduces long-run welfare by absorbing finite domestic savings, creating a crowding-out effect that starves the real economy of productive capital, slows endogenous growth, and depresses future wages.",land-credit crowding-out,validated_paraphrase,NotebookLM-backed paraphrase from completed note; verify exact wording before final quotation.,03_notes/questions/PDF005_Q03.md,C6,,"- Page(s): 327, 332, 333, 337 - Key passage(s), paraphrased or short quote only: ""workers' savings get diverted into holding land, and with the consequent lower investment in productive capital there is slower growth and lower wages""; ""the creation of the land market leads to crowding out productive investment, negatively impacting long-run growth""; ""$K_{t+1}=sw_{t}-P_{t}$""; ""the land market reform will lower the welfare of all generations who are born after date $t=T+1$"".",paraphrase,3. Conceptual objects,medium
CLM_PDF005_Q03_002,PDF005,PDF005_Q03,Hirano_Stiglitz_2025a,"327, 332, 333, 337",variables_parameters,land,,real-estate credit amplifies land-price inflation,,P_t,policy_implication,"Proposition 2 (Long-run impact of land market on economic growth); Proposition 5 (Welfare impact of land reform on economic growth); and Equation (2.13): $K{t+1} = swt - Pt$, demonstrating that land prices subtract directly from capital accumulation.",land-credit crowding-out,validated_paraphrase,NotebookLM-backed paraphrase from completed note; verify exact wording before final quotation.,03_notes/questions/PDF005_Q03.md,C6,,"- Page(s): 327, 332, 333, 337 - Key passage(s), paraphrased or short quote only: ""workers' savings get diverted into holding land, and with the consequent lower investment in productive capital there is slower growth and lower wages""; ""the creation of the land market leads to crowding out productive investment, negatively impacting long-run growth""; ""$K_{t+1}=sw_{t}-P_{t}$""; ""the land market reform will lower the welfare of all generations who are born after date $t=T+1$"".",paraphrase,3. Conceptual objects,medium
CLM_PDF005_Q03_003,PDF005,PDF005_Q03,Hirano_Stiglitz_2025a,"327, 332, 333, 337",variables_parameters,land,,land changes R versus G and debt-rollover conditions,,,policy_implication,"Applying these findings to Latin America requires external verification, as the paper structurally assumes a closed economy where domestic life-cycle savings alone constrain capital accumulation, abstracting from the region's reliance on foreign capital flows, external sovereign debt, and historical land concentration (latifundia).",debt rollover / R versus G,validated_paraphrase,NotebookLM-backed paraphrase from completed note; verify exact wording before final quotation.,03_notes/questions/PDF005_Q03.md,C6,,"- Page(s): 327, 332, 333, 337 - Key passage(s), paraphrased or short quote only: ""workers' savings get diverted into holding land, and with the consequent lower investment in productive capital there is slower growth and lower wages""; ""the creation of the land market leads to crowding out productive investment, negatively impacting long-run growth""; ""$K_{t+1}=sw_{t}-P_{t}$""; ""the land market reform will lower the welfare of all generations who are born after date $t=T+1$"".",paraphrase,3. Conceptual objects,medium
CLM_PDF005_Q03_004,PDF005,PDF005_Q03,Hirano_Stiglitz_2025a,"327, 332, 333, 337",variables_parameters,land,,land changes R versus G and debt-rollover conditions,,,policy_implication,Workers save a fixed fraction of their wages to fund their retirement.,land-credit crowding-out,validated_paraphrase,NotebookLM-backed paraphrase from completed note; verify exact wording before final quotation.,03_notes/questions/PDF005_Q03.md,C6,,"- Page(s): 327, 332, 333, 337 - Key passage(s), paraphrased or short quote only: ""workers' savings get diverted into holding land, and with the consequent lower investment in productive capital there is slower growth and lower wages""; ""the creation of the land market leads to crowding out productive investment, negatively impacting long-run growth""; ""$K_{t+1}=sw_{t}-P_{t}$""; ""the land market reform will lower the welfare of all generations who are born after date $t=T+1$"".",paraphrase,1. Introduction,medium
CLM_PDF005_Q03_005,PDF005,PDF005_Q03,Hirano_Stiglitz_2025a,"327, 332, 333, 337",mechanism,land,,land speculation crowds out productive capital,"When land is a tradable asset, these finite savings are split between productive capital and land.",K_t,policy_implication,"When land is a tradable asset, these finite savings are split between productive capital and land.",land-credit crowding-out,validated_paraphrase,NotebookLM-backed paraphrase from completed note; verify exact wording before final quotation.,03_notes/questions/PDF005_Q03.md,C6,,"- Page(s): 327, 332, 333, 337 - Key passage(s), paraphrased or short quote only: ""workers' savings get diverted into holding land, and with the consequent lower investment in productive capital there is slower growth and lower wages""; ""the creation of the land market leads to crowding out productive investment, negatively impacting long-run growth""; ""$K_{t+1}=sw_{t}-P_{t}$""; ""the land market reform will lower the welfare of all generations who are born after date $t=T+1$"".",paraphrase,3. Conceptual objects,medium
CLM_PDF005_Q03_006,PDF005,PDF005_Q03,Hirano_Stiglitz_2025a,"327, 332, 333, 337",mechanism,land,,land speculation crowds out productive capital,Funds used to purchase non-produced land (speculation) mechanically reduce the amount of savings available to finance capital investment.,k_{t+1},policy_implication,Funds used to purchase non-produced land (speculation) mechanically reduce the amount of savings available to finance capital investment.,land-credit crowding-out,validated_paraphrase,NotebookLM-backed paraphrase from completed note; verify exact wording before final quotation.,03_notes/questions/PDF005_Q03.md,C6,,"- Page(s): 327, 332, 333, 337 - Key passage(s), paraphrased or short quote only: ""workers' savings get diverted into holding land, and with the consequent lower investment in productive capital there is slower growth and lower wages""; ""the creation of the land market leads to crowding out productive investment, negatively impacting long-run growth""; ""$K_{t+1}=sw_{t}-P_{t}$""; ""the land market reform will lower the welfare of all generations who are born after date $t=T+1$"".",paraphrase,3. Conceptual objects,medium
CLM_PDF005_Q03_007,PDF005,PDF005_Q03,Hirano_Stiglitz_2025a,"327, 332, 333, 337",causality,land,,land speculation crowds out productive capital,"Because economic growth relies on capital accumulation to generate productivity spillovers, this underinvestment lowers long-term growth and permanently reduces future wages and welfare.",k_{t+1}; productivity growth,policy_implication,"Because economic growth relies on capital accumulation to generate productivity spillovers, this underinvestment lowers long-term growth and permanently reduces future wages and welfare.",land-credit crowding-out,validated_paraphrase,NotebookLM-backed paraphrase from completed note; verify exact wording before final quotation.,03_notes/questions/PDF005_Q03.md,C6,,"- Page(s): 327, 332, 333, 337 - Key passage(s), paraphrased or short quote only: ""workers' savings get diverted into holding land, and with the consequent lower investment in productive capital there is slower growth and lower wages""; ""the creation of the land market leads to crowding out productive investment, negatively impacting long-run growth""; ""$K_{t+1}=sw_{t}-P_{t}$""; ""the land market reform will lower the welfare of all generations who are born after date $t=T+1$"".",paraphrase,3. Conceptual objects,medium
CLM_PDF005_Q04_001,PDF005,PDF005_Q04,Hirano_Stiglitz_2025a,"327, 328, 335, 344",variables_parameters,land,,land speculation crowds out productive capital,,D_t/r_t; K_t; collateral parameter,policy_implication,"To prevent land speculation from crowding out productive capital, governments must deploy fiscal policies (land-rent and capital-gains taxes), structural policies (land nationalization), or macroprudential financial regulations (differentiated collateral constraints).",land-credit crowding-out,validated_paraphrase,NotebookLM-backed paraphrase from completed note; verify exact wording before final quotation.,03_notes/questions/PDF005_Q04.md,C6,,"- Page(s): 327, 328, 335, 344 - Key passage(s), paraphrased or short quote only: ""Government can, for instance, tax land rents... it can go further and tax the capital gains on land, or it can retain the land and reinvest the proceeds in capital""; ""The best policy... is for government to nationalize land and use the proceeds for capital investment""; ""without financial regulations that curb the adverse effects of land speculation, such policies can end up encouraging land speculation financed by borrowing""; ""If it is a result of relaxation in land collateral financing, it will be productivity-and-growth-retarding... if it arises mainly with the relaxation in collateral required for capital investment financing, it will be productivity and growth-enhancing.""",paraphrase,3. Conceptual objects,medium
CLM_PDF005_Q04_002,PDF005,PDF005_Q04,Hirano_Stiglitz_2025a,"327, 328, 335, 344",variables_parameters,land,,unbalanced growth separates land prices from rents,,D_t/r_t; G,policy_implication,"Proposition 3 (Impacts of taxes), establishing that a 100% tax on land rents combined with a limiting capital gains tax achieves the same maximum growth rate as land nationalization.",policy / taxation / regulation,validated_paraphrase,NotebookLM-backed paraphrase from completed note; verify exact wording before final quotation.,03_notes/questions/PDF005_Q04.md,C6,,"- Page(s): 327, 328, 335, 344 - Key passage(s), paraphrased or short quote only: ""Government can, for instance, tax land rents... it can go further and tax the capital gains on land, or it can retain the land and reinvest the proceeds in capital""; ""The best policy... is for government to nationalize land and use the proceeds for capital investment""; ""without financial regulations that curb the adverse effects of land speculation, such policies can end up encouraging land speculation financed by borrowing""; ""If it is a result of relaxation in land collateral financing, it will be productivity-and-growth-retarding... if it arises mainly with the relaxation in collateral required for capital investment financing, it will be productivity and growth-enhancing.""",paraphrase,3. Conceptual objects,medium
CLM_PDF005_Q04_003,PDF005,PDF005_Q04,Hirano_Stiglitz_2025a,"327, 328, 335, 344",variables_parameters,land,,land changes R versus G and debt-rollover conditions,,,policy_implication,"Evaluating these specific fiscal and financial policy interventions for Latin America requires external verification, as the paper strictly models a closed economy governed by domestic life-cycle savings, abstracting from the region's reliance on foreign capital flows and its particular history of concentrated land ownership.",policy / taxation / regulation,validated_paraphrase,NotebookLM-backed paraphrase from completed note; verify exact wording before final quotation.,03_notes/questions/PDF005_Q04.md,C6,,"- Page(s): 327, 328, 335, 344 - Key passage(s), paraphrased or short quote only: ""Government can, for instance, tax land rents... it can go further and tax the capital gains on land, or it can retain the land and reinvest the proceeds in capital""; ""The best policy... is for government to nationalize land and use the proceeds for capital investment""; ""without financial regulations that curb the adverse effects of land speculation, such policies can end up encouraging land speculation financed by borrowing""; ""If it is a result of relaxation in land collateral financing, it will be productivity-and-growth-retarding... if it arises mainly with the relaxation in collateral required for capital investment financing, it will be productivity and growth-enhancing.""",paraphrase,3. Conceptual objects,medium
CLM_PDF005_Q04_004,PDF005,PDF005_Q04,Hirano_Stiglitz_2025a,"327, 328, 335, 344",mechanism,land,,land speculation crowds out productive capital,"Without intervention, finite domestic savings and credit flow disproportionately into non-produced land, starving the economy of productive capital.",K_t,policy_implication,"Without intervention, finite domestic savings and credit flow disproportionately into non-produced land, starving the economy of productive capital.",land-credit crowding-out,validated_paraphrase,NotebookLM-backed paraphrase from completed note; verify exact wording before final quotation.,03_notes/questions/PDF005_Q04.md,C6,,"- Page(s): 327, 328, 335, 344 - Key passage(s), paraphrased or short quote only: ""Government can, for instance, tax land rents... it can go further and tax the capital gains on land, or it can retain the land and reinvest the proceeds in capital""; ""The best policy... is for government to nationalize land and use the proceeds for capital investment""; ""without financial regulations that curb the adverse effects of land speculation, such policies can end up encouraging land speculation financed by borrowing""; ""If it is a result of relaxation in land collateral financing, it will be productivity-and-growth-retarding... if it arises mainly with the relaxation in collateral required for capital investment financing, it will be productivity and growth-enhancing.""",paraphrase,3. Conceptual objects,medium
CLM_PDF005_Q04_005,PDF005,PDF005_Q04,Hirano_Stiglitz_2025a,"327, 328, 335, 344",variables_parameters,land,,land speculation crowds out productive capital,,D_t/r_t; K_t; leverage parameter,policy_implication,"Land-rent and capital-gains taxes lower the leveraged return on land, inducing savers to rationally shift their portfolios back to productive capital.",land-credit crowding-out,validated_paraphrase,NotebookLM-backed paraphrase from completed note; verify exact wording before final quotation.,03_notes/questions/PDF005_Q04.md,C6,,"- Page(s): 327, 328, 335, 344 - Key passage(s), paraphrased or short quote only: ""Government can, for instance, tax land rents... it can go further and tax the capital gains on land, or it can retain the land and reinvest the proceeds in capital""; ""The best policy... is for government to nationalize land and use the proceeds for capital investment""; ""without financial regulations that curb the adverse effects of land speculation, such policies can end up encouraging land speculation financed by borrowing""; ""If it is a result of relaxation in land collateral financing, it will be productivity-and-growth-retarding... if it arises mainly with the relaxation in collateral required for capital investment financing, it will be productivity and growth-enhancing.""",paraphrase,3. Conceptual objects,medium
CLM_PDF005_Q04_006,PDF005,PDF005_Q04,Hirano_Stiglitz_2025a,"327, 328, 335, 344",mechanism,land,,unbalanced growth separates land prices from rents,"Land nationalization removes land as a private financial asset entirely, allowing the state to reinvest all land rents directly into capital accumulation.",D_t/r_t,policy_implication,"Land nationalization removes land as a private financial asset entirely, allowing the state to reinvest all land rents directly into capital accumulation.",land-credit crowding-out,validated_paraphrase,NotebookLM-backed paraphrase from completed note; verify exact wording before final quotation.,03_notes/questions/PDF005_Q04.md,C6,,"- Page(s): 327, 328, 335, 344 - Key passage(s), paraphrased or short quote only: ""Government can, for instance, tax land rents... it can go further and tax the capital gains on land, or it can retain the land and reinvest the proceeds in capital""; ""The best policy... is for government to nationalize land and use the proceeds for capital investment""; ""without financial regulations that curb the adverse effects of land speculation, such policies can end up encouraging land speculation financed by borrowing""; ""If it is a result of relaxation in land collateral financing, it will be productivity-and-growth-retarding... if it arises mainly with the relaxation in collateral required for capital investment financing, it will be productivity and growth-enhancing.""",paraphrase,3. Conceptual objects,medium
CLM_PDF005_Q04_007,PDF005,PDF005_Q04,Hirano_Stiglitz_2025a,"327, 328, 335, 344",mechanism,land,,real-estate credit amplifies land-price inflation,Targeted financial regulations that tighten real estate collateral requirements prevent expansionary monetary policy from fueling speculative borrowing.,leverage parameter; collateral parameter,policy_implication,Targeted financial regulations that tighten real estate collateral requirements prevent expansionary monetary policy from fueling speculative borrowing.,land-credit crowding-out,validated_paraphrase,NotebookLM-backed paraphrase from completed note; verify exact wording before final quotation.,03_notes/questions/PDF005_Q04.md,C6,,"- Page(s): 327, 328, 335, 344 - Key passage(s), paraphrased or short quote only: ""Government can, for instance, tax land rents... it can go further and tax the capital gains on land, or it can retain the land and reinvest the proceeds in capital""; ""The best policy... is for government to nationalize land and use the proceeds for capital investment""; ""without financial regulations that curb the adverse effects of land speculation, such policies can end up encouraging land speculation financed by borrowing""; ""If it is a result of relaxation in land collateral financing, it will be productivity-and-growth-retarding... if it arises mainly with the relaxation in collateral required for capital investment financing, it will be productivity and growth-enhancing.""",paraphrase,5. Mechanism II,medium
CLM_PDF005_Q05_001,PDF005,PDF005_Q05,Hirano_Stiglitz_2025a,"327, 343, 344",causality,land,,land speculation crowds out productive capital,"Challenging the Kiyotaki-Moore framework, the paper demonstrates that increasing the collateral value of land retards economic growth, because the resulting surge in leveraged land speculation crowds out productive capital investment in general equilibrium.",K_t; k_{t+1}; leverage parameter; collateral parameter,model_based_synthesis,"Challenging the Kiyotaki-Moore framework, the paper demonstrates that increasing the collateral value of land retards economic growth, because the resulting surge in leveraged land speculation crowds out productive capital investment in general equilibrium.",land-credit crowding-out,validated_paraphrase,NotebookLM-backed paraphrase from completed note; verify exact wording before final quotation.,03_notes/questions/PDF005_Q05.md,C6,,"- Page(s): 327, 343, 344 - Key passage(s), paraphrased or short quote only: ""This goes against the spirit of Kiyotaki and Moore (1997)... which has suggested that increasing the value of land collateral expands the opportunities for entrepreneurs to borrow to finance productive investments... we explain why the intuition that an individual's having more collateral and hence an increased ability to invest does not extend to general equilibrium analyses""; ""In the literature, there is no portfolio selection problem... In contrast, in our model, crowding-in effects are generated through an optimal portfolio allocation""; ""a greater collateral value of land encourages land speculation with leverage, retarding long-run economic growth. That is, $\frac{d(1+g^*)}{d\theta^x} < 0$ the crowding out effect of land speculation overwhelms the crowding in effect.""",paraphrase,3. Conceptual objects,medium
CLM_PDF005_Q05_002,PDF005,PDF005_Q05,Hirano_Stiglitz_2025a,"327, 343, 344",variables_parameters,land,,real-estate credit amplifies land-price inflation,,collateral parameter,model_based_synthesis,"Proposition 9(i) (Impact of changes in the collateral values on long-run economic growth), proving that $\frac{d(1+g^)}{d\theta^x} < 0$.",land-credit crowding-out,validated_paraphrase,NotebookLM-backed paraphrase from completed note; verify exact wording before final quotation.,03_notes/questions/PDF005_Q05.md,C6,,"- Page(s): 327, 343, 344 - Key passage(s), paraphrased or short quote only: ""This goes against the spirit of Kiyotaki and Moore (1997)... which has suggested that increasing the value of land collateral expands the opportunities for entrepreneurs to borrow to finance productive investments... we explain why the intuition that an individual's having more collateral and hence an increased ability to invest does not extend to general equilibrium analyses""; ""In the literature, there is no portfolio selection problem... In contrast, in our model, crowding-in effects are generated through an optimal portfolio allocation""; ""a greater collateral value of land encourages land speculation with leverage, retarding long-run economic growth. That is, $\frac{d(1+g^*)}{d\theta^x} < 0$ the crowding out effect of land speculation overwhelms the crowding in effect.""",paraphrase,5. Mechanism II,medium
CLM_PDF005_Q05_003,PDF005,PDF005_Q05,Hirano_Stiglitz_2025a,"327, 343, 344",variables_parameters,land,,real-estate credit amplifies land-price inflation,,collateral parameter,critical_interpretation,"Evaluating this critique of collateral optimism for Latin American economies requires external verification, as the paper strictly models a closed economy governed by domestic life-cycle savings, abstracting from the region's specific history of concentrated land ownership (latifundia), external sovereign debt constraints, and reliance on foreign capital inflows.",land-credit crowding-out,validated_paraphrase,NotebookLM-backed paraphrase from completed note; verify exact wording before final quotation.,03_notes/questions/PDF005_Q05.md,C6,,"- Page(s): 327, 343, 344 - Key passage(s), paraphrased or short quote only: ""This goes against the spirit of Kiyotaki and Moore (1997)... which has suggested that increasing the value of land collateral expands the opportunities for entrepreneurs to borrow to finance productive investments... we explain why the intuition that an individual's having more collateral and hence an increased ability to invest does not extend to general equilibrium analyses""; ""In the literature, there is no portfolio selection problem... In contrast, in our model, crowding-in effects are generated through an optimal portfolio allocation""; ""a greater collateral value of land encourages land speculation with leverage, retarding long-run economic growth. That is, $\frac{d(1+g^*)}{d\theta^x} < 0$ the crowding out effect of land speculation overwhelms the crowding in effect.""",paraphrase,3. Conceptual objects,medium
CLM_PDF005_Q05_004,PDF005,PDF005_Q05,Hirano_Stiglitz_2025a,"327, 343, 344",variables_parameters,land,,land speculation crowds out productive capital,,K_t; leverage parameter,model_based_synthesis,"Standard models (like Kiyotaki-Moore) assume higher land values relax borrowing constraints and strictly fund productive capital, omitting entrepreneurial portfolio choice.",land-credit crowding-out,validated_paraphrase,NotebookLM-backed paraphrase from completed note; verify exact wording before final quotation.,03_notes/questions/PDF005_Q05.md,C6,,"- Page(s): 327, 343, 344 - Key passage(s), paraphrased or short quote only: ""This goes against the spirit of Kiyotaki and Moore (1997)... which has suggested that increasing the value of land collateral expands the opportunities for entrepreneurs to borrow to finance productive investments... we explain why the intuition that an individual's having more collateral and hence an increased ability to invest does not extend to general equilibrium analyses""; ""In the literature, there is no portfolio selection problem... In contrast, in our model, crowding-in effects are generated through an optimal portfolio allocation""; ""a greater collateral value of land encourages land speculation with leverage, retarding long-run economic growth. That is, $\frac{d(1+g^*)}{d\theta^x} < 0$ the crowding out effect of land speculation overwhelms the crowding in effect.""",paraphrase,3. Conceptual objects,medium
CLM_PDF005_Q05_005,PDF005,PDF005_Q05,Hirano_Stiglitz_2025a,"327, 343, 344",mechanism,land,,land speculation crowds out productive capital,"In this paper's framework, collateral-constrained entrepreneurs use borrowing to allocate funds between productive capital and non-produced land.",K_t; leverage parameter; collateral parameter,model_based_synthesis,"In this paper's framework, collateral-constrained entrepreneurs use borrowing to allocate funds between productive capital and non-produced land.",land-credit crowding-out,validated_paraphrase,NotebookLM-backed paraphrase from completed note; verify exact wording before final quotation.,03_notes/questions/PDF005_Q05.md,C6,,"- Page(s): 327, 343, 344 - Key passage(s), paraphrased or short quote only: ""This goes against the spirit of Kiyotaki and Moore (1997)... which has suggested that increasing the value of land collateral expands the opportunities for entrepreneurs to borrow to finance productive investments... we explain why the intuition that an individual's having more collateral and hence an increased ability to invest does not extend to general equilibrium analyses""; ""In the literature, there is no portfolio selection problem... In contrast, in our model, crowding-in effects are generated through an optimal portfolio allocation""; ""a greater collateral value of land encourages land speculation with leverage, retarding long-run economic growth. That is, $\frac{d(1+g^*)}{d\theta^x} < 0$ the crowding out effect of land speculation overwhelms the crowding in effect.""",paraphrase,3. Conceptual objects,medium
CLM_PDF005_Q05_006,PDF005,PDF005_Q05,Hirano_Stiglitz_2025a,"327, 343, 344",mechanism,land,,land speculation crowds out productive capital,Relaxing land collateral requirements disproportionately increases the leveraged return on land speculation relative to capital.,leverage parameter; collateral parameter,model_based_synthesis,Relaxing land collateral requirements disproportionately increases the leveraged return on land speculation relative to capital.,land-credit crowding-out,validated_paraphrase,NotebookLM-backed paraphrase from completed note; verify exact wording before final quotation.,03_notes/questions/PDF005_Q05.md,C6,,"- Page(s): 327, 343, 344 - Key passage(s), paraphrased or short quote only: ""This goes against the spirit of Kiyotaki and Moore (1997)... which has suggested that increasing the value of land collateral expands the opportunities for entrepreneurs to borrow to finance productive investments... we explain why the intuition that an individual's having more collateral and hence an increased ability to invest does not extend to general equilibrium analyses""; ""In the literature, there is no portfolio selection problem... In contrast, in our model, crowding-in effects are generated through an optimal portfolio allocation""; ""a greater collateral value of land encourages land speculation with leverage, retarding long-run economic growth. That is, $\frac{d(1+g^*)}{d\theta^x} < 0$ the crowding out effect of land speculation overwhelms the crowding in effect.""",paraphrase,3. Conceptual objects,medium
CLM_PDF005_Q05_007,PDF005,PDF005_Q05,Hirano_Stiglitz_2025a,"327, 343, 344",variables_parameters,land,,land speculation crowds out productive capital,,,model_based_synthesis,"Entrepreneurs rationally divert their finite savings and credit toward land, generating a general-equilibrium crowding-out effect that starves the real economy of capital and persistently slows long-term growth.",land-credit crowding-out,validated_paraphrase,NotebookLM-backed paraphrase from completed note; verify exact wording before final quotation.,03_notes/questions/PDF005_Q05.md,C6,,"- Page(s): 327, 343, 344 - Key passage(s), paraphrased or short quote only: ""This goes against the spirit of Kiyotaki and Moore (1997)... which has suggested that increasing the value of land collateral expands the opportunities for entrepreneurs to borrow to finance productive investments... we explain why the intuition that an individual's having more collateral and hence an increased ability to invest does not extend to general equilibrium analyses""; ""In the literature, there is no portfolio selection problem... In contrast, in our model, crowding-in effects are generated through an optimal portfolio allocation""; ""a greater collateral value of land encourages land speculation with leverage, retarding long-run economic growth. That is, $\frac{d(1+g^*)}{d\theta^x} < 0$ the crowding out effect of land speculation overwhelms the crowding in effect.""",paraphrase,3. Conceptual objects,medium
CLM_PDF005_Q06_001,PDF005,PDF005_Q06,Hirano_Stiglitz_2025a,"327, 353, 356",variables_parameters,land,,land speculation crowds out productive capital,,,policy_implication,"The paper's dual-economy model validates Latin American structuralist concerns (explicitly citing Prebisch) by demonstrating that without strict Georgist taxation, land reform and financial liberalization will fuel unproductive land speculation, suppress industrial capital accumulation, and exacerbate structural disadvantages in agrarian economies.",policy / taxation / regulation,validated_paraphrase,NotebookLM-backed paraphrase from completed note; verify exact wording before final quotation.,03_notes/questions/PDF005_Q06.md,C6,,"- Page(s): 327, 353, 356 - Key passage(s), paraphrased or short quote only: ""ironically, a policy of land reform, taking land away from the rentiers (the landlords) and giving it to workers, may over the long run lower worker welfare because workers' savings get diverted into holding land""; ""as Prebisch (1950) and Singer (1950) emphasized, terms of trade have moved against agriculture""; ""Prebisch, R. (1950), 'The Economic Development of Latin America and its Principal Problems', New York, United Nations Department of Economic Affairs, Economic Commission for Latin America (ECLA).""",paraphrase,3. Conceptual objects,medium
CLM_PDF005_Q06_002,PDF005,PDF005_Q06,Hirano_Stiglitz_2025a,"327, 353, 356",variables_parameters,land,,land speculation crowds out productive capital,,,model_based_synthesis,"Equation (3.21) describing the dynamics of land speculation ($\phi{t+1}$) in a dual economy, and the integration of the Prebisch (1950) framework regarding declining terms of trade for agriculture.",land-credit crowding-out,validated_paraphrase,NotebookLM-backed paraphrase from completed note; verify exact wording before final quotation.,03_notes/questions/PDF005_Q06.md,C6,,"- Page(s): 327, 353, 356 - Key passage(s), paraphrased or short quote only: ""ironically, a policy of land reform, taking land away from the rentiers (the landlords) and giving it to workers, may over the long run lower worker welfare because workers' savings get diverted into holding land""; ""as Prebisch (1950) and Singer (1950) emphasized, terms of trade have moved against agriculture""; ""Prebisch, R. (1950), 'The Economic Development of Latin America and its Principal Problems', New York, United Nations Department of Economic Affairs, Economic Commission for Latin America (ECLA).""",paraphrase,1. Introduction,medium
CLM_PDF005_Q06_003,PDF005,PDF005_Q06,Hirano_Stiglitz_2025a,"327, 353, 356",variables_parameters,land,,real-estate credit amplifies land-price inflation,,D_t/r_t,formal_model_result,"While the paper explicitly references Latin American structuralism via Prebisch and ECLA, its formal mathematical model relies on closed-economy domestic savings; applying its exact dynamics to Latin American localization-rent debates requires external verification regarding the region's exposure to foreign capital inflows and dollarized real estate markets.",Latin American applicability,validated_paraphrase,NotebookLM-backed paraphrase from completed note; verify exact wording before final quotation.,03_notes/questions/PDF005_Q06.md,C6,,"- Page(s): 327, 353, 356 - Key passage(s), paraphrased or short quote only: ""ironically, a policy of land reform, taking land away from the rentiers (the landlords) and giving it to workers, may over the long run lower worker welfare because workers' savings get diverted into holding land""; ""as Prebisch (1950) and Singer (1950) emphasized, terms of trade have moved against agriculture""; ""Prebisch, R. (1950), 'The Economic Development of Latin America and its Principal Problems', New York, United Nations Department of Economic Affairs, Economic Commission for Latin America (ECLA).""",paraphrase,3. Conceptual objects,medium
CLM_PDF005_Q06_004,PDF005,PDF005_Q06,Hirano_Stiglitz_2025a,"327, 353, 356",variables_parameters,land,,land changes R versus G and debt-rollover conditions,,,critical_interpretation,"In a dual economy, sustained macroeconomic growth requires accumulating capital in the manufacturing sector.",Latin American applicability,validated_paraphrase,NotebookLM-backed paraphrase from completed note; verify exact wording before final quotation.,03_notes/questions/PDF005_Q06.md,C6,,"- Page(s): 327, 353, 356 - Key passage(s), paraphrased or short quote only: ""ironically, a policy of land reform, taking land away from the rentiers (the landlords) and giving it to workers, may over the long run lower worker welfare because workers' savings get diverted into holding land""; ""as Prebisch (1950) and Singer (1950) emphasized, terms of trade have moved against agriculture""; ""Prebisch, R. (1950), 'The Economic Development of Latin America and its Principal Problems', New York, United Nations Department of Economic Affairs, Economic Commission for Latin America (ECLA).""",paraphrase,3. Conceptual objects,medium
CLM_PDF005_Q06_005,PDF005,PDF005_Q06,Hirano_Stiglitz_2025a,"327, 353, 356",variables_parameters,land,,land speculation crowds out productive capital,,D_t/r_t,policy_implication,Making land freely tradable (land reform) without taxing its rents induces workers to divert finite savings into real estate speculation rather than productive industrial capital.,policy / taxation / regulation,validated_paraphrase,NotebookLM-backed paraphrase from completed note; verify exact wording before final quotation.,03_notes/questions/PDF005_Q06.md,C6,,"- Page(s): 327, 353, 356 - Key passage(s), paraphrased or short quote only: ""ironically, a policy of land reform, taking land away from the rentiers (the landlords) and giving it to workers, may over the long run lower worker welfare because workers' savings get diverted into holding land""; ""as Prebisch (1950) and Singer (1950) emphasized, terms of trade have moved against agriculture""; ""Prebisch, R. (1950), 'The Economic Development of Latin America and its Principal Problems', New York, United Nations Department of Economic Affairs, Economic Commission for Latin America (ECLA).""",paraphrase,3. Conceptual objects,medium
CLM_PDF005_Q06_006,PDF005,PDF005_Q06,Hirano_Stiglitz_2025a,"327, 353, 356",variables_parameters,land,,unbalanced growth separates land prices from rents,,D_t/r_t; W,model_based_synthesis,"Concurrently, if global technological forces drive down agricultural terms of trade (the Prebisch-Singer hypothesis), agrarian-focused economies lose the ability to capture wealth through trade.",land-credit crowding-out,validated_paraphrase,NotebookLM-backed paraphrase from completed note; verify exact wording before final quotation.,03_notes/questions/PDF005_Q06.md,C6,,"- Page(s): 327, 353, 356 - Key passage(s), paraphrased or short quote only: ""ironically, a policy of land reform, taking land away from the rentiers (the landlords) and giving it to workers, may over the long run lower worker welfare because workers' savings get diverted into holding land""; ""as Prebisch (1950) and Singer (1950) emphasized, terms of trade have moved against agriculture""; ""Prebisch, R. (1950), 'The Economic Development of Latin America and its Principal Problems', New York, United Nations Department of Economic Affairs, Economic Commission for Latin America (ECLA).""",paraphrase,3. Conceptual objects,medium
CLM_PDF005_Q06_007,PDF005,PDF005_Q06,Hirano_Stiglitz_2025a,"327, 353, 356",variables_parameters,land,,land speculation crowds out productive capital,,D_t/r_t; K_t,policy_implication,"Implementing high land-rent and capital-gains taxes suppresses the speculative premium on land, redirecting domestic savings into the productive capital necessary for structural transformation.",policy / taxation / regulation,validated_paraphrase,NotebookLM-backed paraphrase from completed note; verify exact wording before final quotation.,03_notes/questions/PDF005_Q06.md,C6,,"- Page(s): 327, 353, 356 - Key passage(s), paraphrased or short quote only: ""ironically, a policy of land reform, taking land away from the rentiers (the landlords) and giving it to workers, may over the long run lower worker welfare because workers' savings get diverted into holding land""; ""as Prebisch (1950) and Singer (1950) emphasized, terms of trade have moved against agriculture""; ""Prebisch, R. (1950), 'The Economic Development of Latin America and its Principal Problems', New York, United Nations Department of Economic Affairs, Economic Commission for Latin America (ECLA).""",paraphrase,3. Conceptual objects,medium
CLM_PDF005_Q07_001,PDF005,PDF005_Q07,Hirano_Stiglitz_2025a,"353, 354",variables_parameters,land,,land changes R versus G and debt-rollover conditions,,,model_based_synthesis,"The closed-economy assumption that agricultural prices will rise alongside industrialization fails for peripheral open economies, as free trade forces them into agricultural specialization while global terms of trade shift against them, permanently limiting their growth.",land-credit crowding-out,validated_paraphrase,NotebookLM-backed paraphrase from completed note; verify exact wording before final quotation.,03_notes/questions/PDF005_Q07.md,C6,,"- Page(s): 353, 354 - Key passage(s), paraphrased or short quote only: ""If... there are fast enough advances in agriculture in the 'advanced' countries, terms of trade will shift against agriculture so it won't even have the benefit of the increasing agricultural prices, which was how, in the closed economy model... the agricultural sector benefited""; ""in developing countries the impacts are particularly problematic in an open economy, because they not only harm the economy today, but limit its potential for future growth.""",paraphrase,1. Introduction,medium
CLM_PDF005_Q07_002,PDF005,PDF005_Q07,Hirano_Stiglitz_2025a,"353, 354",variables_parameters,land,,land changes R versus G and debt-rollover conditions,,,critical_interpretation,"The authors explicitly address ""developing countries"" and the Prebisch-Singer hypothesis regarding declining terms of trade, but applying these exact model limitations to Latin America requires external verification regarding the specific integration of Latin American peripheral economies into contemporary global financial and trade systems.",Latin American applicability,validated_paraphrase,NotebookLM-backed paraphrase from completed note; verify exact wording before final quotation.,03_notes/questions/PDF005_Q07.md,C6,,"- Page(s): 353, 354 - Key passage(s), paraphrased or short quote only: ""If... there are fast enough advances in agriculture in the 'advanced' countries, terms of trade will shift against agriculture so it won't even have the benefit of the increasing agricultural prices, which was how, in the closed economy model... the agricultural sector benefited""; ""in developing countries the impacts are particularly problematic in an open economy, because they not only harm the economy today, but limit its potential for future growth.""",paraphrase,9. Critical appraisal,medium
CLM_PDF005_Q07_003,PDF005,PDF005_Q07,Hirano_Stiglitz_2025a,"353, 354",variables_parameters,land,,land changes R versus G and debt-rollover conditions,,,model_based_synthesis,"In an open global economy, peripheral countries that are slow to develop manufacturing are forced to specialize in agriculture based on comparative advantage.",land-credit crowding-out,validated_paraphrase,NotebookLM-backed paraphrase from completed note; verify exact wording before final quotation.,03_notes/questions/PDF005_Q07.md,C6,,"- Page(s): 353, 354 - Key passage(s), paraphrased or short quote only: ""If... there are fast enough advances in agriculture in the 'advanced' countries, terms of trade will shift against agriculture so it won't even have the benefit of the increasing agricultural prices, which was how, in the closed economy model... the agricultural sector benefited""; ""in developing countries the impacts are particularly problematic in an open economy, because they not only harm the economy today, but limit its potential for future growth.""",paraphrase,1. Introduction,medium
CLM_PDF005_Q07_004,PDF005,PDF005_Q07,Hirano_Stiglitz_2025a,"353, 354",variables_parameters,land,,land changes R versus G and debt-rollover conditions,,,model_based_synthesis,This specialization deprives them of the endogenous growth externalities (learning-by-doing and scale economies) generated exclusively by the manufacturing sector.,land-credit crowding-out,validated_paraphrase,NotebookLM-backed paraphrase from completed note; verify exact wording before final quotation.,03_notes/questions/PDF005_Q07.md,C6,,"- Page(s): 353, 354 - Key passage(s), paraphrased or short quote only: ""If... there are fast enough advances in agriculture in the 'advanced' countries, terms of trade will shift against agriculture so it won't even have the benefit of the increasing agricultural prices, which was how, in the closed economy model... the agricultural sector benefited""; ""in developing countries the impacts are particularly problematic in an open economy, because they not only harm the economy today, but limit its potential for future growth.""",paraphrase,1. Introduction,medium
CLM_PDF005_Q07_005,PDF005,PDF005_Q07,Hirano_Stiglitz_2025a,"353, 354",variables_parameters,land,,land changes R versus G and debt-rollover conditions,,,model_based_synthesis,"Simultaneously, rapid technological advances in the agriculture sectors of advanced economies drive down global agricultural prices.",land-credit crowding-out,validated_paraphrase,NotebookLM-backed paraphrase from completed note; verify exact wording before final quotation.,03_notes/questions/PDF005_Q07.md,C6,,"- Page(s): 353, 354 - Key passage(s), paraphrased or short quote only: ""If... there are fast enough advances in agriculture in the 'advanced' countries, terms of trade will shift against agriculture so it won't even have the benefit of the increasing agricultural prices, which was how, in the closed economy model... the agricultural sector benefited""; ""in developing countries the impacts are particularly problematic in an open economy, because they not only harm the economy today, but limit its potential for future growth.""",paraphrase,1. Introduction,medium
CLM_PDF005_Q07_006,PDF005,PDF005_Q07,Hirano_Stiglitz_2025a,"353, 354",variables_parameters,land,,land changes R versus G and debt-rollover conditions,,W,model_based_synthesis,"Consequently, peripheral economies suffer from declining terms of trade, breaking the closed-economy mechanism that would have transferred industrial wealth to the agrarian sector, thereby retarding their long-term growth potential.",land-credit crowding-out,validated_paraphrase,NotebookLM-backed paraphrase from completed note; verify exact wording before final quotation.,03_notes/questions/PDF005_Q07.md,C6,,"- Page(s): 353, 354 - Key passage(s), paraphrased or short quote only: ""If... there are fast enough advances in agriculture in the 'advanced' countries, terms of trade will shift against agriculture so it won't even have the benefit of the increasing agricultural prices, which was how, in the closed economy model... the agricultural sector benefited""; ""in developing countries the impacts are particularly problematic in an open economy, because they not only harm the economy today, but limit its potential for future growth.""",paraphrase,3. Conceptual objects,medium
CLM_PDF006_Q01_001,PDF006,PDF006_Q01,Hirano_Stiglitz_2022b,"1, 2, 10",variables_parameters,land,,land changes R versus G and debt-rollover conditions,,,model_based_synthesis,"Wobbly macro-dynamics describes a rational-expectations economy that infinitely fluctuates without converging or displaying regular periodicity, fundamentally challenging standard RBC and Solow models that predict smooth convergence to a unique steady state.",wobbly dynamics and instability,validated_paraphrase,NotebookLM-backed paraphrase from completed note; verify exact wording before final quotation.,03_notes/questions/PDF006_Q01.md,C2,,"- Page(s): 1, 2, 10 - Key passage(s), paraphrased or short quote only: - ""In the Real Business Cycle (RBC) model (or other representative agent models) or the Solow model, there is a unique momentary equilibrium, a unique steady-state equilibrium, and a unique convergent path to that steady state."" - ""Multiplicity of momentary equilibria can generate what we call 'wobbly macro-dynamics', i.e. macro-economy can bounce around infinitely without converging... driven by people's beliefs or sentiments""",paraphrase,8. Wobbly dynamics,medium
CLM_PDF006_Q01_002,PDF006,PDF006_Q01,Hirano_Stiglitz_2022b,"1, 2, 10",causality,land,,land changes R versus G and debt-rollover conditions,"Equation (A) $\Omega(k{t+1}) = W(k{t})$, defining the multiplicity of momentary equilibria, and Lemma 3, providing the sufficient conditions for $\Omega^{\prime}(k{t+1}) < 0$ (which generates the non-monotonicity).",,model_based_synthesis,"Equation (A) $\Omega(k{t+1}) = W(k{t})$, defining the multiplicity of momentary equilibria, and Lemma 3, providing the sufficient conditions for $\Omega^{\prime}(k{t+1}) < 0$ (which generates the non-monotonicity).",land-credit crowding-out,validated_paraphrase,NotebookLM-backed paraphrase from completed note; verify exact wording before final quotation.,03_notes/questions/PDF006_Q01.md,C2,,"- Page(s): 1, 2, 10 - Key passage(s), paraphrased or short quote only: - ""In the Real Business Cycle (RBC) model (or other representative agent models) or the Solow model, there is a unique momentary equilibrium, a unique steady-state equilibrium, and a unique convergent path to that steady state."" - ""Multiplicity of momentary equilibria can generate what we call 'wobbly macro-dynamics', i.e. macro-economy can bounce around infinitely without converging... driven by people's beliefs or sentiments""",paraphrase,1. Introduction,medium
CLM_PDF006_Q01_003,PDF006,PDF006_Q01,Hirano_Stiglitz_2022b,"1, 2, 10",variables_parameters,land,,real-estate credit amplifies land-price inflation,,,critical_interpretation,"The authors explicitly state this is an exercise in pure theory modeling a closed economy without money, credit, or real estate; applying this purely domestic, expectation-driven volatility framework to Latin American business cycles requires external verification regarding the region's specific vulnerabilities to exogenous global financial shocks and foreign capital flows.",land-credit crowding-out,validated_paraphrase,NotebookLM-backed paraphrase from completed note; verify exact wording before final quotation.,03_notes/questions/PDF006_Q01.md,C2,,"- Page(s): 1, 2, 10 - Key passage(s), paraphrased or short quote only: - ""In the Real Business Cycle (RBC) model (or other representative agent models) or the Solow model, there is a unique momentary equilibrium, a unique steady-state equilibrium, and a unique convergent path to that steady state."" - ""Multiplicity of momentary equilibria can generate what we call 'wobbly macro-dynamics', i.e. macro-economy can bounce around infinitely without converging... driven by people's beliefs or sentiments""",paraphrase,3. Conceptual objects,medium
CLM_PDF006_Q01_004,PDF006,PDF006_Q01,Hirano_Stiglitz_2022b,"1, 2, 10",variables_parameters,land,,land changes R versus G and debt-rollover conditions,,,model_based_synthesis,"Standard models (RBC/Solow) assume infinitely lived representative agents, generating a unique momentary equilibrium and deterministic, smooth convergence.",land-credit crowding-out,validated_paraphrase,NotebookLM-backed paraphrase from completed note; verify exact wording before final quotation.,03_notes/questions/PDF006_Q01.md,C2,,"- Page(s): 1, 2, 10 - Key passage(s), paraphrased or short quote only: - ""In the Real Business Cycle (RBC) model (or other representative agent models) or the Solow model, there is a unique momentary equilibrium, a unique steady-state equilibrium, and a unique convergent path to that steady state."" - ""Multiplicity of momentary equilibria can generate what we call 'wobbly macro-dynamics', i.e. macro-economy can bounce around infinitely without converging... driven by people's beliefs or sentiments""",paraphrase,1. Introduction,medium
CLM_PDF006_Q01_005,PDF006,PDF006_Q01,Hirano_Stiglitz_2022b,"1, 2, 10",variables_parameters,land,,land changes R versus G and debt-rollover conditions,,r; elasticity of substitution,model_based_synthesis,"In an overlapping generations model, heterogeneous, finite-lived agents may reduce their savings when interest rates increase (i.e., the income effect dominates the substitution effect).",land-credit crowding-out,validated_paraphrase,NotebookLM-backed paraphrase from completed note; verify exact wording before final quotation.,03_notes/questions/PDF006_Q01.md,C2,,"- Page(s): 1, 2, 10 - Key passage(s), paraphrased or short quote only: - ""In the Real Business Cycle (RBC) model (or other representative agent models) or the Solow model, there is a unique momentary equilibrium, a unique steady-state equilibrium, and a unique convergent path to that steady state."" - ""Multiplicity of momentary equilibria can generate what we call 'wobbly macro-dynamics', i.e. macro-economy can bounce around infinitely without converging... driven by people's beliefs or sentiments""",paraphrase,1. Introduction,medium
CLM_PDF006_Q01_006,PDF006,PDF006_Q01,Hirano_Stiglitz_2022b,"1, 2, 10",variables_parameters,land,,land speculation crowds out productive capital,,K_t; k_{t+1},model_based_synthesis,This non-monotonic savings behavior creates multiple valid savings and investment levels (multiple momentary equilibria) for a given level of capital stock.,land-credit crowding-out,validated_paraphrase,NotebookLM-backed paraphrase from completed note; verify exact wording before final quotation.,03_notes/questions/PDF006_Q01.md,C2,,"- Page(s): 1, 2, 10 - Key passage(s), paraphrased or short quote only: - ""In the Real Business Cycle (RBC) model (or other representative agent models) or the Solow model, there is a unique momentary equilibrium, a unique steady-state equilibrium, and a unique convergent path to that steady state."" - ""Multiplicity of momentary equilibria can generate what we call 'wobbly macro-dynamics', i.e. macro-economy can bounce around infinitely without converging... driven by people's beliefs or sentiments""",paraphrase,3. Conceptual objects,medium
CLM_PDF006_Q01_007,PDF006,PDF006_Q01,Hirano_Stiglitz_2022b,"1, 2, 10",mechanism,land,,land changes R versus G and debt-rollover conditions,"Consequently, self-fulfilling beliefs (bullish vs.",,model_based_synthesis,"Consequently, self-fulfilling beliefs (bullish vs.",land-credit crowding-out,validated_paraphrase,NotebookLM-backed paraphrase from completed note; verify exact wording before final quotation.,03_notes/questions/PDF006_Q01.md,C2,,"- Page(s): 1, 2, 10 - Key passage(s), paraphrased or short quote only: - ""In the Real Business Cycle (RBC) model (or other representative agent models) or the Solow model, there is a unique momentary equilibrium, a unique steady-state equilibrium, and a unique convergent path to that steady state."" - ""Multiplicity of momentary equilibria can generate what we call 'wobbly macro-dynamics', i.e. macro-economy can bounce around infinitely without converging... driven by people's beliefs or sentiments""",paraphrase,1. Introduction,medium
CLM_PDF006_Q02_001,PDF006,PDF006_Q02,Hirano_Stiglitz_2022b,"2, 8, 9, 15, 16",variables_parameters,land,,land changes R versus G and debt-rollover conditions,,r; elasticity of substitution,model_based_synthesis,"Multiplicity of momentary equilibria arises when an overlapping generations economy features strong gross complementarity in both consumption (low intertemporal elasticity of substitution) and production (low elasticity of substitution between capital and labor), causing the aggregate savings curve to become non-monotonic with respect to interest rates.",land-credit crowding-out,validated_paraphrase,NotebookLM-backed paraphrase from completed note; verify exact wording before final quotation.,03_notes/questions/PDF006_Q02.md,C2,,"- Page(s): 2, 8, 9, 15, 16 - Key passage(s), paraphrased or short quote only: - ""We employ a two-period overlapping generations model because it is the simplest model with heterogeneous agents, and heterogeneity is crucial for multiplicity of momentary equilibria to arise."" - ""if individuals' savings decreases as the interest rate increases... then the outcome depends on beliefs, i.e., bullish (optimistic) or bearish (pessimistic) expectations about investment activity.""",paraphrase,3. Conceptual objects,medium
CLM_PDF006_Q02_002,PDF006,PDF006_Q02,Hirano_Stiglitz_2022b,"2, 8, 9, 15, 16",causality,land,,land changes R versus G and debt-rollover conditions,"Lemma 3 (Sufficient condition for $\Omega^{\prime}(k{t+1}) < 0$, requiring $\sigma < 1 - \theta$ and sufficiently large productivity $A$) and Equation (A) $\Omega(k{t+1}) = W(kt)$.",elasticity of substitution; productivity growth,model_based_synthesis,"Lemma 3 (Sufficient condition for $\Omega^{\prime}(k{t+1}) < 0$, requiring $\sigma < 1 - \theta$ and sufficiently large productivity $A$) and Equation (A) $\Omega(k{t+1}) = W(kt)$.",land-credit crowding-out,validated_paraphrase,NotebookLM-backed paraphrase from completed note; verify exact wording before final quotation.,03_notes/questions/PDF006_Q02.md,C2,,"- Page(s): 2, 8, 9, 15, 16 - Key passage(s), paraphrased or short quote only: - ""We employ a two-period overlapping generations model because it is the simplest model with heterogeneous agents, and heterogeneity is crucial for multiplicity of momentary equilibria to arise."" - ""if individuals' savings decreases as the interest rate increases... then the outcome depends on beliefs, i.e., bullish (optimistic) or bearish (pessimistic) expectations about investment activity.""",paraphrase,1. Introduction,medium
CLM_PDF006_Q02_003,PDF006,PDF006_Q02,Hirano_Stiglitz_2022b,"2, 8, 9, 15, 16",variables_parameters,land,,real-estate credit amplifies land-price inflation,,elasticity of substitution,critical_interpretation,"The model's generation of multiple equilibria strictly assumes a closed economy driven by domestic life-cycle savings, completely abstracting from money, land, and credit; applying these specific elasticity-driven wobbly dynamics to Latin America requires external verification regarding the region's exposure to international capital flows and foreign exchange constraints.",land-credit crowding-out,validated_paraphrase,NotebookLM-backed paraphrase from completed note; verify exact wording before final quotation.,03_notes/questions/PDF006_Q02.md,C2,,"- Page(s): 2, 8, 9, 15, 16 - Key passage(s), paraphrased or short quote only: - ""We employ a two-period overlapping generations model because it is the simplest model with heterogeneous agents, and heterogeneity is crucial for multiplicity of momentary equilibria to arise."" - ""if individuals' savings decreases as the interest rate increases... then the outcome depends on beliefs, i.e., bullish (optimistic) or bearish (pessimistic) expectations about investment activity.""",paraphrase,3. Conceptual objects,medium
CLM_PDF006_Q02_004,PDF006,PDF006_Q02,Hirano_Stiglitz_2022b,"2, 8, 9, 15, 16",variables_parameters,land,,land changes R versus G and debt-rollover conditions,,r,model_based_synthesis,"Finite-lived heterogeneous agents save for retirement, making their savings rate dependent on expected future interest rates.",land-credit crowding-out,validated_paraphrase,NotebookLM-backed paraphrase from completed note; verify exact wording before final quotation.,03_notes/questions/PDF006_Q02.md,C2,,"- Page(s): 2, 8, 9, 15, 16 - Key passage(s), paraphrased or short quote only: - ""We employ a two-period overlapping generations model because it is the simplest model with heterogeneous agents, and heterogeneity is crucial for multiplicity of momentary equilibria to arise."" - ""if individuals' savings decreases as the interest rate increases... then the outcome depends on beliefs, i.e., bullish (optimistic) or bearish (pessimistic) expectations about investment activity.""",paraphrase,1. Introduction,medium
CLM_PDF006_Q02_005,PDF006,PDF006_Q02,Hirano_Stiglitz_2022b,"2, 8, 9, 15, 16",causality,land,,land changes R versus G and debt-rollover conditions,"Because the intertemporal elasticity of substitution is less than unity ($\theta < 1$), higher expected interest rates induce a dominant income effect, causing agents to rationally reduce their savings.",r; elasticity of substitution,model_based_synthesis,"Because the intertemporal elasticity of substitution is less than unity ($\theta < 1$), higher expected interest rates induce a dominant income effect, causing agents to rationally reduce their savings.",land-credit crowding-out,validated_paraphrase,NotebookLM-backed paraphrase from completed note; verify exact wording before final quotation.,03_notes/questions/PDF006_Q02.md,C2,,"- Page(s): 2, 8, 9, 15, 16 - Key passage(s), paraphrased or short quote only: - ""We employ a two-period overlapping generations model because it is the simplest model with heterogeneous agents, and heterogeneity is crucial for multiplicity of momentary equilibria to arise."" - ""if individuals' savings decreases as the interest rate increases... then the outcome depends on beliefs, i.e., bullish (optimistic) or bearish (pessimistic) expectations about investment activity.""",paraphrase,1. Introduction,medium
CLM_PDF006_Q02_006,PDF006,PDF006_Q02,Hirano_Stiglitz_2022b,"2, 8, 9, 15, 16",variables_parameters,land,,unbalanced growth separates land prices from rents,,D_t/r_t; elasticity of substitution,model_based_synthesis,"Coupled with a low elasticity of substitution between capital and labor ($\sigma < 1$), this creates a non-monotonic (backward-bending) mapping between future capital and current capital.",land-credit crowding-out,validated_paraphrase,NotebookLM-backed paraphrase from completed note; verify exact wording before final quotation.,03_notes/questions/PDF006_Q02.md,C2,,"- Page(s): 2, 8, 9, 15, 16 - Key passage(s), paraphrased or short quote only: - ""We employ a two-period overlapping generations model because it is the simplest model with heterogeneous agents, and heterogeneity is crucial for multiplicity of momentary equilibria to arise."" - ""if individuals' savings decreases as the interest rate increases... then the outcome depends on beliefs, i.e., bullish (optimistic) or bearish (pessimistic) expectations about investment activity.""",paraphrase,3. Conceptual objects,medium
CLM_PDF006_Q02_007,PDF006,PDF006_Q02,Hirano_Stiglitz_2022b,"2, 8, 9, 15, 16",variables_parameters,land,,land speculation crowds out productive capital,,K_t; k_{t+1},model_based_synthesis,"Consequently, for a given initial capital stock, multiple combinations of savings and expected returns (e.g., a ""bullish"" high-investment/low-return state or a ""bearish"" low-investment/high-return state) can clear the market, meaning the outcome is driven entirely by self-fulfilling beliefs.",land-credit crowding-out,validated_paraphrase,NotebookLM-backed paraphrase from completed note; verify exact wording before final quotation.,03_notes/questions/PDF006_Q02.md,C2,,"- Page(s): 2, 8, 9, 15, 16 - Key passage(s), paraphrased or short quote only: - ""We employ a two-period overlapping generations model because it is the simplest model with heterogeneous agents, and heterogeneity is crucial for multiplicity of momentary equilibria to arise."" - ""if individuals' savings decreases as the interest rate increases... then the outcome depends on beliefs, i.e., bullish (optimistic) or bearish (pessimistic) expectations about investment activity.""",paraphrase,3. Conceptual objects,medium
CLM_PDF006_Q03_001,PDF006,PDF006_Q03,Hirano_Stiglitz_2022b,"1, 2, 3, 27",variables_parameters,land,,leverage creates land-bubble phase transition,,,model_based_synthesis,"Phase transitions are endogenous dynamic movements between unique and multiple equilibrium regimes along a given trajectory, whereas state transitions are exogenous structural shifts caused by parameter changes that redefine the macroeconomic system's overall stability.",wobbly dynamics and instability,validated_paraphrase,NotebookLM-backed paraphrase from completed note; verify exact wording before final quotation.,03_notes/questions/PDF006_Q03.md,C2,,"- Page(s): 1, 2, 3, 27 - Key passage(s), paraphrased or short quote only: ""In phase transitions, the economy endogenously changes from a state with a unique momentary equilibrium into one with multiple equilibria, or vice versa""; ""how a change in some key parameter (e.g. labor productivity) induces a 'state transition,' an abrupt change in the set of feasible global dynamics""; ""Macroeconomic instabilities suddenly emerge, as some key parameter changes and reaches a critical point. We refer to such critical changes in the patterns of dynamics as 'state transitions'""; ""A state transition is a change induced by an exogenous change in a parameter.""",paraphrase,1. Introduction,medium
CLM_PDF006_Q03_002,PDF006,PDF006_Q03,Hirano_Stiglitz_2022b,"1, 2, 3, 27",variables_parameters,land,,land changes R versus G and debt-rollover conditions,,,critical_interpretation,"The model’s distinction between these transitions relies on a closed-economy framework where transitions are driven purely by domestic capital accumulation or domestic technological parameters; applying these exact dynamics to Latin America requires external verification regarding the region's exposure to exogenous global financial shocks, foreign debt crises, and terms-of-trade shifts.",debt rollover / R versus G,validated_paraphrase,NotebookLM-backed paraphrase from completed note; verify exact wording before final quotation.,03_notes/questions/PDF006_Q03.md,C2,,"- Page(s): 1, 2, 3, 27 - Key passage(s), paraphrased or short quote only: ""In phase transitions, the economy endogenously changes from a state with a unique momentary equilibrium into one with multiple equilibria, or vice versa""; ""how a change in some key parameter (e.g. labor productivity) induces a 'state transition,' an abrupt change in the set of feasible global dynamics""; ""Macroeconomic instabilities suddenly emerge, as some key parameter changes and reaches a critical point. We refer to such critical changes in the patterns of dynamics as 'state transitions'""; ""A state transition is a change induced by an exogenous change in a parameter.""",paraphrase,3. Conceptual objects,medium
CLM_PDF006_Q03_003,PDF006,PDF006_Q03,Hirano_Stiglitz_2022b,"1, 2, 3, 27",variables_parameters,land,,land changes R versus G and debt-rollover conditions,,K_t,model_based_synthesis,"As the endogenous capital stock ($kt$) evolves over time, it may cross specific mathematical boundaries ($\underline{k}$ or $\overline{k}$).",land-credit crowding-out,validated_paraphrase,NotebookLM-backed paraphrase from completed note; verify exact wording before final quotation.,03_notes/questions/PDF006_Q03.md,C2,,"- Page(s): 1, 2, 3, 27 - Key passage(s), paraphrased or short quote only: ""In phase transitions, the economy endogenously changes from a state with a unique momentary equilibrium into one with multiple equilibria, or vice versa""; ""how a change in some key parameter (e.g. labor productivity) induces a 'state transition,' an abrupt change in the set of feasible global dynamics""; ""Macroeconomic instabilities suddenly emerge, as some key parameter changes and reaches a critical point. We refer to such critical changes in the patterns of dynamics as 'state transitions'""; ""A state transition is a change induced by an exogenous change in a parameter.""",paraphrase,3. Conceptual objects,medium
CLM_PDF006_Q03_004,PDF006,PDF006_Q03,Hirano_Stiglitz_2022b,"1, 2, 3, 27",mechanism,land,,leverage creates land-bubble phase transition,"Crossing these boundaries triggers an endogenous phase transition, abruptly shifting the economy between deterministic outcomes and expectation-driven indeterminacy.",,model_based_synthesis,"Crossing these boundaries triggers an endogenous phase transition, abruptly shifting the economy between deterministic outcomes and expectation-driven indeterminacy.",wobbly dynamics and instability,validated_paraphrase,NotebookLM-backed paraphrase from completed note; verify exact wording before final quotation.,03_notes/questions/PDF006_Q03.md,C2,,"- Page(s): 1, 2, 3, 27 - Key passage(s), paraphrased or short quote only: ""In phase transitions, the economy endogenously changes from a state with a unique momentary equilibrium into one with multiple equilibria, or vice versa""; ""how a change in some key parameter (e.g. labor productivity) induces a 'state transition,' an abrupt change in the set of feasible global dynamics""; ""Macroeconomic instabilities suddenly emerge, as some key parameter changes and reaches a critical point. We refer to such critical changes in the patterns of dynamics as 'state transitions'""; ""A state transition is a change induced by an exogenous change in a parameter.""",paraphrase,1. Introduction,medium
CLM_PDF006_Q03_005,PDF006,PDF006_Q03,Hirano_Stiglitz_2022b,"1, 2, 3, 27",variables_parameters,land,,land speculation crowds out productive capital,,k_{t+1}; productivity growth,model_based_synthesis,"Separately, an exogenous change to a fundamental parameter (such as a technological innovation or labor productivity shock) structurally shifts the underlying savings and investment mappings ($\Omega$ and $W$).",land-credit crowding-out,validated_paraphrase,NotebookLM-backed paraphrase from completed note; verify exact wording before final quotation.,03_notes/questions/PDF006_Q03.md,C2,,"- Page(s): 1, 2, 3, 27 - Key passage(s), paraphrased or short quote only: ""In phase transitions, the economy endogenously changes from a state with a unique momentary equilibrium into one with multiple equilibria, or vice versa""; ""how a change in some key parameter (e.g. labor productivity) induces a 'state transition,' an abrupt change in the set of feasible global dynamics""; ""Macroeconomic instabilities suddenly emerge, as some key parameter changes and reaches a critical point. We refer to such critical changes in the patterns of dynamics as 'state transitions'""; ""A state transition is a change induced by an exogenous change in a parameter.""",paraphrase,4. Mechanism I,medium
CLM_PDF006_Q03_006,PDF006,PDF006_Q03,Hirano_Stiglitz_2022b,"1, 2, 3, 27",variables_parameters,land,,land changes R versus G and debt-rollover conditions,,,model_based_synthesis,"When this parameter crosses a critical threshold, it triggers a state transition, permanently redefining the economy's dynamic regime (e.g., shifting the economy from a state with a stable steady-state into a state characterized by an unstable boom and a stagnation trap).",land-credit crowding-out,validated_paraphrase,NotebookLM-backed paraphrase from completed note; verify exact wording before final quotation.,03_notes/questions/PDF006_Q03.md,C2,,"- Page(s): 1, 2, 3, 27 - Key passage(s), paraphrased or short quote only: ""In phase transitions, the economy endogenously changes from a state with a unique momentary equilibrium into one with multiple equilibria, or vice versa""; ""how a change in some key parameter (e.g. labor productivity) induces a 'state transition,' an abrupt change in the set of feasible global dynamics""; ""Macroeconomic instabilities suddenly emerge, as some key parameter changes and reaches a critical point. We refer to such critical changes in the patterns of dynamics as 'state transitions'""; ""A state transition is a change induced by an exogenous change in a parameter.""",paraphrase,1. Introduction,medium
CLM_PDF006_Q04_001,PDF006,PDF006_Q04,Hirano_Stiglitz_2022b,"24, 25, 26, 49",variables_parameters,land,,land changes R versus G and debt-rollover conditions,,productivity growth,model_based_synthesis,"Positive productivity shocks can paradoxically destabilize an economy by shifting it into a regime of multiple equilibria, where pessimistic expectations can trigger a collapse into a permanent stagnation trap, generating strong hysteresis even from temporary technological improvements.",land-credit crowding-out,validated_paraphrase,NotebookLM-backed paraphrase from completed note; verify exact wording before final quotation.,03_notes/questions/PDF006_Q04.md,C2,,"- Page(s): 24, 25, 26, 49 - Key passage(s), paraphrased or short quote only: - ""improvements in technology shift $k^H$ up, but shift the upper bound of the value of k for which there are multiple equilibria up more... the upper steady state becomes unstable"" - ""temporary improvements in productivity could lead to a stagnation trap after generating a temporary unstable economic boom""",paraphrase,1. Introduction,medium
CLM_PDF006_Q04_002,PDF006,PDF006_Q04,Hirano_Stiglitz_2022b,"24, 25, 26, 49",causality,land,,land changes R versus G and debt-rollover conditions,"The condition for a state transition from state (a) to state (b) via labor-augmenting technological progress, where $\overline{k}$ exceeds $k^H$, formally evaluated at the threshold $(\frac{A}{\omega2})^{\\} \equiv \frac{e/(1+n)}{[(1+\frac{a1}{a2}(1-\delta))/\frac{A}{\omega1}]+(\frac{a1}{a2}-\frac{1}{1+n})}$.",,formal_model_result,"The condition for a state transition from state (a) to state (b) via labor-augmenting technological progress, where $\overline{k}$ exceeds $k^H$, formally evaluated at the threshold $(\frac{A}{\omega2})^{\\} \equiv \frac{e/(1+n)}{[(1+\frac{a1}{a2}(1-\delta))/\frac{A}{\omega1}]+(\frac{a1}{a2}-\frac{1}{1+n})}$.",land-credit crowding-out,validated_paraphrase,NotebookLM-backed paraphrase from completed note; verify exact wording before final quotation.,03_notes/questions/PDF006_Q04.md,C2,,"- Page(s): 24, 25, 26, 49 - Key passage(s), paraphrased or short quote only: - ""improvements in technology shift $k^H$ up, but shift the upper bound of the value of k for which there are multiple equilibria up more... the upper steady state becomes unstable"" - ""temporary improvements in productivity could lead to a stagnation trap after generating a temporary unstable economic boom""",paraphrase,1. Introduction,medium
CLM_PDF006_Q04_003,PDF006,PDF006_Q04,Hirano_Stiglitz_2022b,"24, 25, 26, 49",variables_parameters,land,,land changes R versus G and debt-rollover conditions,,,critical_interpretation,"The model explains instability and hysteresis strictly through closed-economy domestic life-cycle savings dynamics; applying these expectation-driven technological shock mechanisms to Latin America requires external verification regarding the region's exposure to exogenous global financial shocks, foreign debt cycles, and commodity terms-of-trade shifts.",debt rollover / R versus G,validated_paraphrase,NotebookLM-backed paraphrase from completed note; verify exact wording before final quotation.,03_notes/questions/PDF006_Q04.md,C2,,"- Page(s): 24, 25, 26, 49 - Key passage(s), paraphrased or short quote only: - ""improvements in technology shift $k^H$ up, but shift the upper bound of the value of k for which there are multiple equilibria up more... the upper steady state becomes unstable"" - ""temporary improvements in productivity could lead to a stagnation trap after generating a temporary unstable economic boom""",paraphrase,7. Mechanism IV,medium
CLM_PDF006_Q04_004,PDF006,PDF006_Q04,Hirano_Stiglitz_2022b,"24, 25, 26, 49",mechanism,land,,land changes R versus G and debt-rollover conditions,"A positive productivity shock raises wages (boosting total savings) but also raises the return on capital, which reduces the savings rate (due to a dominant income effect).",productivity growth,model_based_synthesis,"A positive productivity shock raises wages (boosting total savings) but also raises the return on capital, which reduces the savings rate (due to a dominant income effect).",land-credit crowding-out,validated_paraphrase,NotebookLM-backed paraphrase from completed note; verify exact wording before final quotation.,03_notes/questions/PDF006_Q04.md,C2,,"- Page(s): 24, 25, 26, 49 - Key passage(s), paraphrased or short quote only: - ""improvements in technology shift $k^H$ up, but shift the upper bound of the value of k for which there are multiple equilibria up more... the upper steady state becomes unstable"" - ""temporary improvements in productivity could lead to a stagnation trap after generating a temporary unstable economic boom""",paraphrase,3. Conceptual objects,medium
CLM_PDF006_Q04_005,PDF006,PDF006_Q04,Hirano_Stiglitz_2022b,"24, 25, 26, 49",variables_parameters,land,,land changes R versus G and debt-rollover conditions,,,model_based_synthesis,"These changes unevenly shift the macroeconomic state boundaries; specifically, the upper boundary for multiple equilibria ($\overline{k}$) can increase faster than the high steady-state boom ($k^H$).",land-credit crowding-out,validated_paraphrase,NotebookLM-backed paraphrase from completed note; verify exact wording before final quotation.,03_notes/questions/PDF006_Q04.md,C2,,"- Page(s): 24, 25, 26, 49 - Key passage(s), paraphrased or short quote only: - ""improvements in technology shift $k^H$ up, but shift the upper bound of the value of k for which there are multiple equilibria up more... the upper steady state becomes unstable"" - ""temporary improvements in productivity could lead to a stagnation trap after generating a temporary unstable economic boom""",paraphrase,1. Introduction,medium
CLM_PDF006_Q04_006,PDF006,PDF006_Q04,Hirano_Stiglitz_2022b,"24, 25, 26, 49",mechanism,land,,land changes R versus G and debt-rollover conditions,"As a result, the multiple equilibria region overtakes the initially stable economic boom, transforming it into a ""fragile boom"" susceptible to expectation-driven collapses.",,model_based_synthesis,"As a result, the multiple equilibria region overtakes the initially stable economic boom, transforming it into a ""fragile boom"" susceptible to expectation-driven collapses.",land-credit crowding-out,validated_paraphrase,NotebookLM-backed paraphrase from completed note; verify exact wording before final quotation.,03_notes/questions/PDF006_Q04.md,C2,,"- Page(s): 24, 25, 26, 49 - Key passage(s), paraphrased or short quote only: - ""improvements in technology shift $k^H$ up, but shift the upper bound of the value of k for which there are multiple equilibria up more... the upper steady state becomes unstable"" - ""temporary improvements in productivity could lead to a stagnation trap after generating a temporary unstable economic boom""",paraphrase,1. Introduction,medium
CLM_PDF006_Q04_007,PDF006,PDF006_Q04,Hirano_Stiglitz_2022b,"24, 25, 26, 49",variables_parameters,land,,land speculation crowds out productive capital,,k_{t+1}; productivity growth,model_based_synthesis,"If expectations turn bearish, the economy crashes and can get pulled into the orbit of a stable, low-investment stagnation trap, remaining there permanently even if the initial productivity shock reverses (hysteresis).",land-credit crowding-out,validated_paraphrase,NotebookLM-backed paraphrase from completed note; verify exact wording before final quotation.,03_notes/questions/PDF006_Q04.md,C2,,"- Page(s): 24, 25, 26, 49 - Key passage(s), paraphrased or short quote only: - ""improvements in technology shift $k^H$ up, but shift the upper bound of the value of k for which there are multiple equilibria up more... the upper steady state becomes unstable"" - ""temporary improvements in productivity could lead to a stagnation trap after generating a temporary unstable economic boom""",paraphrase,4. Mechanism I,medium
CLM_PDF006_Q05_001,PDF006,PDF006_Q05,Hirano_Stiglitz_2022b,"2, 3, 4, 15, 21, 36",variables_parameters,land,,real-estate credit amplifies land-price inflation,,,model_based_synthesis,"The baseline paper proves that even without introducing land or credit, a standard overlapping generations economy naturally generates endless, expectation-driven macroeconomic instability (""wobbly dynamics"") rather than smooth convergence to a steady state.",land-credit crowding-out,validated_paraphrase,NotebookLM-backed paraphrase from completed note; verify exact wording before final quotation.,03_notes/questions/PDF006_Q05.md,C2,,"- Page(s): 2, 3, 4, 15, 21, 36 - Key passage(s), paraphrased or short quote only: - ""we abstract from many realistic elements such as credit, money, wage rigidities... In sequels Hirano and Stiglitz (2021b, c) we introduce land or/and credit to capture many of the key aspects of cyclical fluctuations"" - ""This paper should largely be viewed as an exercise in pure theory, demonstrating the richness of the macro dynamics that can arise if we move outside the realm of the standard model with an infinitely lived representative agent.""",paraphrase,5. Mechanism II,medium
CLM_PDF006_Q05_002,PDF006,PDF006_Q05,Hirano_Stiglitz_2022b,"2, 3, 4, 15, 21, 36",causality,land,,land changes R versus G and debt-rollover conditions,Lemma 3 (Sufficient condition for $\Omega^{\prime}(k{t+1}) < 0$); Proposition 3 (A complete characterization of all possible patterns of wobbly dynamics).,,model_based_synthesis,Lemma 3 (Sufficient condition for $\Omega^{\prime}(k{t+1}) < 0$); Proposition 3 (A complete characterization of all possible patterns of wobbly dynamics).,wobbly dynamics and instability,validated_paraphrase,NotebookLM-backed paraphrase from completed note; verify exact wording before final quotation.,03_notes/questions/PDF006_Q05.md,C2,,"- Page(s): 2, 3, 4, 15, 21, 36 - Key passage(s), paraphrased or short quote only: - ""we abstract from many realistic elements such as credit, money, wage rigidities... In sequels Hirano and Stiglitz (2021b, c) we introduce land or/and credit to capture many of the key aspects of cyclical fluctuations"" - ""This paper should largely be viewed as an exercise in pure theory, demonstrating the richness of the macro dynamics that can arise if we move outside the realm of the standard model with an infinitely lived representative agent.""",paraphrase,8. Wobbly dynamics,medium
CLM_PDF006_Q05_003,PDF006,PDF006_Q05,Hirano_Stiglitz_2022b,"2, 3, 4, 15, 21, 36",variables_parameters,land,,land changes R versus G and debt-rollover conditions,,,critical_interpretation,"The baseline model relies strictly on a closed economy driven by domestic life-cycle savings to generate its wobbly dynamics; applying this purely domestic, expectation-driven instability to Latin America requires external verification regarding the region's exposure to exogenous global financial shocks and foreign capital flows.",wobbly dynamics and instability,validated_paraphrase,NotebookLM-backed paraphrase from completed note; verify exact wording before final quotation.,03_notes/questions/PDF006_Q05.md,C2,,"- Page(s): 2, 3, 4, 15, 21, 36 - Key passage(s), paraphrased or short quote only: - ""we abstract from many realistic elements such as credit, money, wage rigidities... In sequels Hirano and Stiglitz (2021b, c) we introduce land or/and credit to capture many of the key aspects of cyclical fluctuations"" - ""This paper should largely be viewed as an exercise in pure theory, demonstrating the richness of the macro dynamics that can arise if we move outside the realm of the standard model with an infinitely lived representative agent.""",paraphrase,3. Conceptual objects,medium
CLM_PDF006_Q05_004,PDF006,PDF006_Q05,Hirano_Stiglitz_2022b,"2, 3, 4, 15, 21, 36",variables_parameters,land,,land changes R versus G and debt-rollover conditions,,r,model_based_synthesis,"Finite-lived heterogeneous agents save for retirement, making aggregate savings dependent on expected future interest rates.",land-credit crowding-out,validated_paraphrase,NotebookLM-backed paraphrase from completed note; verify exact wording before final quotation.,03_notes/questions/PDF006_Q05.md,C2,,"- Page(s): 2, 3, 4, 15, 21, 36 - Key passage(s), paraphrased or short quote only: - ""we abstract from many realistic elements such as credit, money, wage rigidities... In sequels Hirano and Stiglitz (2021b, c) we introduce land or/and credit to capture many of the key aspects of cyclical fluctuations"" - ""This paper should largely be viewed as an exercise in pure theory, demonstrating the richness of the macro dynamics that can arise if we move outside the realm of the standard model with an infinitely lived representative agent.""",paraphrase,1. Introduction,medium
CLM_PDF006_Q05_005,PDF006,PDF006_Q05,Hirano_Stiglitz_2022b,"2, 3, 4, 15, 21, 36",variables_parameters,land,,land changes R versus G and debt-rollover conditions,,r; elasticity of substitution,model_based_synthesis,"If the intertemporal elasticity of substitution is less than unity, a dominant income effect causes savings to fall as interest rates rise, creating a non-monotonic savings curve.",land-credit crowding-out,validated_paraphrase,NotebookLM-backed paraphrase from completed note; verify exact wording before final quotation.,03_notes/questions/PDF006_Q05.md,C2,,"- Page(s): 2, 3, 4, 15, 21, 36 - Key passage(s), paraphrased or short quote only: - ""we abstract from many realistic elements such as credit, money, wage rigidities... In sequels Hirano and Stiglitz (2021b, c) we introduce land or/and credit to capture many of the key aspects of cyclical fluctuations"" - ""This paper should largely be viewed as an exercise in pure theory, demonstrating the richness of the macro dynamics that can arise if we move outside the realm of the standard model with an infinitely lived representative agent.""",paraphrase,1. Introduction,medium
CLM_PDF006_Q05_006,PDF006,PDF006_Q05,Hirano_Stiglitz_2022b,"2, 3, 4, 15, 21, 36",variables_parameters,land,,unbalanced growth separates land prices from rents,,D_t/r_t; K_t,model_based_synthesis,This non-monotonicity generates multiple valid market-clearing levels of future capital (multiple momentary equilibria) for a single given current capital stock.,land-credit crowding-out,validated_paraphrase,NotebookLM-backed paraphrase from completed note; verify exact wording before final quotation.,03_notes/questions/PDF006_Q05.md,C2,,"- Page(s): 2, 3, 4, 15, 21, 36 - Key passage(s), paraphrased or short quote only: - ""we abstract from many realistic elements such as credit, money, wage rigidities... In sequels Hirano and Stiglitz (2021b, c) we introduce land or/and credit to capture many of the key aspects of cyclical fluctuations"" - ""This paper should largely be viewed as an exercise in pure theory, demonstrating the richness of the macro dynamics that can arise if we move outside the realm of the standard model with an infinitely lived representative agent.""",paraphrase,3. Conceptual objects,medium
CLM_PDF006_Q05_007,PDF006,PDF006_Q05,Hirano_Stiglitz_2022b,"2, 3, 4, 15, 21, 36",variables_parameters,land,,land changes R versus G and debt-rollover conditions,,,model_based_synthesis,"Consequently, self-fulfilling beliefs (animal spirits) drive the economy to endlessly jump between unstable booms and stagnation traps, establishing the baseline instability that the introduction of land will later amplify.",wobbly dynamics and instability,validated_paraphrase,NotebookLM-backed paraphrase from completed note; verify exact wording before final quotation.,03_notes/questions/PDF006_Q05.md,C2,,"- Page(s): 2, 3, 4, 15, 21, 36 - Key passage(s), paraphrased or short quote only: - ""we abstract from many realistic elements such as credit, money, wage rigidities... In sequels Hirano and Stiglitz (2021b, c) we introduce land or/and credit to capture many of the key aspects of cyclical fluctuations"" - ""This paper should largely be viewed as an exercise in pure theory, demonstrating the richness of the macro dynamics that can arise if we move outside the realm of the standard model with an infinitely lived representative agent.""",paraphrase,8. Wobbly dynamics,medium
CLM_PDF006_Q06_001,PDF006,PDF006_Q06,Hirano_Stiglitz_2022b,"4, 32",definition,land,"The core concepts required for the later land-speculation models are phase transitions and state transitions driven by endogenous state variables, whereas dynamic inefficiency is explicitly identified as an unnecessary condition for generating wobbly dynamics.",land speculation crowds out productive capital,,,model_based_synthesis,"The core concepts required for the later land-speculation models are phase transitions and state transitions driven by endogenous state variables, whereas dynamic inefficiency is explicitly identified as an unnecessary condition for generating wobbly dynamics.",wobbly dynamics and instability,validated_paraphrase,NotebookLM-backed paraphrase from completed note; verify exact wording before final quotation.,03_notes/questions/PDF006_Q06.md,C2,,"- Page(s): 4, 32 - Key passage(s), paraphrased or short quote only: - ""...the present paper and our sequel Hirano and Stiglitz (2021b, c) can be thought of as a prototype of how to analyze global dynamics when the existence of multiplicity of momentary equilibrium depends on endogenous state variables."" [1] - ""While in the extended example developed in this paper, wobbly dynamics is associated with episodic (but not permanent) dynamic inefficiency, dynamic inefficiency is not a necessary condition for wobbly dynamics to arise, as we establish in a sequel (Hirano and Stigliz 2021b) to this paper."" [3]",paraphrase,8. Wobbly dynamics,medium
CLM_PDF006_Q06_002,PDF006,PDF006_Q06,Hirano_Stiglitz_2022b,"4, 32",definition,land,Not applicable (serves as a conceptual framework/prototype for future models).,land changes R versus G and debt-rollover conditions,,,model_based_synthesis,Not applicable (serves as a conceptual framework/prototype for future models).,land-credit crowding-out,validated_paraphrase,NotebookLM-backed paraphrase from completed note; verify exact wording before final quotation.,03_notes/questions/PDF006_Q06.md,C2,,"- Page(s): 4, 32 - Key passage(s), paraphrased or short quote only: - ""...the present paper and our sequel Hirano and Stiglitz (2021b, c) can be thought of as a prototype of how to analyze global dynamics when the existence of multiplicity of momentary equilibrium depends on endogenous state variables."" [1] - ""While in the extended example developed in this paper, wobbly dynamics is associated with episodic (but not permanent) dynamic inefficiency, dynamic inefficiency is not a necessary condition for wobbly dynamics to arise, as we establish in a sequel (Hirano and Stigliz 2021b) to this paper."" [3]",paraphrase,1. Introduction,medium
CLM_PDF006_Q06_003,PDF006,PDF006_Q06,Hirano_Stiglitz_2022b,"4, 32",causality,land,,land speculation crowds out productive capital,"Because this baseline model acts as an abstract theoretical prototype based on a closed economy, applying its distinction between essential phase transitions and optional dynamic inefficiency to Latin America requires external verification regarding the region's specific history of dollarized real estate speculation and reliance on foreign capital.",,critical_interpretation,"Because this baseline model acts as an abstract theoretical prototype based on a closed economy, applying its distinction between essential phase transitions and optional dynamic inefficiency to Latin America requires external verification regarding the region's specific history of dollarized real estate speculation and reliance on foreign capital.",wobbly dynamics and instability,validated_paraphrase,NotebookLM-backed paraphrase from completed note; verify exact wording before final quotation.,03_notes/questions/PDF006_Q06.md,C2,,"- Page(s): 4, 32 - Key passage(s), paraphrased or short quote only: - ""...the present paper and our sequel Hirano and Stiglitz (2021b, c) can be thought of as a prototype of how to analyze global dynamics when the existence of multiplicity of momentary equilibrium depends on endogenous state variables."" [1] - ""While in the extended example developed in this paper, wobbly dynamics is associated with episodic (but not permanent) dynamic inefficiency, dynamic inefficiency is not a necessary condition for wobbly dynamics to arise, as we establish in a sequel (Hirano and Stigliz 2021b) to this paper."" [3]",paraphrase,3. Conceptual objects,medium
CLM_PDF006_Q06_004,PDF006,PDF006_Q06,Hirano_Stiglitz_2022b,"4, 32",variables_parameters,land,,land changes R versus G and debt-rollover conditions,,,model_based_synthesis,The baseline model acts as a prototype demonstrating how multiple momentary equilibria depend on an endogenous state variable (capital).,land-credit crowding-out,validated_paraphrase,NotebookLM-backed paraphrase from completed note; verify exact wording before final quotation.,03_notes/questions/PDF006_Q06.md,C2,,"- Page(s): 4, 32 - Key passage(s), paraphrased or short quote only: - ""...the present paper and our sequel Hirano and Stiglitz (2021b, c) can be thought of as a prototype of how to analyze global dynamics when the existence of multiplicity of momentary equilibrium depends on endogenous state variables."" [1] - ""While in the extended example developed in this paper, wobbly dynamics is associated with episodic (but not permanent) dynamic inefficiency, dynamic inefficiency is not a necessary condition for wobbly dynamics to arise, as we establish in a sequel (Hirano and Stigliz 2021b) to this paper."" [3]",paraphrase,3. Conceptual objects,medium
CLM_PDF006_Q06_005,PDF006,PDF006_Q06,Hirano_Stiglitz_2022b,"4, 32",variables_parameters,land,,leverage creates land-bubble phase transition,,,model_based_synthesis,This mathematical dependence natively generates phase transitions (shifting between unique and multiple equilibria along a dynamic path) and state transitions (structural shifts in the entire system's stability).,wobbly dynamics and instability,validated_paraphrase,NotebookLM-backed paraphrase from completed note; verify exact wording before final quotation.,03_notes/questions/PDF006_Q06.md,C2,,"- Page(s): 4, 32 - Key passage(s), paraphrased or short quote only: - ""...the present paper and our sequel Hirano and Stiglitz (2021b, c) can be thought of as a prototype of how to analyze global dynamics when the existence of multiplicity of momentary equilibrium depends on endogenous state variables."" [1] - ""While in the extended example developed in this paper, wobbly dynamics is associated with episodic (but not permanent) dynamic inefficiency, dynamic inefficiency is not a necessary condition for wobbly dynamics to arise, as we establish in a sequel (Hirano and Stigliz 2021b) to this paper."" [3]",paraphrase,1. Introduction,medium
CLM_PDF006_Q06_006,PDF006,PDF006_Q06,Hirano_Stiglitz_2022b,"4, 32",mechanism,land,,land speculation crowds out productive capital,These core mechanisms are necessary to correctly map the amplifying effects of land speculation in the sequel papers.,,model_based_synthesis,These core mechanisms are necessary to correctly map the amplifying effects of land speculation in the sequel papers.,land-credit crowding-out,validated_paraphrase,NotebookLM-backed paraphrase from completed note; verify exact wording before final quotation.,03_notes/questions/PDF006_Q06.md,C2,,"- Page(s): 4, 32 - Key passage(s), paraphrased or short quote only: - ""...the present paper and our sequel Hirano and Stiglitz (2021b, c) can be thought of as a prototype of how to analyze global dynamics when the existence of multiplicity of momentary equilibrium depends on endogenous state variables."" [1] - ""While in the extended example developed in this paper, wobbly dynamics is associated with episodic (but not permanent) dynamic inefficiency, dynamic inefficiency is not a necessary condition for wobbly dynamics to arise, as we establish in a sequel (Hirano and Stigliz 2021b) to this paper."" [3]",paraphrase,1. Introduction,medium
CLM_PDF006_Q06_007,PDF006,PDF006_Q06,Hirano_Stiglitz_2022b,"4, 32",mechanism,land,,land changes R versus G and debt-rollover conditions,"However, dynamic inefficiency (over-saving) is merely a feature of this specific baseline example and is not mechanically required to produce expectation-driven instability once a non-produced asset like land is introduced.",,model_based_synthesis,"However, dynamic inefficiency (over-saving) is merely a feature of this specific baseline example and is not mechanically required to produce expectation-driven instability once a non-produced asset like land is introduced.",wobbly dynamics and instability,validated_paraphrase,NotebookLM-backed paraphrase from completed note; verify exact wording before final quotation.,03_notes/questions/PDF006_Q06.md,C2,,"- Page(s): 4, 32 - Key passage(s), paraphrased or short quote only: - ""...the present paper and our sequel Hirano and Stiglitz (2021b, c) can be thought of as a prototype of how to analyze global dynamics when the existence of multiplicity of momentary equilibrium depends on endogenous state variables."" [1] - ""While in the extended example developed in this paper, wobbly dynamics is associated with episodic (but not permanent) dynamic inefficiency, dynamic inefficiency is not a necessary condition for wobbly dynamics to arise, as we establish in a sequel (Hirano and Stigliz 2021b) to this paper."" [3]",paraphrase,8. Wobbly dynamics,medium
CLM_PDF006_Q07_001,PDF006,PDF006_Q07,Hirano_Stiglitz_2022b,"2, 8, 10",variables_parameters,land,,land changes R versus G and debt-rollover conditions,,r,model_based_synthesis,"The model is easily explained by demonstrating how finite-lived agents who reduce their savings when interest rates rise create a system with multiple momentary equilibria, meaning endless economic fluctuations (""wobbles"") are driven purely by self-fulfilling optimistic or pessimistic expectations.",land-credit crowding-out,validated_paraphrase,NotebookLM-backed paraphrase from completed note; verify exact wording before final quotation.,03_notes/questions/PDF006_Q07.md,C2,,"- Page(s): 2, 8, 10 - Key passage(s), paraphrased or short quote only: - ""The intuition behind our analysis is remarkably simple: if individuals' savings decreases as the interest rate increases... then the outcome depends on beliefs, i.e., bullish (optimistic) or bearish (pessimistic) expectations about investment activity. With bullish expectations, interest rates are low, so investment and savings are high, supporting those beliefs"" - ""Using the simplest possible model with heterogeneous agents with finite lives, i.e. an overlapping generations model, we show one can generate a rich set of dynamic patterns.""",paraphrase,1. Introduction,medium
CLM_PDF006_Q07_002,PDF006,PDF006_Q07,Hirano_Stiglitz_2022b,"2, 8, 10",variables_parameters,land,,land changes R versus G and debt-rollover conditions,,elasticity of substitution,model_based_synthesis,"Not applicable (for a non-specialist explanation, though mathematically derived from the intertemporal elasticity of substitution $\theta < 1$).",land-credit crowding-out,validated_paraphrase,NotebookLM-backed paraphrase from completed note; verify exact wording before final quotation.,03_notes/questions/PDF006_Q07.md,C2,,"- Page(s): 2, 8, 10 - Key passage(s), paraphrased or short quote only: - ""The intuition behind our analysis is remarkably simple: if individuals' savings decreases as the interest rate increases... then the outcome depends on beliefs, i.e., bullish (optimistic) or bearish (pessimistic) expectations about investment activity. With bullish expectations, interest rates are low, so investment and savings are high, supporting those beliefs"" - ""Using the simplest possible model with heterogeneous agents with finite lives, i.e. an overlapping generations model, we show one can generate a rich set of dynamic patterns.""",paraphrase,1. Introduction,medium
CLM_PDF006_Q07_003,PDF006,PDF006_Q07,Hirano_Stiglitz_2022b,"2, 8, 10",variables_parameters,land,,land changes R versus G and debt-rollover conditions,,,critical_interpretation,"While this intuition translates well to non-specialists, applying this closed-economy, domestic savings-driven expectation mechanism to Latin American business cycles requires external verification regarding the region's exposure to exogenous global financial shocks, foreign debt, and commodity cycles.",debt rollover / R versus G,validated_paraphrase,NotebookLM-backed paraphrase from completed note; verify exact wording before final quotation.,03_notes/questions/PDF006_Q07.md,C2,,"- Page(s): 2, 8, 10 - Key passage(s), paraphrased or short quote only: - ""The intuition behind our analysis is remarkably simple: if individuals' savings decreases as the interest rate increases... then the outcome depends on beliefs, i.e., bullish (optimistic) or bearish (pessimistic) expectations about investment activity. With bullish expectations, interest rates are low, so investment and savings are high, supporting those beliefs"" - ""Using the simplest possible model with heterogeneous agents with finite lives, i.e. an overlapping generations model, we show one can generate a rich set of dynamic patterns.""",paraphrase,7. Mechanism IV,medium
CLM_PDF006_Q07_004,PDF006,PDF006_Q07,Hirano_Stiglitz_2022b,"2, 8, 10",variables_parameters,land,,land changes R versus G and debt-rollover conditions,,r,model_based_synthesis,"Finite-lived individuals save for retirement, meaning their savings behavior depends heavily on expected future interest rates.",land-credit crowding-out,validated_paraphrase,NotebookLM-backed paraphrase from completed note; verify exact wording before final quotation.,03_notes/questions/PDF006_Q07.md,C2,,"- Page(s): 2, 8, 10 - Key passage(s), paraphrased or short quote only: - ""The intuition behind our analysis is remarkably simple: if individuals' savings decreases as the interest rate increases... then the outcome depends on beliefs, i.e., bullish (optimistic) or bearish (pessimistic) expectations about investment activity. With bullish expectations, interest rates are low, so investment and savings are high, supporting those beliefs"" - ""Using the simplest possible model with heterogeneous agents with finite lives, i.e. an overlapping generations model, we show one can generate a rich set of dynamic patterns.""",paraphrase,1. Introduction,medium
CLM_PDF006_Q07_005,PDF006,PDF006_Q07,Hirano_Stiglitz_2022b,"2, 8, 10",variables_parameters,land,,land changes R versus G and debt-rollover conditions,,r,model_based_synthesis,"If the income effect dominates, higher interest rates allow individuals to save less while still achieving their future consumption goals.",land-credit crowding-out,validated_paraphrase,NotebookLM-backed paraphrase from completed note; verify exact wording before final quotation.,03_notes/questions/PDF006_Q07.md,C2,,"- Page(s): 2, 8, 10 - Key passage(s), paraphrased or short quote only: - ""The intuition behind our analysis is remarkably simple: if individuals' savings decreases as the interest rate increases... then the outcome depends on beliefs, i.e., bullish (optimistic) or bearish (pessimistic) expectations about investment activity. With bullish expectations, interest rates are low, so investment and savings are high, supporting those beliefs"" - ""Using the simplest possible model with heterogeneous agents with finite lives, i.e. an overlapping generations model, we show one can generate a rich set of dynamic patterns.""",paraphrase,1. Introduction,medium
CLM_PDF006_Q07_006,PDF006,PDF006_Q07,Hirano_Stiglitz_2022b,"2, 8, 10",variables_parameters,land,,land speculation crowds out productive capital,,K_t; k_{t+1}; r,model_based_synthesis,"This creates a backward-bending savings curve, allowing multiple combinations of investment and interest rates (multiple momentary equilibria) to clear the market for a given capital stock.",land-credit crowding-out,validated_paraphrase,NotebookLM-backed paraphrase from completed note; verify exact wording before final quotation.,03_notes/questions/PDF006_Q07.md,C2,,"- Page(s): 2, 8, 10 - Key passage(s), paraphrased or short quote only: - ""The intuition behind our analysis is remarkably simple: if individuals' savings decreases as the interest rate increases... then the outcome depends on beliefs, i.e., bullish (optimistic) or bearish (pessimistic) expectations about investment activity. With bullish expectations, interest rates are low, so investment and savings are high, supporting those beliefs"" - ""Using the simplest possible model with heterogeneous agents with finite lives, i.e. an overlapping generations model, we show one can generate a rich set of dynamic patterns.""",paraphrase,3. Conceptual objects,medium
CLM_PDF006_Q07_007,PDF006,PDF006_Q07,Hirano_Stiglitz_2022b,"2, 8, 10",mechanism,land,,land changes R versus G and debt-rollover conditions,Self-fulfilling beliefs (bullish vs.,,model_based_synthesis,Self-fulfilling beliefs (bullish vs.,land-credit crowding-out,validated_paraphrase,NotebookLM-backed paraphrase from completed note; verify exact wording before final quotation.,03_notes/questions/PDF006_Q07.md,C2,,"- Page(s): 2, 8, 10 - Key passage(s), paraphrased or short quote only: - ""The intuition behind our analysis is remarkably simple: if individuals' savings decreases as the interest rate increases... then the outcome depends on beliefs, i.e., bullish (optimistic) or bearish (pessimistic) expectations about investment activity. With bullish expectations, interest rates are low, so investment and savings are high, supporting those beliefs"" - ""Using the simplest possible model with heterogeneous agents with finite lives, i.e. an overlapping generations model, we show one can generate a rich set of dynamic patterns.""",paraphrase,1. Introduction,medium
CLM_PDF007_Q01_001,PDF007,PDF007_Q01,Hirano_Stiglitz_2022a,"7, 24, 46, 47",causality,land,,land speculation crowds out productive capital,"Introducing land as an alternative asset fundamentally alters macroeconomic dynamics by crowding out productive capital, which lowers wages and output while expanding the conditions under which the economy experiences endless, expectation-driven boom-bust cycles.",K_t,model_based_synthesis,"Introducing land as an alternative asset fundamentally alters macroeconomic dynamics by crowding out productive capital, which lowers wages and output while expanding the conditions under which the economy experiences endless, expectation-driven boom-bust cycles.",land-credit crowding-out,validated_paraphrase,NotebookLM-backed paraphrase from completed note; verify exact wording before final quotation.,03_notes/questions/PDF007_Q01.md,C2,,"- Page(s): 7, 24, 46, 47 - Key passage(s), paraphrased or short quote only: - ""Land crowds out productive capital... higher land prices lead to less capital accumulation. That, in turn, leads to higher interest rates, necessitating still faster increases in land prices."" - ""$k_{t+1} + P_t = s_t(w_t + e)$... higher land prices reduce capital investment. This is the obvious sense in which land holdings crowd out real capital accumulation.""",paraphrase,3. Conceptual objects,medium
CLM_PDF007_Q01_002,PDF007,PDF007_Q01,Hirano_Stiglitz_2022a,"7, 24, 46, 47",variables_parameters,land,,land speculation crowds out productive capital,,k_{t+1},model_based_synthesis,"The savings-investment equation, $k{t+1} + Pt = st(wt + e)$, demonstrating direct crowding-out; and Proposition 2d, proving the parameter set for wobbly dynamics is strictly larger with land than without it.",wobbly dynamics and instability,validated_paraphrase,NotebookLM-backed paraphrase from completed note; verify exact wording before final quotation.,03_notes/questions/PDF007_Q01.md,C2,,"- Page(s): 7, 24, 46, 47 - Key passage(s), paraphrased or short quote only: - ""Land crowds out productive capital... higher land prices lead to less capital accumulation. That, in turn, leads to higher interest rates, necessitating still faster increases in land prices."" - ""$k_{t+1} + P_t = s_t(w_t + e)$... higher land prices reduce capital investment. This is the obvious sense in which land holdings crowd out real capital accumulation.""",paraphrase,4. Mechanism I,medium
CLM_PDF007_Q01_003,PDF007,PDF007_Q01,Hirano_Stiglitz_2022a,"7, 24, 46, 47",theory_evidence,land,,land speculation crowds out productive capital,,,critical_interpretation,"The model relies entirely on a closed-economy framework where land speculation is funded strictly by domestic life-cycle savings without credit frictions; applying this to Latin American land dynamics requires external verification regarding the region's exposure to foreign capital, dollarized real estate, and external sovereign debt.",land-credit crowding-out,validated_paraphrase,NotebookLM-backed paraphrase from completed note; verify exact wording before final quotation.,03_notes/questions/PDF007_Q01.md,C2,,"- Page(s): 7, 24, 46, 47 - Key passage(s), paraphrased or short quote only: - ""Land crowds out productive capital... higher land prices lead to less capital accumulation. That, in turn, leads to higher interest rates, necessitating still faster increases in land prices."" - ""$k_{t+1} + P_t = s_t(w_t + e)$... higher land prices reduce capital investment. This is the obvious sense in which land holdings crowd out real capital accumulation.""",paraphrase,3. Conceptual objects,medium
CLM_PDF007_Q01_004,PDF007,PDF007_Q01,Hirano_Stiglitz_2022a,"7, 24, 46, 47",variables_parameters,land,,land speculation crowds out productive capital,,K_t,model_based_synthesis,Young agents allocate their finite life-cycle savings between purchasing productive capital and buying non-produced land.,land-credit crowding-out,validated_paraphrase,NotebookLM-backed paraphrase from completed note; verify exact wording before final quotation.,03_notes/questions/PDF007_Q01.md,C2,,"- Page(s): 7, 24, 46, 47 - Key passage(s), paraphrased or short quote only: - ""Land crowds out productive capital... higher land prices lead to less capital accumulation. That, in turn, leads to higher interest rates, necessitating still faster increases in land prices."" - ""$k_{t+1} + P_t = s_t(w_t + e)$... higher land prices reduce capital investment. This is the obvious sense in which land holdings crowd out real capital accumulation.""",paraphrase,3. Conceptual objects,medium
CLM_PDF007_Q01_005,PDF007,PDF007_Q01,Hirano_Stiglitz_2022a,"7, 24, 46, 47",variables_parameters,land,,land speculation crowds out productive capital,,P_t,model_based_synthesis,"During a land boom, rising land prices absorb a larger share of savings, mechanically crowding out real capital accumulation.",land-credit crowding-out,validated_paraphrase,NotebookLM-backed paraphrase from completed note; verify exact wording before final quotation.,03_notes/questions/PDF007_Q01.md,C2,,"- Page(s): 7, 24, 46, 47 - Key passage(s), paraphrased or short quote only: - ""Land crowds out productive capital... higher land prices lead to less capital accumulation. That, in turn, leads to higher interest rates, necessitating still faster increases in land prices."" - ""$k_{t+1} + P_t = s_t(w_t + e)$... higher land prices reduce capital investment. This is the obvious sense in which land holdings crowd out real capital accumulation.""",paraphrase,3. Conceptual objects,medium
CLM_PDF007_Q01_006,PDF007,PDF007_Q01,Hirano_Stiglitz_2022a,"7, 24, 46, 47",mechanism,land,,land changes R versus G and debt-rollover conditions,The resulting capital shortage depresses wages and aggregate output but increases the return on capital (interest rates).,r,model_based_synthesis,The resulting capital shortage depresses wages and aggregate output but increases the return on capital (interest rates).,land-credit crowding-out,validated_paraphrase,NotebookLM-backed paraphrase from completed note; verify exact wording before final quotation.,03_notes/questions/PDF007_Q01.md,C2,,"- Page(s): 7, 24, 46, 47 - Key passage(s), paraphrased or short quote only: - ""Land crowds out productive capital... higher land prices lead to less capital accumulation. That, in turn, leads to higher interest rates, necessitating still faster increases in land prices."" - ""$k_{t+1} + P_t = s_t(w_t + e)$... higher land prices reduce capital investment. This is the obvious sense in which land holdings crowd out real capital accumulation.""",paraphrase,3. Conceptual objects,medium
CLM_PDF007_Q01_007,PDF007,PDF007_Q01,Hirano_Stiglitz_2022a,"7, 24, 46, 47",variables_parameters,land,,land changes R versus G and debt-rollover conditions,,r,model_based_synthesis,"High interest rates accelerate the explosive land boom until prices reach a mathematical upper bound, at which point rational expectations dictate a market crash, restarting the wobbly cycle.",wobbly dynamics and instability,validated_paraphrase,NotebookLM-backed paraphrase from completed note; verify exact wording before final quotation.,03_notes/questions/PDF007_Q01.md,C2,,"- Page(s): 7, 24, 46, 47 - Key passage(s), paraphrased or short quote only: - ""Land crowds out productive capital... higher land prices lead to less capital accumulation. That, in turn, leads to higher interest rates, necessitating still faster increases in land prices."" - ""$k_{t+1} + P_t = s_t(w_t + e)$... higher land prices reduce capital investment. This is the obvious sense in which land holdings crowd out real capital accumulation.""",paraphrase,8. Wobbly dynamics,medium
CLM_PDF007_Q02_001,PDF007,PDF007_Q02,Hirano_Stiglitz_2022a,"2, 7, 9",variables_parameters,land,,land speculation crowds out productive capital,,P_t; r,model_based_synthesis,"Rising land prices trigger a self-reinforcing feedback loop that crowds out real capital accumulation, driving up interest rates and necessitating even faster, ultimately unsustainable exponential increases in land prices.",land-credit crowding-out,validated_paraphrase,NotebookLM-backed paraphrase from completed note; verify exact wording before final quotation.,03_notes/questions/PDF007_Q02.md,C2,,"- Page(s): 2, 7, 9 - Key passage(s), paraphrased or short quote only: - ""Land crowds out productive capital, and that means that higher land prices lead to less capital accumulation. That, in turn, leads to higher interest rates, necessitating still faster increases in land prices."" - ""$k_{t+1} + P_t = s_t(w_t + e)$. Other things being equal, higher land prices reduce capital investment. This is the obvious sense in which land holdings crowd out real capital accumulation.""",paraphrase,3. Conceptual objects,medium
CLM_PDF007_Q02_002,PDF007,PDF007_Q02,Hirano_Stiglitz_2022a,"2, 7, 9",variables_parameters,land,,land changes R versus G and debt-rollover conditions,,,model_based_synthesis,"The savings/capital accumulation equation (2), $k{t+1} + Pt = st(wt + e)$, and the capital arbitrage equation (1), $\frac{fT(k{t+1})}{Pt} + \frac{P{t+1}}{Pt} = 1 + r{t+1}$.",land-credit crowding-out,validated_paraphrase,NotebookLM-backed paraphrase from completed note; verify exact wording before final quotation.,03_notes/questions/PDF007_Q02.md,C2,,"- Page(s): 2, 7, 9 - Key passage(s), paraphrased or short quote only: - ""Land crowds out productive capital, and that means that higher land prices lead to less capital accumulation. That, in turn, leads to higher interest rates, necessitating still faster increases in land prices."" - ""$k_{t+1} + P_t = s_t(w_t + e)$. Other things being equal, higher land prices reduce capital investment. This is the obvious sense in which land holdings crowd out real capital accumulation.""",paraphrase,3. Conceptual objects,medium
CLM_PDF007_Q02_003,PDF007,PDF007_Q02,Hirano_Stiglitz_2022a,"2, 7, 9",theory_evidence,land,,land changes R versus G and debt-rollover conditions,,,critical_interpretation,"Applying this feedback loop to Latin American economies requires external verification, as the model structurally assumes a closed economy where land booms are fueled strictly by domestic life-cycle savings, abstracting from the region's reliance on foreign capital flows and external debt.",debt rollover / R versus G,validated_paraphrase,NotebookLM-backed paraphrase from completed note; verify exact wording before final quotation.,03_notes/questions/PDF007_Q02.md,C2,,"- Page(s): 2, 7, 9 - Key passage(s), paraphrased or short quote only: - ""Land crowds out productive capital, and that means that higher land prices lead to less capital accumulation. That, in turn, leads to higher interest rates, necessitating still faster increases in land prices."" - ""$k_{t+1} + P_t = s_t(w_t + e)$. Other things being equal, higher land prices reduce capital investment. This is the obvious sense in which land holdings crowd out real capital accumulation.""",paraphrase,3. Conceptual objects,medium
CLM_PDF007_Q02_004,PDF007,PDF007_Q02,Hirano_Stiglitz_2022a,"2, 7, 9",mechanism,land,,land speculation crowds out productive capital,Young agents allocate finite life-cycle savings between non-produced land and productive capital.,K_t,model_based_synthesis,Young agents allocate finite life-cycle savings between non-produced land and productive capital.,land-credit crowding-out,validated_paraphrase,NotebookLM-backed paraphrase from completed note; verify exact wording before final quotation.,03_notes/questions/PDF007_Q02.md,C2,,"- Page(s): 2, 7, 9 - Key passage(s), paraphrased or short quote only: - ""Land crowds out productive capital, and that means that higher land prices lead to less capital accumulation. That, in turn, leads to higher interest rates, necessitating still faster increases in land prices."" - ""$k_{t+1} + P_t = s_t(w_t + e)$. Other things being equal, higher land prices reduce capital investment. This is the obvious sense in which land holdings crowd out real capital accumulation.""",paraphrase,3. Conceptual objects,medium
CLM_PDF007_Q02_005,PDF007,PDF007_Q02,Hirano_Stiglitz_2022a,"2, 7, 9",variables_parameters,land,,land speculation crowds out productive capital,,P_t; k_{t+1},model_based_synthesis,"Higher land prices absorb a greater share of these savings, crowding out capital investment.",land-credit crowding-out,validated_paraphrase,NotebookLM-backed paraphrase from completed note; verify exact wording before final quotation.,03_notes/questions/PDF007_Q02.md,C2,,"- Page(s): 2, 7, 9 - Key passage(s), paraphrased or short quote only: - ""Land crowds out productive capital, and that means that higher land prices lead to less capital accumulation. That, in turn, leads to higher interest rates, necessitating still faster increases in land prices."" - ""$k_{t+1} + P_t = s_t(w_t + e)$. Other things being equal, higher land prices reduce capital investment. This is the obvious sense in which land holdings crowd out real capital accumulation.""",paraphrase,3. Conceptual objects,medium
CLM_PDF007_Q02_006,PDF007,PDF007_Q02,Hirano_Stiglitz_2022a,"2, 7, 9",mechanism,land,,land changes R versus G and debt-rollover conditions,The resulting scarcity of capital lowers wages and raises the interest rate (the marginal return on capital).,r,model_based_synthesis,The resulting scarcity of capital lowers wages and raises the interest rate (the marginal return on capital).,land-credit crowding-out,validated_paraphrase,NotebookLM-backed paraphrase from completed note; verify exact wording before final quotation.,03_notes/questions/PDF007_Q02.md,C2,,"- Page(s): 2, 7, 9 - Key passage(s), paraphrased or short quote only: - ""Land crowds out productive capital, and that means that higher land prices lead to less capital accumulation. That, in turn, leads to higher interest rates, necessitating still faster increases in land prices."" - ""$k_{t+1} + P_t = s_t(w_t + e)$. Other things being equal, higher land prices reduce capital investment. This is the obvious sense in which land holdings crowd out real capital accumulation.""",paraphrase,3. Conceptual objects,medium
CLM_PDF007_Q02_007,PDF007,PDF007_Q02,Hirano_Stiglitz_2022a,"2, 7, 9",variables_parameters,land,,land speculation crowds out productive capital,,P_t; r,model_based_synthesis,"To satisfy the capital arbitrage equation, higher interest rates force land prices to rise even faster, accelerating the crowding-out cycle until expectations turn bearish and the market crashes.",land-credit crowding-out,validated_paraphrase,NotebookLM-backed paraphrase from completed note; verify exact wording before final quotation.,03_notes/questions/PDF007_Q02.md,C2,,"- Page(s): 2, 7, 9 - Key passage(s), paraphrased or short quote only: - ""Land crowds out productive capital, and that means that higher land prices lead to less capital accumulation. That, in turn, leads to higher interest rates, necessitating still faster increases in land prices."" - ""$k_{t+1} + P_t = s_t(w_t + e)$. Other things being equal, higher land prices reduce capital investment. This is the obvious sense in which land holdings crowd out real capital accumulation.""",paraphrase,3. Conceptual objects,medium
CLM_PDF007_Q03_001,PDF007,PDF007_Q03,Hirano_Stiglitz_2022a,"1, 2, 3, 13, 19",causality,land,,land changes R versus G and debt-rollover conditions,"Seemingly explosive land booms are perfectly consistent with rational expectations because the multiplicity of momentary equilibria guarantees that prices will endogenously crash before reaching an impossible, infinitely explosive threshold.",,model_based_synthesis,"Seemingly explosive land booms are perfectly consistent with rational expectations because the multiplicity of momentary equilibria guarantees that prices will endogenously crash before reaching an impossible, infinitely explosive threshold.",land-credit crowding-out,validated_paraphrase,NotebookLM-backed paraphrase from completed note; verify exact wording before final quotation.,03_notes/questions/PDF007_Q03.md,C2,,"- Page(s): 1, 2, 3, 13, 19 - Key passage(s), paraphrased or short quote only: - ""Because of the multiplicity of momentary equilibrium, an economy with seemingly exploding land prices can suddenly find itself with land prices crashing. Importantly... these fluctuations, marked by booms and busts in land prices, occur as part of equilibrium outcomes, in a way totally consistent with rational expectations."" - ""While the assumption of rational expectations does not constrain the economy to a single trajectory, it imposes strong constraints... all agents know that when land prices exceed a certain level, land prices will collapse, and therefore trajectories which might put land prices above that threshold are avoided.""",paraphrase,1. Introduction,medium
CLM_PDF007_Q03_002,PDF007,PDF007_Q03,Hirano_Stiglitz_2022a,"1, 2, 3, 13, 19",variables_parameters,land,,leverage creates land-bubble phase transition,,,model_based_synthesis,"The capital arbitrage equation $\frac{fT(k{t+1})}{Pt} + \frac{P{t+1}}{Pt} = 1 + r{t+1}$, which holds across the phase transition from the explosive boom into the endogenous crash, bounded by the critical threshold $\hat{P}$.",wobbly dynamics and instability,validated_paraphrase,NotebookLM-backed paraphrase from completed note; verify exact wording before final quotation.,03_notes/questions/PDF007_Q03.md,C2,,"- Page(s): 1, 2, 3, 13, 19 - Key passage(s), paraphrased or short quote only: - ""Because of the multiplicity of momentary equilibrium, an economy with seemingly exploding land prices can suddenly find itself with land prices crashing. Importantly... these fluctuations, marked by booms and busts in land prices, occur as part of equilibrium outcomes, in a way totally consistent with rational expectations."" - ""While the assumption of rational expectations does not constrain the economy to a single trajectory, it imposes strong constraints... all agents know that when land prices exceed a certain level, land prices will collapse, and therefore trajectories which might put land prices above that threshold are avoided.""",paraphrase,3. Conceptual objects,medium
CLM_PDF007_Q03_003,PDF007,PDF007_Q03,Hirano_Stiglitz_2022a,"1, 2, 3, 13, 19",variables_parameters,land,,land changes R versus G and debt-rollover conditions,,,critical_interpretation,"The model asserts these speculative booms are rational strictly within the parameters of closed-economy domestic life-cycle savings, so validating this mechanism for Latin America requires assessing how external debt and foreign capital flows alter the boundaries and rational expectations of endogenous crashes.",debt rollover / R versus G,validated_paraphrase,NotebookLM-backed paraphrase from completed note; verify exact wording before final quotation.,03_notes/questions/PDF007_Q03.md,C2,,"- Page(s): 1, 2, 3, 13, 19 - Key passage(s), paraphrased or short quote only: - ""Because of the multiplicity of momentary equilibrium, an economy with seemingly exploding land prices can suddenly find itself with land prices crashing. Importantly... these fluctuations, marked by booms and busts in land prices, occur as part of equilibrium outcomes, in a way totally consistent with rational expectations."" - ""While the assumption of rational expectations does not constrain the economy to a single trajectory, it imposes strong constraints... all agents know that when land prices exceed a certain level, land prices will collapse, and therefore trajectories which might put land prices above that threshold are avoided.""",paraphrase,3. Conceptual objects,medium
CLM_PDF007_Q03_004,PDF007,PDF007_Q03,Hirano_Stiglitz_2022a,"1, 2, 3, 13, 19",causality,land,,land changes R versus G and debt-rollover conditions,Standard macroeconomic models rule out explosive asset paths because an asset price rising forever violates rational bounds (the saddle point property).,,model_based_synthesis,Standard macroeconomic models rule out explosive asset paths because an asset price rising forever violates rational bounds (the saddle point property).,land-credit crowding-out,validated_paraphrase,NotebookLM-backed paraphrase from completed note; verify exact wording before final quotation.,03_notes/questions/PDF007_Q03.md,C2,,"- Page(s): 1, 2, 3, 13, 19 - Key passage(s), paraphrased or short quote only: - ""Because of the multiplicity of momentary equilibrium, an economy with seemingly exploding land prices can suddenly find itself with land prices crashing. Importantly... these fluctuations, marked by booms and busts in land prices, occur as part of equilibrium outcomes, in a way totally consistent with rational expectations."" - ""While the assumption of rational expectations does not constrain the economy to a single trajectory, it imposes strong constraints... all agents know that when land prices exceed a certain level, land prices will collapse, and therefore trajectories which might put land prices above that threshold are avoided.""",paraphrase,1. Introduction,medium
CLM_PDF007_Q03_005,PDF007,PDF007_Q03,Hirano_Stiglitz_2022a,"1, 2, 3, 13, 19",mechanism,land,,land changes R versus G and debt-rollover conditions,"In this overlapping-generations economy, multiple momentary equilibria exist, allowing both high-return (bullish/capital scarcity) and low-return (bearish/capital surplus) states.",,model_based_synthesis,"In this overlapping-generations economy, multiple momentary equilibria exist, allowing both high-return (bullish/capital scarcity) and low-return (bearish/capital surplus) states.",land-credit crowding-out,validated_paraphrase,NotebookLM-backed paraphrase from completed note; verify exact wording before final quotation.,03_notes/questions/PDF007_Q03.md,C2,,"- Page(s): 1, 2, 3, 13, 19 - Key passage(s), paraphrased or short quote only: - ""Because of the multiplicity of momentary equilibrium, an economy with seemingly exploding land prices can suddenly find itself with land prices crashing. Importantly... these fluctuations, marked by booms and busts in land prices, occur as part of equilibrium outcomes, in a way totally consistent with rational expectations."" - ""While the assumption of rational expectations does not constrain the economy to a single trajectory, it imposes strong constraints... all agents know that when land prices exceed a certain level, land prices will collapse, and therefore trajectories which might put land prices above that threshold are avoided.""",paraphrase,3. Conceptual objects,medium
CLM_PDF007_Q03_006,PDF007,PDF007_Q03,Hirano_Stiglitz_2022a,"1, 2, 3, 13, 19",mechanism,land,,land changes R versus G and debt-rollover conditions,"During a land boom, prices rise exponentially, fully satisfying the capital arbitrage equation in the high-return state.",,model_based_synthesis,"During a land boom, prices rise exponentially, fully satisfying the capital arbitrage equation in the high-return state.",land-credit crowding-out,validated_paraphrase,NotebookLM-backed paraphrase from completed note; verify exact wording before final quotation.,03_notes/questions/PDF007_Q03.md,C2,,"- Page(s): 1, 2, 3, 13, 19 - Key passage(s), paraphrased or short quote only: - ""Because of the multiplicity of momentary equilibrium, an economy with seemingly exploding land prices can suddenly find itself with land prices crashing. Importantly... these fluctuations, marked by booms and busts in land prices, occur as part of equilibrium outcomes, in a way totally consistent with rational expectations."" - ""While the assumption of rational expectations does not constrain the economy to a single trajectory, it imposes strong constraints... all agents know that when land prices exceed a certain level, land prices will collapse, and therefore trajectories which might put land prices above that threshold are avoided.""",paraphrase,3. Conceptual objects,medium
CLM_PDF007_Q03_007,PDF007,PDF007_Q03,Hirano_Stiglitz_2022a,"1, 2, 3, 13, 19",variables_parameters,land,,land changes R versus G and debt-rollover conditions,,,model_based_synthesis,"Before the price reaches a critical upper bound where it would have to explode infinitely, expectations endogenously shift to the low-return state, triggering a rational crash that keeps the trajectory mathematically bounded.",land-credit crowding-out,validated_paraphrase,NotebookLM-backed paraphrase from completed note; verify exact wording before final quotation.,03_notes/questions/PDF007_Q03.md,C2,,"- Page(s): 1, 2, 3, 13, 19 - Key passage(s), paraphrased or short quote only: - ""Because of the multiplicity of momentary equilibrium, an economy with seemingly exploding land prices can suddenly find itself with land prices crashing. Importantly... these fluctuations, marked by booms and busts in land prices, occur as part of equilibrium outcomes, in a way totally consistent with rational expectations."" - ""While the assumption of rational expectations does not constrain the economy to a single trajectory, it imposes strong constraints... all agents know that when land prices exceed a certain level, land prices will collapse, and therefore trajectories which might put land prices above that threshold are avoided.""",paraphrase,1. Introduction,medium
CLM_PDF007_Q04_001,PDF007,PDF007_Q04,Hirano_Stiglitz_2022a,"19, 20",variables_parameters,land,,leverage creates land-bubble phase transition,,,model_based_synthesis,"Critical land-price thresholds ($\hat{P}$ and $\underline{P}$) force endogenous phase transitions between bullish and bearish states, ensuring that speculative trajectories remain mathematically bounded and consistent with rational expectations rather than exploding to infinity or imploding to zero.",wobbly dynamics and instability,validated_paraphrase,NotebookLM-backed paraphrase from completed note; verify exact wording before final quotation.,03_notes/questions/PDF007_Q04.md,C2,,"- Page(s): 19, 20 - Key passage(s), paraphrased or short quote only: ""once land prices reach $\hat{P}$, the 'bearish' momentary equilibrium with collapsing land prices is the unique momentary equilibrium and the price of land must collapse""; ""If the initial land price is in the price range of $P_{min} \le P_t \le \underline{P}$, the bullish momentary equilibrium with increasing land prices is the unique momentary equilibrium""; ""Once land prices enter into the range of $\underline{P} < P_t < \hat{P}$, then there is a multiplicity of equilibria, with bullish and bearish expectations both being possible.""",paraphrase,1. Introduction,medium
CLM_PDF007_Q04_002,PDF007,PDF007_Q04,Hirano_Stiglitz_2022a,"19, 20",variables_parameters,land,,land changes R versus G and debt-rollover conditions,,,model_based_synthesis,"The upper threshold $\hat{P} \equiv \min(\frac{P2}{\frac{A}{\omega1}+1-\delta}, P1)$ and the lower threshold $\underline{P} \equiv \max\{ql, \frac{P{min}(D)+D}{1-\delta}\}$.",land-credit crowding-out,validated_paraphrase,NotebookLM-backed paraphrase from completed note; verify exact wording before final quotation.,03_notes/questions/PDF007_Q04.md,C2,,"- Page(s): 19, 20 - Key passage(s), paraphrased or short quote only: ""once land prices reach $\hat{P}$, the 'bearish' momentary equilibrium with collapsing land prices is the unique momentary equilibrium and the price of land must collapse""; ""If the initial land price is in the price range of $P_{min} \le P_t \le \underline{P}$, the bullish momentary equilibrium with increasing land prices is the unique momentary equilibrium""; ""Once land prices enter into the range of $\underline{P} < P_t < \hat{P}$, then there is a multiplicity of equilibria, with bullish and bearish expectations both being possible.""",paraphrase,1. Introduction,medium
CLM_PDF007_Q04_003,PDF007,PDF007_Q04,Hirano_Stiglitz_2022a,"19, 20",variables_parameters,land,,real-estate credit amplifies land-price inflation,,,critical_interpretation,"The model defines these critical expectation thresholds strictly within a closed-economy overlapping-generations framework; applying these exact tipping points to Latin America requires external verification regarding how foreign capital inflows, dollarized real estate, and external debt alter the bounds of rational market trajectories.",debt rollover / R versus G,validated_paraphrase,NotebookLM-backed paraphrase from completed note; verify exact wording before final quotation.,03_notes/questions/PDF007_Q04.md,C2,,"- Page(s): 19, 20 - Key passage(s), paraphrased or short quote only: ""once land prices reach $\hat{P}$, the 'bearish' momentary equilibrium with collapsing land prices is the unique momentary equilibrium and the price of land must collapse""; ""If the initial land price is in the price range of $P_{min} \le P_t \le \underline{P}$, the bullish momentary equilibrium with increasing land prices is the unique momentary equilibrium""; ""Once land prices enter into the range of $\underline{P} < P_t < \hat{P}$, then there is a multiplicity of equilibria, with bullish and bearish expectations both being possible.""",paraphrase,3. Conceptual objects,medium
CLM_PDF007_Q04_004,PDF007,PDF007_Q04,Hirano_Stiglitz_2022a,"19, 20",mechanism,land,,real-estate credit amplifies land-price inflation,"During a bullish boom, land prices rise exponentially and absorb increasing amounts of capital.",P_t,model_based_synthesis,"During a bullish boom, land prices rise exponentially and absorb increasing amounts of capital.",land-credit crowding-out,validated_paraphrase,NotebookLM-backed paraphrase from completed note; verify exact wording before final quotation.,03_notes/questions/PDF007_Q04.md,C2,,"- Page(s): 19, 20 - Key passage(s), paraphrased or short quote only: ""once land prices reach $\hat{P}$, the 'bearish' momentary equilibrium with collapsing land prices is the unique momentary equilibrium and the price of land must collapse""; ""If the initial land price is in the price range of $P_{min} \le P_t \le \underline{P}$, the bullish momentary equilibrium with increasing land prices is the unique momentary equilibrium""; ""Once land prices enter into the range of $\underline{P} < P_t < \hat{P}$, then there is a multiplicity of equilibria, with bullish and bearish expectations both being possible.""",paraphrase,3. Conceptual objects,medium
CLM_PDF007_Q04_005,PDF007,PDF007_Q04,Hirano_Stiglitz_2022a,"19, 20",variables_parameters,land,,land changes R versus G and debt-rollover conditions,,,model_based_synthesis,"If the price crosses the critical upper threshold $\hat{P}$, continuing the boom would push future prices beyond $P2$, an absolute ceiling where switching to a low-return state is no longer possible.",land-credit crowding-out,validated_paraphrase,NotebookLM-backed paraphrase from completed note; verify exact wording before final quotation.,03_notes/questions/PDF007_Q04.md,C2,,"- Page(s): 19, 20 - Key passage(s), paraphrased or short quote only: ""once land prices reach $\hat{P}$, the 'bearish' momentary equilibrium with collapsing land prices is the unique momentary equilibrium and the price of land must collapse""; ""If the initial land price is in the price range of $P_{min} \le P_t \le \underline{P}$, the bullish momentary equilibrium with increasing land prices is the unique momentary equilibrium""; ""Once land prices enter into the range of $\underline{P} < P_t < \hat{P}$, then there is a multiplicity of equilibria, with bullish and bearish expectations both being possible.""",paraphrase,1. Introduction,medium
CLM_PDF007_Q04_006,PDF007,PDF007_Q04,Hirano_Stiglitz_2022a,"19, 20",mechanism,land,,land changes R versus G and debt-rollover conditions,"To prevent an impossible, infinitely explosive trajectory, rational expectations force the market to endogenously switch to the unique bearish (low-return) equilibrium, triggering a crash.",,model_based_synthesis,"To prevent an impossible, infinitely explosive trajectory, rational expectations force the market to endogenously switch to the unique bearish (low-return) equilibrium, triggering a crash.",land-credit crowding-out,validated_paraphrase,NotebookLM-backed paraphrase from completed note; verify exact wording before final quotation.,03_notes/questions/PDF007_Q04.md,C2,,"- Page(s): 19, 20 - Key passage(s), paraphrased or short quote only: ""once land prices reach $\hat{P}$, the 'bearish' momentary equilibrium with collapsing land prices is the unique momentary equilibrium and the price of land must collapse""; ""If the initial land price is in the price range of $P_{min} \le P_t \le \underline{P}$, the bullish momentary equilibrium with increasing land prices is the unique momentary equilibrium""; ""Once land prices enter into the range of $\underline{P} < P_t < \hat{P}$, then there is a multiplicity of equilibria, with bullish and bearish expectations both being possible.""",paraphrase,1. Introduction,medium
CLM_PDF007_Q04_007,PDF007,PDF007_Q04,Hirano_Stiglitz_2022a,"19, 20",variables_parameters,land,,land changes R versus G and debt-rollover conditions,,,model_based_synthesis,"Conversely, during a bust, if prices fall below the critical lower threshold $\underline{P}$, the market must endogenously switch back to the unique bullish (high-return) equilibrium to prevent prices from imploding into negative values.",land-credit crowding-out,validated_paraphrase,NotebookLM-backed paraphrase from completed note; verify exact wording before final quotation.,03_notes/questions/PDF007_Q04.md,C2,,"- Page(s): 19, 20 - Key passage(s), paraphrased or short quote only: ""once land prices reach $\hat{P}$, the 'bearish' momentary equilibrium with collapsing land prices is the unique momentary equilibrium and the price of land must collapse""; ""If the initial land price is in the price range of $P_{min} \le P_t \le \underline{P}$, the bullish momentary equilibrium with increasing land prices is the unique momentary equilibrium""; ""Once land prices enter into the range of $\underline{P} < P_t < \hat{P}$, then there is a multiplicity of equilibria, with bullish and bearish expectations both being possible.""",paraphrase,1. Introduction,medium
CLM_PDF007_Q05_001,PDF007,PDF007_Q05,Hirano_Stiglitz_2022a,"2, 7, 10",causality,land,,land speculation crowds out productive capital,"Land acts as a non-produced asset that absorbs finite domestic savings, directly displacing productive capital investment and structurally expanding the mathematical conditions under which the economy suffers from expectation-driven instability and boom-bust cycles.",K_t; k_{t+1},model_based_synthesis,"Land acts as a non-produced asset that absorbs finite domestic savings, directly displacing productive capital investment and structurally expanding the mathematical conditions under which the economy suffers from expectation-driven instability and boom-bust cycles.",wobbly dynamics and instability,validated_paraphrase,NotebookLM-backed paraphrase from completed note; verify exact wording before final quotation.,03_notes/questions/PDF007_Q05.md,C2,,"- Page(s): 2, 7, 10 - Key passage(s), paraphrased or short quote only: ""$k_{t+1} + P_t = s_t(w_t + e)$. Other things being equal, higher land prices reduce capital investment""; ""the presence of land may exacerbate instability. It can induce a large change in global dynamics, creating opportunities for the economy to fluctuate even when in the absence of land, there is a unique momentary equilibrium""; ""the range of $k_t$ for which there are multiple equilibria, is increased as $P_t$ rises. This implies an increased range of variability in economic activity.""",paraphrase,3. Conceptual objects,medium
CLM_PDF007_Q05_002,PDF007,PDF007_Q05,Hirano_Stiglitz_2022a,"2, 7, 10",variables_parameters,land,,land speculation crowds out productive capital,,P_t; k_{t+1},model_based_synthesis,"The savings/capital accumulation equation (2), $k{t+1} + Pt = st(wt + e)$, demonstrating that higher land prices $Pt$ directly reduce capital investment $k{t+1}$.",land-credit crowding-out,validated_paraphrase,NotebookLM-backed paraphrase from completed note; verify exact wording before final quotation.,03_notes/questions/PDF007_Q05.md,C2,,"- Page(s): 2, 7, 10 - Key passage(s), paraphrased or short quote only: ""$k_{t+1} + P_t = s_t(w_t + e)$. Other things being equal, higher land prices reduce capital investment""; ""the presence of land may exacerbate instability. It can induce a large change in global dynamics, creating opportunities for the economy to fluctuate even when in the absence of land, there is a unique momentary equilibrium""; ""the range of $k_t$ for which there are multiple equilibria, is increased as $P_t$ rises. This implies an increased range of variability in economic activity.""",paraphrase,3. Conceptual objects,medium
CLM_PDF007_Q05_003,PDF007,PDF007_Q05,Hirano_Stiglitz_2022a,"2, 7, 10",theory_evidence,land,,land speculation crowds out productive capital,,,critical_interpretation,"Applying this mechanism to Latin America requires external verification, as the model structurally assumes a closed economy where land speculation is financed strictly by domestic life-cycle savings, abstracting from the region's exposure to external debt and foreign capital flows.",debt rollover / R versus G,validated_paraphrase,NotebookLM-backed paraphrase from completed note; verify exact wording before final quotation.,03_notes/questions/PDF007_Q05.md,C2,,"- Page(s): 2, 7, 10 - Key passage(s), paraphrased or short quote only: ""$k_{t+1} + P_t = s_t(w_t + e)$. Other things being equal, higher land prices reduce capital investment""; ""the presence of land may exacerbate instability. It can induce a large change in global dynamics, creating opportunities for the economy to fluctuate even when in the absence of land, there is a unique momentary equilibrium""; ""the range of $k_t$ for which there are multiple equilibria, is increased as $P_t$ rises. This implies an increased range of variability in economic activity.""",paraphrase,3. Conceptual objects,medium
CLM_PDF007_Q05_004,PDF007,PDF007_Q05,Hirano_Stiglitz_2022a,"2, 7, 10",variables_parameters,land,,land speculation crowds out productive capital,,K_t,model_based_synthesis,Young agents allocate their finite life-cycle savings between purchasing productive capital and non-produced land.,land-credit crowding-out,validated_paraphrase,NotebookLM-backed paraphrase from completed note; verify exact wording before final quotation.,03_notes/questions/PDF007_Q05.md,C2,,"- Page(s): 2, 7, 10 - Key passage(s), paraphrased or short quote only: ""$k_{t+1} + P_t = s_t(w_t + e)$. Other things being equal, higher land prices reduce capital investment""; ""the presence of land may exacerbate instability. It can induce a large change in global dynamics, creating opportunities for the economy to fluctuate even when in the absence of land, there is a unique momentary equilibrium""; ""the range of $k_t$ for which there are multiple equilibria, is increased as $P_t$ rises. This implies an increased range of variability in economic activity.""",paraphrase,3. Conceptual objects,medium
CLM_PDF007_Q05_005,PDF007,PDF007_Q05,Hirano_Stiglitz_2022a,"2, 7, 10",variables_parameters,land,,land speculation crowds out productive capital,,P_t,model_based_synthesis,"Rising land prices absorb a larger share of these savings, mechanically crowding out real capital accumulation.",land-credit crowding-out,validated_paraphrase,NotebookLM-backed paraphrase from completed note; verify exact wording before final quotation.,03_notes/questions/PDF007_Q05.md,C2,,"- Page(s): 2, 7, 10 - Key passage(s), paraphrased or short quote only: ""$k_{t+1} + P_t = s_t(w_t + e)$. Other things being equal, higher land prices reduce capital investment""; ""the presence of land may exacerbate instability. It can induce a large change in global dynamics, creating opportunities for the economy to fluctuate even when in the absence of land, there is a unique momentary equilibrium""; ""the range of $k_t$ for which there are multiple equilibria, is increased as $P_t$ rises. This implies an increased range of variability in economic activity.""",paraphrase,3. Conceptual objects,medium
CLM_PDF007_Q05_006,PDF007,PDF007_Q05,Hirano_Stiglitz_2022a,"2, 7, 10",variables_parameters,land,,land speculation crowds out productive capital,,P_t; k_{t+1}; r,model_based_synthesis,"Lower capital investment depresses wages and increases the interest rate, which forces land prices to rise even faster to satisfy capital arbitrage.",land-credit crowding-out,validated_paraphrase,NotebookLM-backed paraphrase from completed note; verify exact wording before final quotation.,03_notes/questions/PDF007_Q05.md,C2,,"- Page(s): 2, 7, 10 - Key passage(s), paraphrased or short quote only: ""$k_{t+1} + P_t = s_t(w_t + e)$. Other things being equal, higher land prices reduce capital investment""; ""the presence of land may exacerbate instability. It can induce a large change in global dynamics, creating opportunities for the economy to fluctuate even when in the absence of land, there is a unique momentary equilibrium""; ""the range of $k_t$ for which there are multiple equilibria, is increased as $P_t$ rises. This implies an increased range of variability in economic activity.""",paraphrase,3. Conceptual objects,medium
CLM_PDF007_Q05_007,PDF007,PDF007_Q05,Hirano_Stiglitz_2022a,"2, 7, 10",mechanism,land,,land changes R versus G and debt-rollover conditions,"This feedback loop expands the range of multiple momentary equilibria, causing the economy to endogenously transition between unsustainable, expectation-driven booms and crashes.",,model_based_synthesis,"This feedback loop expands the range of multiple momentary equilibria, causing the economy to endogenously transition between unsustainable, expectation-driven booms and crashes.",land-credit crowding-out,validated_paraphrase,NotebookLM-backed paraphrase from completed note; verify exact wording before final quotation.,03_notes/questions/PDF007_Q05.md,C2,,"- Page(s): 2, 7, 10 - Key passage(s), paraphrased or short quote only: ""$k_{t+1} + P_t = s_t(w_t + e)$. Other things being equal, higher land prices reduce capital investment""; ""the presence of land may exacerbate instability. It can induce a large change in global dynamics, creating opportunities for the economy to fluctuate even when in the absence of land, there is a unique momentary equilibrium""; ""the range of $k_t$ for which there are multiple equilibria, is increased as $P_t$ rises. This implies an increased range of variability in economic activity.""",paraphrase,1. Introduction,medium
CLM_PDF007_Q06_001,PDF007,PDF007_Q06,Hirano_Stiglitz_2022a,"41, 42, 43, 44",variables_parameters,land,,land speculation crowds out productive capital,,,policy_implication,"The paper demonstrates that while standard land and capital gains taxes can paradoxically increase macroeconomic volatility, targeted capital taxes/subsidies and credible full-commitment tax regimes can successfully eliminate wobbly dynamics, reduce capital crowding-out, and maximize social welfare.",wobbly dynamics and instability,validated_paraphrase,NotebookLM-backed paraphrase from completed note; verify exact wording before final quotation.,03_notes/questions/PDF007_Q06.md,C2,,"- Page(s): 41, 42, 43, 44 - Key passage(s), paraphrased or short quote only: - ""The land tax both increases savings and reduces 'crowding out' ... But ... a land tax may end up increasing the magnitude of the price fluctuations."" - ""Contrary to what was intended, the capital gains tax leads to faster increases in land prices.""",paraphrase,3. Conceptual objects,medium
CLM_PDF007_Q06_002,PDF007,PDF007_Q06,Hirano_Stiglitz_2022a,"41, 42, 43, 44",variables_parameters,land,,land changes R versus G and debt-rollover conditions,,,policy_implication,"Proposition 5: With credible commitment to a capital income tax and a wage tax, the government can achieve just full employment $k^f$ as the unique rational expectations equilibrium, and the equilibrium is dynamically efficient.",policy / taxation / regulation,validated_paraphrase,NotebookLM-backed paraphrase from completed note; verify exact wording before final quotation.,03_notes/questions/PDF007_Q06.md,C2,,"- Page(s): 41, 42, 43, 44 - Key passage(s), paraphrased or short quote only: - ""The land tax both increases savings and reduces 'crowding out' ... But ... a land tax may end up increasing the magnitude of the price fluctuations."" - ""Contrary to what was intended, the capital gains tax leads to faster increases in land prices.""",paraphrase,3. Conceptual objects,medium
CLM_PDF007_Q06_003,PDF007,PDF007_Q06,Hirano_Stiglitz_2022a,"41, 42, 43, 44",variables_parameters,land,,real-estate credit amplifies land-price inflation,,,policy_implication,"Evaluating these specific fiscal policy interventions for Latin American economies requires external verification, as the optimal tax mechanisms assume a closed economy with perfect institutional credibility, abstracting from the region's capital flight risks, foreign debt constraints, and dollarized real estate dynamics.",debt rollover / R versus G,validated_paraphrase,NotebookLM-backed paraphrase from completed note; verify exact wording before final quotation.,03_notes/questions/PDF007_Q06.md,C2,,"- Page(s): 41, 42, 43, 44 - Key passage(s), paraphrased or short quote only: - ""The land tax both increases savings and reduces 'crowding out' ... But ... a land tax may end up increasing the magnitude of the price fluctuations."" - ""Contrary to what was intended, the capital gains tax leads to faster increases in land prices.""",paraphrase,3. Conceptual objects,medium
CLM_PDF007_Q06_004,PDF007,PDF007_Q06,Hirano_Stiglitz_2022a,"41, 42, 43, 44",variables_parameters,land,,real-estate credit amplifies land-price inflation,,P_t; D_t/r_t,policy_implication,"Standard land or capital gains taxes reduce the fundamental dividend value of land, which paradoxically requires land prices to rise even faster during booms to satisfy the rational-expectations capital arbitrage equation, amplifying overall price volatility.",policy / taxation / regulation,validated_paraphrase,NotebookLM-backed paraphrase from completed note; verify exact wording before final quotation.,03_notes/questions/PDF007_Q06.md,C2,,"- Page(s): 41, 42, 43, 44 - Key passage(s), paraphrased or short quote only: - ""The land tax both increases savings and reduces 'crowding out' ... But ... a land tax may end up increasing the magnitude of the price fluctuations."" - ""Contrary to what was intended, the capital gains tax leads to faster increases in land prices.""",paraphrase,3. Conceptual objects,medium
CLM_PDF007_Q06_005,PDF007,PDF007_Q06,Hirano_Stiglitz_2022a,"41, 42, 43, 44",variables_parameters,land,,real-estate credit amplifies land-price inflation,,P_t,policy_implication,"Alternatively, imposing a capital tax during a capital shortage regime (using proceeds for transfers to the young) lowers the return to capital, which slows the rate of land price increases.",policy / taxation / regulation,validated_paraphrase,NotebookLM-backed paraphrase from completed note; verify exact wording before final quotation.,03_notes/questions/PDF007_Q06.md,C2,,"- Page(s): 41, 42, 43, 44 - Key passage(s), paraphrased or short quote only: - ""The land tax both increases savings and reduces 'crowding out' ... But ... a land tax may end up increasing the magnitude of the price fluctuations."" - ""Contrary to what was intended, the capital gains tax leads to faster increases in land prices.""",paraphrase,3. Conceptual objects,medium
CLM_PDF007_Q06_006,PDF007,PDF007_Q06,Hirano_Stiglitz_2022a,"41, 42, 43, 44",variables_parameters,land,,land speculation crowds out productive capital,,K_t,policy_implication,"This slower asset-price growth reduces the speculative crowding-out effect, allowing more domestic savings to flow into productive capital accumulation, raising output and aggregate consumption.",land-credit crowding-out,validated_paraphrase,NotebookLM-backed paraphrase from completed note; verify exact wording before final quotation.,03_notes/questions/PDF007_Q06.md,C2,,"- Page(s): 41, 42, 43, 44 - Key passage(s), paraphrased or short quote only: - ""The land tax both increases savings and reduces 'crowding out' ... But ... a land tax may end up increasing the magnitude of the price fluctuations."" - ""Contrary to what was intended, the capital gains tax leads to faster increases in land prices.""",paraphrase,3. Conceptual objects,medium
CLM_PDF007_Q06_007,PDF007,PDF007_Q06,Hirano_Stiglitz_2022a,"41, 42, 43, 44",variables_parameters,land,,land changes R versus G and debt-rollover conditions,,r,policy_implication,"Furthermore, if the government credibly commits to guaranteeing a specific full-employment interest rate via taxes, it collapses the multiplicity of equilibria into a single, dynamically efficient full-employment state.",policy / taxation / regulation,validated_paraphrase,NotebookLM-backed paraphrase from completed note; verify exact wording before final quotation.,03_notes/questions/PDF007_Q06.md,C2,,"- Page(s): 41, 42, 43, 44 - Key passage(s), paraphrased or short quote only: - ""The land tax both increases savings and reduces 'crowding out' ... But ... a land tax may end up increasing the magnitude of the price fluctuations."" - ""Contrary to what was intended, the capital gains tax leads to faster increases in land prices.""",paraphrase,10. Research agenda,medium
CLM_PDF007_Q07_001,PDF007,PDF007_Q07,Hirano_Stiglitz_2022a,"7, 9",theory_evidence,land,,land speculation crowds out productive capital,,K_t; r,model_based_synthesis,"The model's savings and capital arbitrage equations jointly demonstrate that land-price inflation mechanically crowds out productive capital formation, triggering a feedback loop of rising interest rates and accelerating asset prices that culminates in an endogenous crash.",land-credit crowding-out,validated_paraphrase,NotebookLM-backed paraphrase from completed note; verify exact wording before final quotation.,03_notes/questions/PDF007_Q07.md,C2,,"- Page(s): 7, 9 - Key passage(s), paraphrased or short quote only: ""$k_{t+1} + P_t = s_t(w_t + e)$. Other things being equal, higher land prices reduce capital investment. This is the obvious sense in which land holdings crowd out real capital accumulation""; ""Land crowds out productive capital, and that means that higher land prices lead to less capital accumulation. That, in turn, leads to higher interest rates, necessitating still faster increases in land prices""; ""$\frac{f_T(k_{t+1})}{P_t} + \frac{P_{t+1}}{P_t} = f_k(k_{t+1}) + 1 - \delta = 1 + r_{t+1}$"".",paraphrase,3. Conceptual objects,medium
CLM_PDF007_Q07_002,PDF007,PDF007_Q07,Hirano_Stiglitz_2022a,"7, 9",variables_parameters,land,,land changes R versus G and debt-rollover conditions,,,model_based_synthesis,"The savings/capital accumulation equation (2), $k{t+1} + Pt = st(wt + e)$, and the capital arbitrage equation (1), $\frac{fT(k{t+1})}{Pt} + \frac{P{t+1}}{Pt} = 1 + r{t+1}$.",land-credit crowding-out,validated_paraphrase,NotebookLM-backed paraphrase from completed note; verify exact wording before final quotation.,03_notes/questions/PDF007_Q07.md,C2,,"- Page(s): 7, 9 - Key passage(s), paraphrased or short quote only: ""$k_{t+1} + P_t = s_t(w_t + e)$. Other things being equal, higher land prices reduce capital investment. This is the obvious sense in which land holdings crowd out real capital accumulation""; ""Land crowds out productive capital, and that means that higher land prices lead to less capital accumulation. That, in turn, leads to higher interest rates, necessitating still faster increases in land prices""; ""$\frac{f_T(k_{t+1})}{P_t} + \frac{P_{t+1}}{P_t} = f_k(k_{t+1}) + 1 - \delta = 1 + r_{t+1}$"".",paraphrase,3. Conceptual objects,medium
CLM_PDF007_Q07_003,PDF007,PDF007_Q07,Hirano_Stiglitz_2022a,"7, 9",theory_evidence,land,,land changes R versus G and debt-rollover conditions,,,critical_interpretation,"Applying these mechanisms to Latin American economies requires external verification, as the model assumes a closed economy where land booms are fueled strictly by domestic life-cycle savings, abstracting from the region's exposure to external debt and foreign capital inflows.",debt rollover / R versus G,validated_paraphrase,NotebookLM-backed paraphrase from completed note; verify exact wording before final quotation.,03_notes/questions/PDF007_Q07.md,C2,,"- Page(s): 7, 9 - Key passage(s), paraphrased or short quote only: ""$k_{t+1} + P_t = s_t(w_t + e)$. Other things being equal, higher land prices reduce capital investment. This is the obvious sense in which land holdings crowd out real capital accumulation""; ""Land crowds out productive capital, and that means that higher land prices lead to less capital accumulation. That, in turn, leads to higher interest rates, necessitating still faster increases in land prices""; ""$\frac{f_T(k_{t+1})}{P_t} + \frac{P_{t+1}}{P_t} = f_k(k_{t+1}) + 1 - \delta = 1 + r_{t+1}$"".",paraphrase,3. Conceptual objects,medium
CLM_PDF007_Q07_004,PDF007,PDF007_Q07,Hirano_Stiglitz_2022a,"7, 9",mechanism,land,,land speculation crowds out productive capital,Young agents allocate finite life-cycle savings between productive capital and land.,K_t,model_based_synthesis,Young agents allocate finite life-cycle savings between productive capital and land.,land-credit crowding-out,validated_paraphrase,NotebookLM-backed paraphrase from completed note; verify exact wording before final quotation.,03_notes/questions/PDF007_Q07.md,C2,,"- Page(s): 7, 9 - Key passage(s), paraphrased or short quote only: ""$k_{t+1} + P_t = s_t(w_t + e)$. Other things being equal, higher land prices reduce capital investment. This is the obvious sense in which land holdings crowd out real capital accumulation""; ""Land crowds out productive capital, and that means that higher land prices lead to less capital accumulation. That, in turn, leads to higher interest rates, necessitating still faster increases in land prices""; ""$\frac{f_T(k_{t+1})}{P_t} + \frac{P_{t+1}}{P_t} = f_k(k_{t+1}) + 1 - \delta = 1 + r_{t+1}$"".",paraphrase,3. Conceptual objects,medium
CLM_PDF007_Q07_005,PDF007,PDF007_Q07,Hirano_Stiglitz_2022a,"7, 9",variables_parameters,land,,land speculation crowds out productive capital,,P_t,model_based_synthesis,"As land prices inflate, they absorb a larger share of savings, directly crowding out capital formation.",land-credit crowding-out,validated_paraphrase,NotebookLM-backed paraphrase from completed note; verify exact wording before final quotation.,03_notes/questions/PDF007_Q07.md,C2,,"- Page(s): 7, 9 - Key passage(s), paraphrased or short quote only: ""$k_{t+1} + P_t = s_t(w_t + e)$. Other things being equal, higher land prices reduce capital investment. This is the obvious sense in which land holdings crowd out real capital accumulation""; ""Land crowds out productive capital, and that means that higher land prices lead to less capital accumulation. That, in turn, leads to higher interest rates, necessitating still faster increases in land prices""; ""$\frac{f_T(k_{t+1})}{P_t} + \frac{P_{t+1}}{P_t} = f_k(k_{t+1}) + 1 - \delta = 1 + r_{t+1}$"".",paraphrase,3. Conceptual objects,medium
CLM_PDF007_Q07_006,PDF007,PDF007_Q07,Hirano_Stiglitz_2022a,"7, 9",mechanism,land,,land changes R versus G and debt-rollover conditions,Reduced capital formation lowers aggregate wages and raises the marginal return on capital (the interest rate).,r,model_based_synthesis,Reduced capital formation lowers aggregate wages and raises the marginal return on capital (the interest rate).,land-credit crowding-out,validated_paraphrase,NotebookLM-backed paraphrase from completed note; verify exact wording before final quotation.,03_notes/questions/PDF007_Q07.md,C2,,"- Page(s): 7, 9 - Key passage(s), paraphrased or short quote only: ""$k_{t+1} + P_t = s_t(w_t + e)$. Other things being equal, higher land prices reduce capital investment. This is the obvious sense in which land holdings crowd out real capital accumulation""; ""Land crowds out productive capital, and that means that higher land prices lead to less capital accumulation. That, in turn, leads to higher interest rates, necessitating still faster increases in land prices""; ""$\frac{f_T(k_{t+1})}{P_t} + \frac{P_{t+1}}{P_t} = f_k(k_{t+1}) + 1 - \delta = 1 + r_{t+1}$"".",paraphrase,3. Conceptual objects,medium
CLM_PDF007_Q07_007,PDF007,PDF007_Q07,Hirano_Stiglitz_2022a,"7, 9",variables_parameters,land,,land speculation crowds out productive capital,,P_t; r,model_based_synthesis,"To satisfy capital arbitrage, the higher interest rate forces land prices to inflate even faster, accelerating the crowding-out cycle until the market endogenously crashes.",land-credit crowding-out,validated_paraphrase,NotebookLM-backed paraphrase from completed note; verify exact wording before final quotation.,03_notes/questions/PDF007_Q07.md,C2,,"- Page(s): 7, 9 - Key passage(s), paraphrased or short quote only: ""$k_{t+1} + P_t = s_t(w_t + e)$. Other things being equal, higher land prices reduce capital investment. This is the obvious sense in which land holdings crowd out real capital accumulation""; ""Land crowds out productive capital, and that means that higher land prices lead to less capital accumulation. That, in turn, leads to higher interest rates, necessitating still faster increases in land prices""; ""$\frac{f_T(k_{t+1})}{P_t} + \frac{P_{t+1}}{P_t} = f_k(k_{t+1}) + 1 - \delta = 1 + r_{t+1}$"".",paraphrase,3. Conceptual objects,medium
CLM_PDF008_Q01_001,PDF008,PDF008_Q01,Hirano_Jinnai_Toda_2024,"2, 3, 9",variables_parameters,land,,land speculation crowds out productive capital,,P_t; D_t/r_t; k_{t+1}; leverage parameter; W,model_based_synthesis,"The model features a powerful financial accelerator where rising land prices increase aggregate wealth, fueling greater capital investment that recursively drives up land rents and asset demand, ultimately triggering unbalanced endogenous growth and land bubbles when leverage is sufficiently high.",land overvaluation theorem,validated_paraphrase,NotebookLM-backed paraphrase from completed note; verify exact wording before final quotation.,03_notes/questions/PDF008_Q01.md,C4,,"- Page(s): 2, 3, 9 - Key passage(s), paraphrased or short quote only: - ""Capital investment and land price reinforce each other, with endogenous changes in land rents, generating a positive feedback loop: when the land price goes up, aggregate wealth increases, leading to large investments, which in turn increase land rents, future wealth, and the demand for land."" - ""an increase in the land price $P_t$ raises the current aggregate wealth $W_t$ by (3.3). But an increase in $W_t$ raises the next period's aggregate capital $K_{t+1}$ and wealth $W_{t+1}$ through investment and production: see (3.4). Finally, this increased wealth feeds back into the land price through the demand for savings: see (3.5).""",paraphrase,3. Conceptual objects,medium
CLM_PDF008_Q01_002,PDF008,PDF008_Q01,Hirano_Jinnai_Toda_2024,"2, 3, 9",variables_parameters,land,,land speculation crowds out productive capital,,P_t; k_{t+1}; W,model_based_synthesis,"The aggregate wealth equation $Wt = F(Kt, 1) + Pt$ (3.3), the capital investment equation $K{t+1} = \beta\lambda Wt \int{\overline{z}t}^{\infty} z d\Phi(z)$ (3.4), and the land price equation $Pt = \beta Wt (\lambda\Phi(\overline{z}t) + 1 - \lambda)$ (3.5).",land-credit crowding-out,validated_paraphrase,NotebookLM-backed paraphrase from completed note; verify exact wording before final quotation.,03_notes/questions/PDF008_Q01.md,C4,,"- Page(s): 2, 3, 9 - Key passage(s), paraphrased or short quote only: - ""Capital investment and land price reinforce each other, with endogenous changes in land rents, generating a positive feedback loop: when the land price goes up, aggregate wealth increases, leading to large investments, which in turn increase land rents, future wealth, and the demand for land."" - ""an increase in the land price $P_t$ raises the current aggregate wealth $W_t$ by (3.3). But an increase in $W_t$ raises the next period's aggregate capital $K_{t+1}$ and wealth $W_{t+1}$ through investment and production: see (3.4). Finally, this increased wealth feeds back into the land price through the demand for savings: see (3.5).""",paraphrase,3. Conceptual objects,medium
CLM_PDF008_Q01_003,PDF008,PDF008_Q01,Hirano_Jinnai_Toda_2024,"2, 3, 9",variables_parameters,land,,real-estate credit amplifies land-price inflation,,leverage parameter; W,critical_interpretation,"Evaluating this positive feedback loop for Latin America requires external verification, as the model's financial accelerator relies on uniformly distributed leverage limits and domestic wealth accumulation, abstracting from the region's exposure to volatile foreign capital inflows, dollarized real estate markets, and structural inequalities in land ownership.",land-credit crowding-out,validated_paraphrase,NotebookLM-backed paraphrase from completed note; verify exact wording before final quotation.,03_notes/questions/PDF008_Q01.md,C4,,"- Page(s): 2, 3, 9 - Key passage(s), paraphrased or short quote only: - ""Capital investment and land price reinforce each other, with endogenous changes in land rents, generating a positive feedback loop: when the land price goes up, aggregate wealth increases, leading to large investments, which in turn increase land rents, future wealth, and the demand for land."" - ""an increase in the land price $P_t$ raises the current aggregate wealth $W_t$ by (3.3). But an increase in $W_t$ raises the next period's aggregate capital $K_{t+1}$ and wealth $W_{t+1}$ through investment and production: see (3.4). Finally, this increased wealth feeds back into the land price through the demand for savings: see (3.5).""",paraphrase,3. Conceptual objects,medium
CLM_PDF008_Q01_004,PDF008,PDF008_Q01,Hirano_Jinnai_Toda_2024,"2, 3, 9",mechanism,land,,real-estate credit amplifies land-price inflation,An increase in the current land price directly raises current aggregate wealth.,P_t; D_t/r_t; W,model_based_synthesis,An increase in the current land price directly raises current aggregate wealth.,land-credit crowding-out,validated_paraphrase,NotebookLM-backed paraphrase from completed note; verify exact wording before final quotation.,03_notes/questions/PDF008_Q01.md,C4,,"- Page(s): 2, 3, 9 - Key passage(s), paraphrased or short quote only: - ""Capital investment and land price reinforce each other, with endogenous changes in land rents, generating a positive feedback loop: when the land price goes up, aggregate wealth increases, leading to large investments, which in turn increase land rents, future wealth, and the demand for land."" - ""an increase in the land price $P_t$ raises the current aggregate wealth $W_t$ by (3.3). But an increase in $W_t$ raises the next period's aggregate capital $K_{t+1}$ and wealth $W_{t+1}$ through investment and production: see (3.4). Finally, this increased wealth feeds back into the land price through the demand for savings: see (3.5).""",paraphrase,3. Conceptual objects,medium
CLM_PDF008_Q01_005,PDF008,PDF008_Q01,Hirano_Jinnai_Toda_2024,"2, 3, 9",variables_parameters,land,,land speculation crowds out productive capital,,k_{t+1}; leverage parameter; W,model_based_synthesis,"Higher aggregate wealth expands the net worth (equity) of productive agents, allowing them to leverage up and significantly increase capital investment.",land-credit crowding-out,validated_paraphrase,NotebookLM-backed paraphrase from completed note; verify exact wording before final quotation.,03_notes/questions/PDF008_Q01.md,C4,,"- Page(s): 2, 3, 9 - Key passage(s), paraphrased or short quote only: - ""Capital investment and land price reinforce each other, with endogenous changes in land rents, generating a positive feedback loop: when the land price goes up, aggregate wealth increases, leading to large investments, which in turn increase land rents, future wealth, and the demand for land."" - ""an increase in the land price $P_t$ raises the current aggregate wealth $W_t$ by (3.3). But an increase in $W_t$ raises the next period's aggregate capital $K_{t+1}$ and wealth $W_{t+1}$ through investment and production: see (3.4). Finally, this increased wealth feeds back into the land price through the demand for savings: see (3.5).""",paraphrase,3. Conceptual objects,medium
CLM_PDF008_Q01_006,PDF008,PDF008_Q01,Hirano_Jinnai_Toda_2024,"2, 3, 9",variables_parameters,land,,land speculation crowds out productive capital,,D_t/r_t; k_{t+1}; W,model_based_synthesis,"This elevated investment generates greater future capital, which raises both future overall wealth and land rents (the marginal product of land).",land-credit crowding-out,validated_paraphrase,NotebookLM-backed paraphrase from completed note; verify exact wording before final quotation.,03_notes/questions/PDF008_Q01.md,C4,,"- Page(s): 2, 3, 9 - Key passage(s), paraphrased or short quote only: - ""Capital investment and land price reinforce each other, with endogenous changes in land rents, generating a positive feedback loop: when the land price goes up, aggregate wealth increases, leading to large investments, which in turn increase land rents, future wealth, and the demand for land."" - ""an increase in the land price $P_t$ raises the current aggregate wealth $W_t$ by (3.3). But an increase in $W_t$ raises the next period's aggregate capital $K_{t+1}$ and wealth $W_{t+1}$ through investment and production: see (3.4). Finally, this increased wealth feeds back into the land price through the demand for savings: see (3.5).""",paraphrase,3. Conceptual objects,medium
CLM_PDF008_Q01_007,PDF008,PDF008_Q01,Hirano_Jinnai_Toda_2024,"2, 3, 9",variables_parameters,land,,real-estate credit amplifies land-price inflation,,P_t; D_t/r_t; W,model_based_synthesis,"The resulting increase in future wealth and rents feeds back into even higher demand for land as a store of value, driving the current land price up further.",land-credit crowding-out,validated_paraphrase,NotebookLM-backed paraphrase from completed note; verify exact wording before final quotation.,03_notes/questions/PDF008_Q01.md,C4,,"- Page(s): 2, 3, 9 - Key passage(s), paraphrased or short quote only: - ""Capital investment and land price reinforce each other, with endogenous changes in land rents, generating a positive feedback loop: when the land price goes up, aggregate wealth increases, leading to large investments, which in turn increase land rents, future wealth, and the demand for land."" - ""an increase in the land price $P_t$ raises the current aggregate wealth $W_t$ by (3.3). But an increase in $W_t$ raises the next period's aggregate capital $K_{t+1}$ and wealth $W_{t+1}$ through investment and production: see (3.4). Finally, this increased wealth feeds back into the land price through the demand for savings: see (3.5).""",paraphrase,3. Conceptual objects,medium
CLM_PDF008_Q02_001,PDF008,PDF008_Q02,Hirano_Jinnai_Toda_2024,"11, 14",variables_parameters,land,,leverage creates land-bubble phase transition,,leverage parameter,model_based_synthesis,"The leverage threshold $\overline{\lambda}$ marks the critical tipping point where the financial accelerator becomes strong enough to permanently shift the economy from a stationary, fundamental-value regime to a nonstationary, unbalanced-growth regime characterized by rational land bubbles.",land overvaluation theorem,validated_paraphrase,NotebookLM-backed paraphrase from completed note; verify exact wording before final quotation.,03_notes/questions/PDF008_Q02.md,C4,,"- Page(s): 11, 14 - Key passage(s), paraphrased or short quote only: ""We obtain the leverage threshold for determining growth ($G>1$) or no growth ($G=1$) by setting $G=1$ in (3.10) and solving for $\lambda$: $\overline{\lambda} := \frac{1-\beta}{\beta}\frac{1}{\int_{1/m}^{\infty}(mz-1)d\Phi(z)}$""; ""If $\lambda < \overline{\lambda}$, in any equilibrium converging to the steady state, we have $P_t = V_t$ for all t. The economy exhibits balanced growth... If $\lambda > \overline{\lambda}$, in the equilibrium in Proposition 3, we have $P_t > V_t$ for all t. The economy exhibits unbalanced growth and the price-rent ratio diverges to $\infty$.""",paraphrase,5. Mechanism II,medium
CLM_PDF008_Q02_002,PDF008,PDF008_Q02,Hirano_Jinnai_Toda_2024,"11, 14",variables_parameters,land,,leverage creates land-bubble phase transition,,,formal_model_result,Equation (3.11) defining the threshold: $\overline{\lambda} := \frac{1-\beta}{\beta}\frac{1}{\int{1/m}^{\infty}(mz-1)d\Phi(z)}$; and Theorem 1 (Land Bubble Characterization).,land-credit crowding-out,validated_paraphrase,NotebookLM-backed paraphrase from completed note; verify exact wording before final quotation.,03_notes/questions/PDF008_Q02.md,C4,,"- Page(s): 11, 14 - Key passage(s), paraphrased or short quote only: ""We obtain the leverage threshold for determining growth ($G>1$) or no growth ($G=1$) by setting $G=1$ in (3.10) and solving for $\lambda$: $\overline{\lambda} := \frac{1-\beta}{\beta}\frac{1}{\int_{1/m}^{\infty}(mz-1)d\Phi(z)}$""; ""If $\lambda < \overline{\lambda}$, in any equilibrium converging to the steady state, we have $P_t = V_t$ for all t. The economy exhibits balanced growth... If $\lambda > \overline{\lambda}$, in the equilibrium in Proposition 3, we have $P_t > V_t$ for all t. The economy exhibits unbalanced growth and the price-rent ratio diverges to $\infty$.""",paraphrase,1. Introduction,medium
CLM_PDF008_Q02_003,PDF008,PDF008_Q02,Hirano_Jinnai_Toda_2024,"11, 14",mechanism,land,,real-estate credit amplifies land-price inflation,"Applying this precise leverage threshold to Latin American economies requires external verification, as the threshold is strictly derived assuming domestic wealth accumulation in a single-currency environment, abstracting from the region's historical reliance on external sovereign debt, volatile foreign capital inflows, and dollarized real estate markets.",leverage parameter; W,critical_interpretation,"Applying this precise leverage threshold to Latin American economies requires external verification, as the threshold is strictly derived assuming domestic wealth accumulation in a single-currency environment, abstracting from the region's historical reliance on external sovereign debt, volatile foreign capital inflows, and dollarized real estate markets.",land-credit crowding-out,validated_paraphrase,NotebookLM-backed paraphrase from completed note; verify exact wording before final quotation.,03_notes/questions/PDF008_Q02.md,C4,,"- Page(s): 11, 14 - Key passage(s), paraphrased or short quote only: ""We obtain the leverage threshold for determining growth ($G>1$) or no growth ($G=1$) by setting $G=1$ in (3.10) and solving for $\lambda$: $\overline{\lambda} := \frac{1-\beta}{\beta}\frac{1}{\int_{1/m}^{\infty}(mz-1)d\Phi(z)}$""; ""If $\lambda < \overline{\lambda}$, in any equilibrium converging to the steady state, we have $P_t = V_t$ for all t. The economy exhibits balanced growth... If $\lambda > \overline{\lambda}$, in the equilibrium in Proposition 3, we have $P_t > V_t$ for all t. The economy exhibits unbalanced growth and the price-rent ratio diverges to $\infty$.""",paraphrase,3. Conceptual objects,medium
CLM_PDF008_Q02_004,PDF008,PDF008_Q02,Hirano_Jinnai_Toda_2024,"11, 14",mechanism,land,,real-estate credit amplifies land-price inflation,"Below the leverage threshold, productive agents cannot borrow enough to continuously expand aggregate capital, leading the economy to settle into a balanced-growth steady state where land prices equal the present value of rents.",P_t; D_t/r_t; leverage parameter,model_based_synthesis,"Below the leverage threshold, productive agents cannot borrow enough to continuously expand aggregate capital, leading the economy to settle into a balanced-growth steady state where land prices equal the present value of rents.",land-credit crowding-out,validated_paraphrase,NotebookLM-backed paraphrase from completed note; verify exact wording before final quotation.,03_notes/questions/PDF008_Q02.md,C4,,"- Page(s): 11, 14 - Key passage(s), paraphrased or short quote only: ""We obtain the leverage threshold for determining growth ($G>1$) or no growth ($G=1$) by setting $G=1$ in (3.10) and solving for $\lambda$: $\overline{\lambda} := \frac{1-\beta}{\beta}\frac{1}{\int_{1/m}^{\infty}(mz-1)d\Phi(z)}$""; ""If $\lambda < \overline{\lambda}$, in any equilibrium converging to the steady state, we have $P_t = V_t$ for all t. The economy exhibits balanced growth... If $\lambda > \overline{\lambda}$, in the equilibrium in Proposition 3, we have $P_t > V_t$ for all t. The economy exhibits unbalanced growth and the price-rent ratio diverges to $\infty$.""",paraphrase,3. Conceptual objects,medium
CLM_PDF008_Q02_005,PDF008,PDF008_Q02,Hirano_Jinnai_Toda_2024,"11, 14",variables_parameters,land,,leverage creates land-bubble phase transition,,leverage parameter,model_based_synthesis,"As leverage is relaxed beyond the critical value $\overline{\lambda}$, productive entrepreneurs can borrow sufficiently against their equity to trigger a powerful financial accelerator.",land-credit crowding-out,validated_paraphrase,NotebookLM-backed paraphrase from completed note; verify exact wording before final quotation.,03_notes/questions/PDF008_Q02.md,C4,,"- Page(s): 11, 14 - Key passage(s), paraphrased or short quote only: ""We obtain the leverage threshold for determining growth ($G>1$) or no growth ($G=1$) by setting $G=1$ in (3.10) and solving for $\lambda$: $\overline{\lambda} := \frac{1-\beta}{\beta}\frac{1}{\int_{1/m}^{\infty}(mz-1)d\Phi(z)}$""; ""If $\lambda < \overline{\lambda}$, in any equilibrium converging to the steady state, we have $P_t = V_t$ for all t. The economy exhibits balanced growth... If $\lambda > \overline{\lambda}$, in the equilibrium in Proposition 3, we have $P_t > V_t$ for all t. The economy exhibits unbalanced growth and the price-rent ratio diverges to $\infty$.""",paraphrase,5. Mechanism II,medium
CLM_PDF008_Q02_006,PDF008,PDF008_Q02,Hirano_Jinnai_Toda_2024,"11, 14",variables_parameters,land,,land changes R versus G and debt-rollover conditions,,W,model_based_synthesis,"This accelerator forcefully drives capital accumulation and aggregate wealth upwards, breaking the economy's balanced-growth property.",land-credit crowding-out,validated_paraphrase,NotebookLM-backed paraphrase from completed note; verify exact wording before final quotation.,03_notes/questions/PDF008_Q02.md,C4,,"- Page(s): 11, 14 - Key passage(s), paraphrased or short quote only: ""We obtain the leverage threshold for determining growth ($G>1$) or no growth ($G=1$) by setting $G=1$ in (3.10) and solving for $\lambda$: $\overline{\lambda} := \frac{1-\beta}{\beta}\frac{1}{\int_{1/m}^{\infty}(mz-1)d\Phi(z)}$""; ""If $\lambda < \overline{\lambda}$, in any equilibrium converging to the steady state, we have $P_t = V_t$ for all t. The economy exhibits balanced growth... If $\lambda > \overline{\lambda}$, in the equilibrium in Proposition 3, we have $P_t > V_t$ for all t. The economy exhibits unbalanced growth and the price-rent ratio diverges to $\infty$.""",paraphrase,3. Conceptual objects,medium
CLM_PDF008_Q02_007,PDF008,PDF008_Q02,Hirano_Jinnai_Toda_2024,"11, 14",variables_parameters,land,,real-estate credit amplifies land-price inflation,,P_t; D_t/r_t; productivity growth,critical_interpretation,"Consequently, the economy takes off into endogenous unbalanced growth where the surging demand for land as a store of value forces land prices to grow exponentially faster than land rents, inflating a permanent, rational bubble.",land overvaluation theorem,validated_paraphrase,NotebookLM-backed paraphrase from completed note; verify exact wording before final quotation.,03_notes/questions/PDF008_Q02.md,C4,,"- Page(s): 11, 14 - Key passage(s), paraphrased or short quote only: ""We obtain the leverage threshold for determining growth ($G>1$) or no growth ($G=1$) by setting $G=1$ in (3.10) and solving for $\lambda$: $\overline{\lambda} := \frac{1-\beta}{\beta}\frac{1}{\int_{1/m}^{\infty}(mz-1)d\Phi(z)}$""; ""If $\lambda < \overline{\lambda}$, in any equilibrium converging to the steady state, we have $P_t = V_t$ for all t. The economy exhibits balanced growth... If $\lambda > \overline{\lambda}$, in the equilibrium in Proposition 3, we have $P_t > V_t$ for all t. The economy exhibits unbalanced growth and the price-rent ratio diverges to $\infty$.""",paraphrase,6. Mechanism III,medium
CLM_PDF008_Q03_001,PDF008,PDF008_Q03,Hirano_Jinnai_Toda_2024,"3, 4",variables_parameters,land,,real-estate credit amplifies land-price inflation,,P_t; D_t/r_t; leverage parameter; productivity growth,model_based_synthesis,"A phase transition to unbalanced bubbly growth occurs when financial leverage exceeds a critical threshold, strengthening the financial accelerator enough to permanently shift the economy from stationary balanced growth into endogenous unbalanced growth where land prices exponentially outpace rents.",land overvaluation theorem,validated_paraphrase,NotebookLM-backed paraphrase from completed note; verify exact wording before final quotation.,03_notes/questions/PDF008_Q03.md,C4,,"- Page(s): 3, 4 - Key passage(s), paraphrased or short quote only: ""when leverage exceeds the critical value, the positive feedback loop between capital investment and land price becomes so strong that the macro-economy suddenly loses its balanced growth property and the economy takes off to endogenous growth"" [1]; ""While land prices grow at the same rate as the economy driven by the demand for land as a store of value, land rents grow at a slower rate... This unbalanced growth causes the price-rent ratio to rise without bound... and leads to a land price bubble"" [1]; ""our Theorem implies that as the leverage is relaxed beyond the critical value, the dynamics of macroeconomic variables... changes abruptly and qualitatively, which we refer to as a phase transition"" [2].",paraphrase,5. Mechanism II,medium
CLM_PDF008_Q03_002,PDF008,PDF008_Q03,Hirano_Jinnai_Toda_2024,"3, 4",variables_parameters,land,,leverage creates land-bubble phase transition,,leverage parameter,formal_model_result,"Theorem 1 (Land Bubble Characterization), which formally establishes the phase transition at the leverage threshold $\overline{\lambda} := \frac{1-\beta}{\beta}\frac{1}{\int{1/m}^{\infty}(mz-1)d\Phi(z)}$.",land-credit crowding-out,validated_paraphrase,NotebookLM-backed paraphrase from completed note; verify exact wording before final quotation.,03_notes/questions/PDF008_Q03.md,C4,,"- Page(s): 3, 4 - Key passage(s), paraphrased or short quote only: ""when leverage exceeds the critical value, the positive feedback loop between capital investment and land price becomes so strong that the macro-economy suddenly loses its balanced growth property and the economy takes off to endogenous growth"" [1]; ""While land prices grow at the same rate as the economy driven by the demand for land as a store of value, land rents grow at a slower rate... This unbalanced growth causes the price-rent ratio to rise without bound... and leads to a land price bubble"" [1]; ""our Theorem implies that as the leverage is relaxed beyond the critical value, the dynamics of macroeconomic variables... changes abruptly and qualitatively, which we refer to as a phase transition"" [2].",paraphrase,5. Mechanism II,medium
CLM_PDF008_Q03_003,PDF008,PDF008_Q03,Hirano_Jinnai_Toda_2024,"3, 4",variables_parameters,land,,leverage creates land-bubble phase transition,,leverage parameter; W,critical_interpretation,"Assessing this exact phase-transition mechanism in Latin American economies requires external verification, as the model's financial accelerator operates through uniform domestic leverage and wealth accumulation, abstracting from the region's reliance on foreign capital inflows, dollarized asset markets, and structural external debt constraints.",land-credit crowding-out,validated_paraphrase,NotebookLM-backed paraphrase from completed note; verify exact wording before final quotation.,03_notes/questions/PDF008_Q03.md,C4,,"- Page(s): 3, 4 - Key passage(s), paraphrased or short quote only: ""when leverage exceeds the critical value, the positive feedback loop between capital investment and land price becomes so strong that the macro-economy suddenly loses its balanced growth property and the economy takes off to endogenous growth"" [1]; ""While land prices grow at the same rate as the economy driven by the demand for land as a store of value, land rents grow at a slower rate... This unbalanced growth causes the price-rent ratio to rise without bound... and leads to a land price bubble"" [1]; ""our Theorem implies that as the leverage is relaxed beyond the critical value, the dynamics of macroeconomic variables... changes abruptly and qualitatively, which we refer to as a phase transition"" [2].",paraphrase,3. Conceptual objects,medium
CLM_PDF008_Q03_004,PDF008,PDF008_Q03,Hirano_Jinnai_Toda_2024,"3, 4",variables_parameters,land,,real-estate credit amplifies land-price inflation,,P_t; D_t/r_t; leverage parameter,model_based_synthesis,"Below the critical leverage threshold, the economy converges to a balanced-growth steady state where land prices and rents grow at the same rate.",land-credit crowding-out,validated_paraphrase,NotebookLM-backed paraphrase from completed note; verify exact wording before final quotation.,03_notes/questions/PDF008_Q03.md,C4,,"- Page(s): 3, 4 - Key passage(s), paraphrased or short quote only: ""when leverage exceeds the critical value, the positive feedback loop between capital investment and land price becomes so strong that the macro-economy suddenly loses its balanced growth property and the economy takes off to endogenous growth"" [1]; ""While land prices grow at the same rate as the economy driven by the demand for land as a store of value, land rents grow at a slower rate... This unbalanced growth causes the price-rent ratio to rise without bound... and leads to a land price bubble"" [1]; ""our Theorem implies that as the leverage is relaxed beyond the critical value, the dynamics of macroeconomic variables... changes abruptly and qualitatively, which we refer to as a phase transition"" [2].",paraphrase,5. Mechanism II,medium
CLM_PDF008_Q03_005,PDF008,PDF008_Q03,Hirano_Jinnai_Toda_2024,"3, 4",variables_parameters,land,,land speculation crowds out productive capital,,k_{t+1}; leverage parameter; W,model_based_synthesis,"When leverage exceeds the critical value, the positive feedback loop between capital investment and land wealth strengthens sufficiently to trigger endogenous economic growth.",land-credit crowding-out,validated_paraphrase,NotebookLM-backed paraphrase from completed note; verify exact wording before final quotation.,03_notes/questions/PDF008_Q03.md,C4,,"- Page(s): 3, 4 - Key passage(s), paraphrased or short quote only: ""when leverage exceeds the critical value, the positive feedback loop between capital investment and land price becomes so strong that the macro-economy suddenly loses its balanced growth property and the economy takes off to endogenous growth"" [1]; ""While land prices grow at the same rate as the economy driven by the demand for land as a store of value, land rents grow at a slower rate... This unbalanced growth causes the price-rent ratio to rise without bound... and leads to a land price bubble"" [1]; ""our Theorem implies that as the leverage is relaxed beyond the critical value, the dynamics of macroeconomic variables... changes abruptly and qualitatively, which we refer to as a phase transition"" [2].",paraphrase,3. Conceptual objects,medium
CLM_PDF008_Q03_006,PDF008,PDF008_Q03,Hirano_Jinnai_Toda_2024,"3, 4",variables_parameters,land,,land changes R versus G and debt-rollover conditions,,W,model_based_synthesis,"Aggregate capital and overall wealth begin to grow rapidly, fueling sustained demand for land as a store of value.",land-credit crowding-out,validated_paraphrase,NotebookLM-backed paraphrase from completed note; verify exact wording before final quotation.,03_notes/questions/PDF008_Q03.md,C4,,"- Page(s): 3, 4 - Key passage(s), paraphrased or short quote only: ""when leverage exceeds the critical value, the positive feedback loop between capital investment and land price becomes so strong that the macro-economy suddenly loses its balanced growth property and the economy takes off to endogenous growth"" [1]; ""While land prices grow at the same rate as the economy driven by the demand for land as a store of value, land rents grow at a slower rate... This unbalanced growth causes the price-rent ratio to rise without bound... and leads to a land price bubble"" [1]; ""our Theorem implies that as the leverage is relaxed beyond the critical value, the dynamics of macroeconomic variables... changes abruptly and qualitatively, which we refer to as a phase transition"" [2].",paraphrase,3. Conceptual objects,medium
CLM_PDF008_Q03_007,PDF008,PDF008_Q03,Hirano_Jinnai_Toda_2024,"3, 4",variables_parameters,land,,real-estate credit amplifies land-price inflation,,P_t; D_t/r_t,model_based_synthesis,"Consequently, land prices grow strictly faster than the marginal product of land (rents), generating an explosive, non-stationary price-rent ratio and a permanent rational land bubble.",land-credit crowding-out,validated_paraphrase,NotebookLM-backed paraphrase from completed note; verify exact wording before final quotation.,03_notes/questions/PDF008_Q03.md,C4,,"- Page(s): 3, 4 - Key passage(s), paraphrased or short quote only: ""when leverage exceeds the critical value, the positive feedback loop between capital investment and land price becomes so strong that the macro-economy suddenly loses its balanced growth property and the economy takes off to endogenous growth"" [1]; ""While land prices grow at the same rate as the economy driven by the demand for land as a store of value, land rents grow at a slower rate... This unbalanced growth causes the price-rent ratio to rise without bound... and leads to a land price bubble"" [1]; ""our Theorem implies that as the leverage is relaxed beyond the critical value, the dynamics of macroeconomic variables... changes abruptly and qualitatively, which we refer to as a phase transition"" [2].",paraphrase,1. Introduction,medium
CLM_PDF008_Q04_001,PDF008,PDF008_Q04,Hirano_Jinnai_Toda_2024,"17, 18, 19",variables_parameters,land,,leverage creates land-bubble phase transition,,leverage parameter; productivity growth,model_based_synthesis,"Productivity improvements mathematically lower the critical leverage threshold required for endogenous growth, meaning that during periods of technological innovation, even moderate financial loosening can trigger a rational land bubble.",land-credit crowding-out,validated_paraphrase,NotebookLM-backed paraphrase from completed note; verify exact wording before final quotation.,03_notes/questions/PDF008_Q04.md,C4,,"- Page(s): 17, 18, 19 - Key passage(s), paraphrased or short quote only: ""Proposition 4 implies that... higher productivity all decrease the leverage threshold for generating bubbles and hence make bubbles more likely to emerge. Intuitively, these changes strengthen the positive feedback loop between capital investment and land prices""; ""the fact that the leverage threshold decreases as the overall productivity of the economy increases (in the sense of first order stochastic dominance) implies that technological innovations and asset price bubbles are closely linked""; ""suppose that financial condition (leverage) gets loose or the productivity of the economy rises so that the economy enters the bubbly regime.""",paraphrase,5. Mechanism II,medium
CLM_PDF008_Q04_002,PDF008,PDF008_Q04,Hirano_Jinnai_Toda_2024,"17, 18, 19",variables_parameters,land,,leverage creates land-bubble phase transition,,leverage parameter; productivity growth,model_based_synthesis,"Proposition 4 (Comparative statics), which proves that the leverage threshold $\overline{\lambda}$ is decreasing in the productivity distribution $\Phi$ (via first-order stochastic dominance).",land-credit crowding-out,validated_paraphrase,NotebookLM-backed paraphrase from completed note; verify exact wording before final quotation.,03_notes/questions/PDF008_Q04.md,C4,,"- Page(s): 17, 18, 19 - Key passage(s), paraphrased or short quote only: ""Proposition 4 implies that... higher productivity all decrease the leverage threshold for generating bubbles and hence make bubbles more likely to emerge. Intuitively, these changes strengthen the positive feedback loop between capital investment and land prices""; ""the fact that the leverage threshold decreases as the overall productivity of the economy increases (in the sense of first order stochastic dominance) implies that technological innovations and asset price bubbles are closely linked""; ""suppose that financial condition (leverage) gets loose or the productivity of the economy rises so that the economy enters the bubbly regime.""",paraphrase,5. Mechanism II,medium
CLM_PDF008_Q04_003,PDF008,PDF008_Q04,Hirano_Jinnai_Toda_2024,"17, 18, 19",variables_parameters,land,,leverage creates land-bubble phase transition,,leverage parameter; productivity growth,critical_interpretation,"Evaluating this interaction between productivity and leverage in Latin America requires external verification, as the model strictly assumes domestic productivity shocks and uniform domestic borrowing constraints, abstracting from the region's exposure to commodity-driven (rather than technological) productivity cycles, foreign capital dependence, and external sovereign debt limits.",land-credit crowding-out,validated_paraphrase,NotebookLM-backed paraphrase from completed note; verify exact wording before final quotation.,03_notes/questions/PDF008_Q04.md,C4,,"- Page(s): 17, 18, 19 - Key passage(s), paraphrased or short quote only: ""Proposition 4 implies that... higher productivity all decrease the leverage threshold for generating bubbles and hence make bubbles more likely to emerge. Intuitively, these changes strengthen the positive feedback loop between capital investment and land prices""; ""the fact that the leverage threshold decreases as the overall productivity of the economy increases (in the sense of first order stochastic dominance) implies that technological innovations and asset price bubbles are closely linked""; ""suppose that financial condition (leverage) gets loose or the productivity of the economy rises so that the economy enters the bubbly regime.""",paraphrase,3. Conceptual objects,medium
CLM_PDF008_Q04_004,PDF008,PDF008_Q04,Hirano_Jinnai_Toda_2024,"17, 18, 19",variables_parameters,land,,land speculation crowds out productive capital,,k_{t+1}; productivity growth,model_based_synthesis,Higher overall economic productivity increases the expected return on capital investments.,land-credit crowding-out,validated_paraphrase,NotebookLM-backed paraphrase from completed note; verify exact wording before final quotation.,03_notes/questions/PDF008_Q04.md,C4,,"- Page(s): 17, 18, 19 - Key passage(s), paraphrased or short quote only: ""Proposition 4 implies that... higher productivity all decrease the leverage threshold for generating bubbles and hence make bubbles more likely to emerge. Intuitively, these changes strengthen the positive feedback loop between capital investment and land prices""; ""the fact that the leverage threshold decreases as the overall productivity of the economy increases (in the sense of first order stochastic dominance) implies that technological innovations and asset price bubbles are closely linked""; ""suppose that financial condition (leverage) gets loose or the productivity of the economy rises so that the economy enters the bubbly regime.""",paraphrase,3. Conceptual objects,medium
CLM_PDF008_Q04_005,PDF008,PDF008_Q04,Hirano_Jinnai_Toda_2024,"17, 18, 19",variables_parameters,land,,real-estate credit amplifies land-price inflation,,P_t; W,model_based_synthesis,"This elevated return strengthens the financial accelerator (the positive feedback loop between capital accumulation, aggregate wealth, and land prices).",land-credit crowding-out,validated_paraphrase,NotebookLM-backed paraphrase from completed note; verify exact wording before final quotation.,03_notes/questions/PDF008_Q04.md,C4,,"- Page(s): 17, 18, 19 - Key passage(s), paraphrased or short quote only: ""Proposition 4 implies that... higher productivity all decrease the leverage threshold for generating bubbles and hence make bubbles more likely to emerge. Intuitively, these changes strengthen the positive feedback loop between capital investment and land prices""; ""the fact that the leverage threshold decreases as the overall productivity of the economy increases (in the sense of first order stochastic dominance) implies that technological innovations and asset price bubbles are closely linked""; ""suppose that financial condition (leverage) gets loose or the productivity of the economy rises so that the economy enters the bubbly regime.""",paraphrase,3. Conceptual objects,medium
CLM_PDF008_Q04_006,PDF008,PDF008_Q04,Hirano_Jinnai_Toda_2024,"17, 18, 19",causality,land,,leverage creates land-bubble phase transition,"Because the feedback loop is stronger, the critical leverage threshold ($\overline{\lambda}$) needed to sustain endogenous unbalanced growth decreases.",leverage parameter; productivity growth,model_based_synthesis,"Because the feedback loop is stronger, the critical leverage threshold ($\overline{\lambda}$) needed to sustain endogenous unbalanced growth decreases.",land overvaluation theorem,validated_paraphrase,NotebookLM-backed paraphrase from completed note; verify exact wording before final quotation.,03_notes/questions/PDF008_Q04.md,C4,,"- Page(s): 17, 18, 19 - Key passage(s), paraphrased or short quote only: ""Proposition 4 implies that... higher productivity all decrease the leverage threshold for generating bubbles and hence make bubbles more likely to emerge. Intuitively, these changes strengthen the positive feedback loop between capital investment and land prices""; ""the fact that the leverage threshold decreases as the overall productivity of the economy increases (in the sense of first order stochastic dominance) implies that technological innovations and asset price bubbles are closely linked""; ""suppose that financial condition (leverage) gets loose or the productivity of the economy rises so that the economy enters the bubbly regime.""",paraphrase,5. Mechanism II,medium
CLM_PDF008_Q04_007,PDF008,PDF008_Q04,Hirano_Jinnai_Toda_2024,"17, 18, 19",variables_parameters,land,,real-estate credit amplifies land-price inflation,,P_t; D_t/r_t,model_based_synthesis,"Consequently, in highly productive periods, a smaller degree of financial loosening is required to push the economy into a non-stationary regime where land prices exponentially outpace fundamental rents.",land-credit crowding-out,validated_paraphrase,NotebookLM-backed paraphrase from completed note; verify exact wording before final quotation.,03_notes/questions/PDF008_Q04.md,C4,,"- Page(s): 17, 18, 19 - Key passage(s), paraphrased or short quote only: ""Proposition 4 implies that... higher productivity all decrease the leverage threshold for generating bubbles and hence make bubbles more likely to emerge. Intuitively, these changes strengthen the positive feedback loop between capital investment and land prices""; ""the fact that the leverage threshold decreases as the overall productivity of the economy increases (in the sense of first order stochastic dominance) implies that technological innovations and asset price bubbles are closely linked""; ""suppose that financial condition (leverage) gets loose or the productivity of the economy rises so that the economy enters the bubbly regime.""",paraphrase,1. Introduction,medium
CLM_PDF008_Q05_001,PDF008,PDF008_Q05,Hirano_Jinnai_Toda_2024,"1, 4, 23, 26",variables_parameters,land,,leverage creates land-bubble phase transition,,r; leverage parameter; W,model_based_synthesis,"Relaxing financial leverage structurally drives low interest rates, asset overvaluation, and top-end wealth concentration simultaneously, linking these secular trends through the asymmetric wealth dynamics of productive versus unproductive agents.",land overvaluation theorem,validated_paraphrase,NotebookLM-backed paraphrase from completed note; verify exact wording before final quotation.,03_notes/questions/PDF008_Q05.md,C4,,"- Page(s): 1, 4, 23, 26 - Key passage(s), paraphrased or short quote only: ""financial loosening simultaneously leads to low interest rates, asset overvaluation, and top-end wealth concentration""; ""In the fundamental regime, the interest rate decreases with leverage. While productive agents earn more due to the higher leverage, less productive agents earn less due to the lower interest rate, which widens the rate of return difference and leads to greater top-end wealth concentration""; ""relaxation in leverage in the fundamental regime leads to low interest rates, asset price increase, and greater top-end wealth concentration, and if it is relaxed sufficiently, asset price bubbles simultaneously occur, with further wealth concentration at the top.""",paraphrase,3. Conceptual objects,medium
CLM_PDF008_Q05_002,PDF008,PDF008_Q05,Hirano_Jinnai_Toda_2024,"1, 4, 23, 26",variables_parameters,land,,leverage creates land-bubble phase transition,,leverage parameter; W,model_based_synthesis,"Proposition 5 (showing the V-shaped equilibrium risk-free rate $R$ with respect to leverage $\lambda$) and Proposition 6 (proving the stationary relative wealth distribution has a Pareto upper tail, with exponent $\zeta$ decreasing/inequality increasing as leverage rises).",land-credit crowding-out,validated_paraphrase,NotebookLM-backed paraphrase from completed note; verify exact wording before final quotation.,03_notes/questions/PDF008_Q05.md,C4,,"- Page(s): 1, 4, 23, 26 - Key passage(s), paraphrased or short quote only: ""financial loosening simultaneously leads to low interest rates, asset overvaluation, and top-end wealth concentration""; ""In the fundamental regime, the interest rate decreases with leverage. While productive agents earn more due to the higher leverage, less productive agents earn less due to the lower interest rate, which widens the rate of return difference and leads to greater top-end wealth concentration""; ""relaxation in leverage in the fundamental regime leads to low interest rates, asset price increase, and greater top-end wealth concentration, and if it is relaxed sufficiently, asset price bubbles simultaneously occur, with further wealth concentration at the top.""",paraphrase,3. Conceptual objects,medium
CLM_PDF008_Q05_003,PDF008,PDF008_Q05,Hirano_Jinnai_Toda_2024,"1, 4, 23, 26",variables_parameters,land,,real-estate credit amplifies land-price inflation,,leverage parameter; productivity growth; W,critical_interpretation,"While the model explains these secular trends through domestic leverage limits and productivity heterogeneity, applying this mechanism to Latin American wealth concentration and asset pricing requires external verification, as the region's dynamics are heavily influenced by external sovereign debt, volatile foreign capital inflows, and dollarized real estate—elements abstracted away in this model.",land-credit crowding-out,validated_paraphrase,NotebookLM-backed paraphrase from completed note; verify exact wording before final quotation.,03_notes/questions/PDF008_Q05.md,C4,,"- Page(s): 1, 4, 23, 26 - Key passage(s), paraphrased or short quote only: ""financial loosening simultaneously leads to low interest rates, asset overvaluation, and top-end wealth concentration""; ""In the fundamental regime, the interest rate decreases with leverage. While productive agents earn more due to the higher leverage, less productive agents earn less due to the lower interest rate, which widens the rate of return difference and leads to greater top-end wealth concentration""; ""relaxation in leverage in the fundamental regime leads to low interest rates, asset price increase, and greater top-end wealth concentration, and if it is relaxed sufficiently, asset price bubbles simultaneously occur, with further wealth concentration at the top.""",paraphrase,3. Conceptual objects,medium
CLM_PDF008_Q05_004,PDF008,PDF008_Q05,Hirano_Jinnai_Toda_2024,"1, 4, 23, 26",mechanism,land,,land speculation crowds out productive capital,"Financial loosening allows productive agents to leverage up, increase capital investment, and accumulate wealth faster.",k_{t+1}; leverage parameter; W,model_based_synthesis,"Financial loosening allows productive agents to leverage up, increase capital investment, and accumulate wealth faster.",land-credit crowding-out,validated_paraphrase,NotebookLM-backed paraphrase from completed note; verify exact wording before final quotation.,03_notes/questions/PDF008_Q05.md,C4,,"- Page(s): 1, 4, 23, 26 - Key passage(s), paraphrased or short quote only: ""financial loosening simultaneously leads to low interest rates, asset overvaluation, and top-end wealth concentration""; ""In the fundamental regime, the interest rate decreases with leverage. While productive agents earn more due to the higher leverage, less productive agents earn less due to the lower interest rate, which widens the rate of return difference and leads to greater top-end wealth concentration""; ""relaxation in leverage in the fundamental regime leads to low interest rates, asset price increase, and greater top-end wealth concentration, and if it is relaxed sufficiently, asset price bubbles simultaneously occur, with further wealth concentration at the top.""",paraphrase,3. Conceptual objects,medium
CLM_PDF008_Q05_005,PDF008,PDF008_Q05,Hirano_Jinnai_Toda_2024,"1, 4, 23, 26",variables_parameters,land,,land changes R versus G and debt-rollover conditions,,r; W,model_based_synthesis,"In the fundamental regime, this expansion of productive wealth forces the equilibrium interest rate down to clear the market, directly lowering the returns of less productive agents who save via risk-free assets.",land-credit crowding-out,validated_paraphrase,NotebookLM-backed paraphrase from completed note; verify exact wording before final quotation.,03_notes/questions/PDF008_Q05.md,C4,,"- Page(s): 1, 4, 23, 26 - Key passage(s), paraphrased or short quote only: ""financial loosening simultaneously leads to low interest rates, asset overvaluation, and top-end wealth concentration""; ""In the fundamental regime, the interest rate decreases with leverage. While productive agents earn more due to the higher leverage, less productive agents earn less due to the lower interest rate, which widens the rate of return difference and leads to greater top-end wealth concentration""; ""relaxation in leverage in the fundamental regime leads to low interest rates, asset price increase, and greater top-end wealth concentration, and if it is relaxed sufficiently, asset price bubbles simultaneously occur, with further wealth concentration at the top.""",paraphrase,3. Conceptual objects,medium
CLM_PDF008_Q05_006,PDF008,PDF008_Q05,Hirano_Jinnai_Toda_2024,"1, 4, 23, 26",variables_parameters,land,,land changes R versus G and debt-rollover conditions,,W,model_based_synthesis,This widening rate-of-return gap between productive borrowers and unproductive savers structurally concentrates wealth at the top.,land-credit crowding-out,validated_paraphrase,NotebookLM-backed paraphrase from completed note; verify exact wording before final quotation.,03_notes/questions/PDF008_Q05.md,C4,,"- Page(s): 1, 4, 23, 26 - Key passage(s), paraphrased or short quote only: ""financial loosening simultaneously leads to low interest rates, asset overvaluation, and top-end wealth concentration""; ""In the fundamental regime, the interest rate decreases with leverage. While productive agents earn more due to the higher leverage, less productive agents earn less due to the lower interest rate, which widens the rate of return difference and leads to greater top-end wealth concentration""; ""relaxation in leverage in the fundamental regime leads to low interest rates, asset price increase, and greater top-end wealth concentration, and if it is relaxed sufficiently, asset price bubbles simultaneously occur, with further wealth concentration at the top.""",paraphrase,3. Conceptual objects,medium
CLM_PDF008_Q05_007,PDF008,PDF008_Q05,Hirano_Jinnai_Toda_2024,"1, 4, 23, 26",mechanism,land,,leverage creates land-bubble phase transition,"When leverage is relaxed beyond a critical threshold, the economy transitions to an endogenous-growth regime, triggering rational asset overvaluation (bubbles) while maintaining persistent top-end wealth concentration.",leverage parameter; W,model_based_synthesis,"When leverage is relaxed beyond a critical threshold, the economy transitions to an endogenous-growth regime, triggering rational asset overvaluation (bubbles) while maintaining persistent top-end wealth concentration.",land overvaluation theorem,validated_paraphrase,NotebookLM-backed paraphrase from completed note; verify exact wording before final quotation.,03_notes/questions/PDF008_Q05.md,C4,,"- Page(s): 1, 4, 23, 26 - Key passage(s), paraphrased or short quote only: ""financial loosening simultaneously leads to low interest rates, asset overvaluation, and top-end wealth concentration""; ""In the fundamental regime, the interest rate decreases with leverage. While productive agents earn more due to the higher leverage, less productive agents earn less due to the lower interest rate, which widens the rate of return difference and leads to greater top-end wealth concentration""; ""relaxation in leverage in the fundamental regime leads to low interest rates, asset price increase, and greater top-end wealth concentration, and if it is relaxed sufficiently, asset price bubbles simultaneously occur, with further wealth concentration at the top.""",paraphrase,3. Conceptual objects,medium
CLM_PDF008_Q06_001,PDF008,PDF008_Q06,Hirano_Jinnai_Toda_2024,"2, 28",variables_parameters,land,,unbalanced growth separates land prices from rents,,D_t/r_t,model_based_synthesis,"The source does not directly reference the Hirano-Stiglitz wobbly-dynamics papers (requiring external verification for an exact comparison), but it structurally differentiates itself from OLG models by utilizing infinitely-lived heterogeneous agents.",wobbly dynamics and instability,validated_paraphrase,NotebookLM-backed paraphrase from completed note; verify exact wording before final quotation.,03_notes/questions/PDF008_Q06.md,C4,,"- Page(s): 2, 28 - Key passage(s), paraphrased or short quote only: - ""We consider a simple incomplete-market dynamic general equilibrium model with a continuum of infinitely-lived heterogeneous agents."" - ""Tirole (1985... appears to extend Wilson (1981)'s result within a two-period overlapping generations production economy... We generalize Wilson (1981)'s idea and promote it to a standard macro-finance model with infinitely-lived heterogeneous agents.""",paraphrase,8. Wobbly dynamics,medium
CLM_PDF008_Q06_002,PDF008,PDF008_Q06,Hirano_Jinnai_Toda_2024,"2, 28",definition,land,"Any direct theoretical comparison to the OLG Hirano-Stiglitz models for Latin American macroeconomic applicability requires external verification, as the specific papers and their ""wobbly dynamics"" concepts are completely absent from this source text.",land changes R versus G and debt-rollover conditions,,,critical_interpretation,"Any direct theoretical comparison to the OLG Hirano-Stiglitz models for Latin American macroeconomic applicability requires external verification, as the specific papers and their ""wobbly dynamics"" concepts are completely absent from this source text.",wobbly dynamics and instability,validated_paraphrase,NotebookLM-backed paraphrase from completed note; verify exact wording before final quotation.,03_notes/questions/PDF008_Q06.md,C4,,"- Page(s): 2, 28 - Key passage(s), paraphrased or short quote only: - ""We consider a simple incomplete-market dynamic general equilibrium model with a continuum of infinitely-lived heterogeneous agents."" - ""Tirole (1985... appears to extend Wilson (1981)'s result within a two-period overlapping generations production economy... We generalize Wilson (1981)'s idea and promote it to a standard macro-finance model with infinitely-lived heterogeneous agents.""",paraphrase,8. Wobbly dynamics,medium
CLM_PDF008_Q06_003,PDF008,PDF008_Q06,Hirano_Jinnai_Toda_2024,"2, 28",variables_parameters,land,,land changes R versus G and debt-rollover conditions,,productivity growth,model_based_synthesis,"The model assumes a continuum of infinitely-lived heterogeneous agents who face idiosyncratic productivity shocks, rather than finite-lived agents saving for retirement.",land-credit crowding-out,validated_paraphrase,NotebookLM-backed paraphrase from completed note; verify exact wording before final quotation.,03_notes/questions/PDF008_Q06.md,C4,,"- Page(s): 2, 28 - Key passage(s), paraphrased or short quote only: - ""We consider a simple incomplete-market dynamic general equilibrium model with a continuum of infinitely-lived heterogeneous agents."" - ""Tirole (1985... appears to extend Wilson (1981)'s result within a two-period overlapping generations production economy... We generalize Wilson (1981)'s idea and promote it to a standard macro-finance model with infinitely-lived heterogeneous agents.""",paraphrase,1. Introduction,medium
CLM_PDF008_Q06_004,PDF008,PDF008_Q06,Hirano_Jinnai_Toda_2024,"2, 28",variables_parameters,land,,land speculation crowds out productive capital,,k_{t+1}; leverage parameter,model_based_synthesis,These infinitely-lived agents are subject to leverage constraints that limit their capital investment.,land-credit crowding-out,validated_paraphrase,NotebookLM-backed paraphrase from completed note; verify exact wording before final quotation.,03_notes/questions/PDF008_Q06.md,C4,,"- Page(s): 2, 28 - Key passage(s), paraphrased or short quote only: - ""We consider a simple incomplete-market dynamic general equilibrium model with a continuum of infinitely-lived heterogeneous agents."" - ""Tirole (1985... appears to extend Wilson (1981)'s result within a two-period overlapping generations production economy... We generalize Wilson (1981)'s idea and promote it to a standard macro-finance model with infinitely-lived heterogeneous agents.""",paraphrase,3. Conceptual objects,medium
CLM_PDF008_Q06_005,PDF008,PDF008_Q06,Hirano_Jinnai_Toda_2024,"2, 28",causality,land,,leverage creates land-bubble phase transition,"When financial conditions loosen, a financial accelerator drives aggregate wealth and land demand, causing a phase transition into unbalanced bubbly growth.",W,model_based_synthesis,"When financial conditions loosen, a financial accelerator drives aggregate wealth and land demand, causing a phase transition into unbalanced bubbly growth.",land overvaluation theorem,validated_paraphrase,NotebookLM-backed paraphrase from completed note; verify exact wording before final quotation.,03_notes/questions/PDF008_Q06.md,C4,,"- Page(s): 2, 28 - Key passage(s), paraphrased or short quote only: - ""We consider a simple incomplete-market dynamic general equilibrium model with a continuum of infinitely-lived heterogeneous agents."" - ""Tirole (1985... appears to extend Wilson (1981)'s result within a two-period overlapping generations production economy... We generalize Wilson (1981)'s idea and promote it to a standard macro-finance model with infinitely-lived heterogeneous agents.""",paraphrase,3. Conceptual objects,medium
CLM_PDF008_Q06_006,PDF008,PDF008_Q06,Hirano_Jinnai_Toda_2024,"2, 28",variables_parameters,land,,leverage creates land-bubble phase transition,,leverage parameter; productivity growth,model_based_synthesis,This mechanism relies on leverage limits and productivity heterogeneity rather than the non-monotonic life-cycle savings behavior typical of OLG wobbly-dynamics models.,land-credit crowding-out,validated_paraphrase,NotebookLM-backed paraphrase from completed note; verify exact wording before final quotation.,03_notes/questions/PDF008_Q06.md,C4,,"- Page(s): 2, 28 - Key passage(s), paraphrased or short quote only: - ""We consider a simple incomplete-market dynamic general equilibrium model with a continuum of infinitely-lived heterogeneous agents."" - ""Tirole (1985... appears to extend Wilson (1981)'s result within a two-period overlapping generations production economy... We generalize Wilson (1981)'s idea and promote it to a standard macro-finance model with infinitely-lived heterogeneous agents.""",paraphrase,5. Mechanism II,medium
CLM_PDF008_Q07_001,PDF008,PDF008_Q07,Hirano_Jinnai_Toda_2024,"3, 14, 15",theory_evidence,land,,leverage creates land-bubble phase transition,,leverage parameter,formal_model_result,"Theorem 1 mathematically proves that relaxing financial leverage beyond a specific critical threshold triggers a phase transition from a stationary fundamental economy into a nonstationary, endogenous-growth economy characterized by rational land bubbles.",land-credit crowding-out,validated_paraphrase,NotebookLM-backed paraphrase from completed note; verify exact wording before final quotation.,03_notes/questions/PDF008_Q07.md,C4,,"- Page(s): 3, 14, 15 - Key passage(s), paraphrased or short quote only: - ""Our first main result, the Land Bubble Characterization Theorem 1, establishes the tight link between leverage, the growth behavior of the economy, and asset pricing implications."" - ""Theorem 1 (Land Bubble Characterization)... If $\lambda > \overline{\lambda}$... we have $P_t > V_t$ for all t. The economy exhibits unbalanced growth and the price-rent ratio diverges to $\infty$.""",paraphrase,5. Mechanism II,medium
CLM_PDF008_Q07_002,PDF008,PDF008_Q07,Hirano_Jinnai_Toda_2024,"3, 14, 15",variables_parameters,land,,leverage creates land-bubble phase transition,,leverage parameter,formal_model_result,Theorem 1 (Land Bubble Characterization) and the associated leverage threshold equation $\overline{\lambda} := \frac{1-\beta}{\beta}\frac{1}{\int{1/m}^{\infty}(mz-1)d\Phi(z)}$.,land-credit crowding-out,validated_paraphrase,NotebookLM-backed paraphrase from completed note; verify exact wording before final quotation.,03_notes/questions/PDF008_Q07.md,C4,,"- Page(s): 3, 14, 15 - Key passage(s), paraphrased or short quote only: - ""Our first main result, the Land Bubble Characterization Theorem 1, establishes the tight link between leverage, the growth behavior of the economy, and asset pricing implications."" - ""Theorem 1 (Land Bubble Characterization)... If $\lambda > \overline{\lambda}$... we have $P_t > V_t$ for all t. The economy exhibits unbalanced growth and the price-rent ratio diverges to $\infty$.""",paraphrase,5. Mechanism II,medium
CLM_PDF008_Q07_003,PDF008,PDF008_Q07,Hirano_Jinnai_Toda_2024,"3, 14, 15",variables_parameters,land,,real-estate credit amplifies land-price inflation,,W,formal_model_result,"Applying Theorem 1 to Latin American economies requires external verification, as the theorem strictly models a financial accelerator fueled by domestic wealth and capital accumulation, abstracting from the region's reliance on volatile foreign capital inflows, dollarized real estate, and external sovereign debt constraints.",debt rollover / R versus G,validated_paraphrase,NotebookLM-backed paraphrase from completed note; verify exact wording before final quotation.,03_notes/questions/PDF008_Q07.md,C4,,"- Page(s): 3, 14, 15 - Key passage(s), paraphrased or short quote only: - ""Our first main result, the Land Bubble Characterization Theorem 1, establishes the tight link between leverage, the growth behavior of the economy, and asset pricing implications."" - ""Theorem 1 (Land Bubble Characterization)... If $\lambda > \overline{\lambda}$... we have $P_t > V_t$ for all t. The economy exhibits unbalanced growth and the price-rent ratio diverges to $\infty$.""",paraphrase,3. Conceptual objects,medium
CLM_PDF008_Q07_004,PDF008,PDF008_Q07,Hirano_Jinnai_Toda_2024,"3, 14, 15",variables_parameters,land,,land speculation crowds out productive capital,,k_{t+1}; leverage parameter,formal_model_result,Productive entrepreneurs face a leverage constraint that limits their capital investment based on their net worth.,land-credit crowding-out,validated_paraphrase,NotebookLM-backed paraphrase from completed note; verify exact wording before final quotation.,03_notes/questions/PDF008_Q07.md,C4,,"- Page(s): 3, 14, 15 - Key passage(s), paraphrased or short quote only: - ""Our first main result, the Land Bubble Characterization Theorem 1, establishes the tight link between leverage, the growth behavior of the economy, and asset pricing implications."" - ""Theorem 1 (Land Bubble Characterization)... If $\lambda > \overline{\lambda}$... we have $P_t > V_t$ for all t. The economy exhibits unbalanced growth and the price-rent ratio diverges to $\infty$.""",paraphrase,3. Conceptual objects,medium
CLM_PDF008_Q07_005,PDF008,PDF008_Q07,Hirano_Jinnai_Toda_2024,"3, 14, 15",variables_parameters,land,,land speculation crowds out productive capital,,k_{t+1}; leverage parameter,formal_model_result,"When this leverage limit is relaxed past the critical threshold ($\overline{\lambda}$), the financial accelerator strengthens, allowing entrepreneurs to significantly expand capital investment.",land-credit crowding-out,validated_paraphrase,NotebookLM-backed paraphrase from completed note; verify exact wording before final quotation.,03_notes/questions/PDF008_Q07.md,C4,,"- Page(s): 3, 14, 15 - Key passage(s), paraphrased or short quote only: - ""Our first main result, the Land Bubble Characterization Theorem 1, establishes the tight link between leverage, the growth behavior of the economy, and asset pricing implications."" - ""Theorem 1 (Land Bubble Characterization)... If $\lambda > \overline{\lambda}$... we have $P_t > V_t$ for all t. The economy exhibits unbalanced growth and the price-rent ratio diverges to $\infty$.""",paraphrase,3. Conceptual objects,medium
CLM_PDF008_Q07_006,PDF008,PDF008_Q07,Hirano_Jinnai_Toda_2024,"3, 14, 15",variables_parameters,land,,land changes R versus G and debt-rollover conditions,,W,formal_model_result,"This rapid expansion in aggregate capital drives up overall economic wealth, continually increasing the demand for land as a store of value.",land-credit crowding-out,validated_paraphrase,NotebookLM-backed paraphrase from completed note; verify exact wording before final quotation.,03_notes/questions/PDF008_Q07.md,C4,,"- Page(s): 3, 14, 15 - Key passage(s), paraphrased or short quote only: - ""Our first main result, the Land Bubble Characterization Theorem 1, establishes the tight link between leverage, the growth behavior of the economy, and asset pricing implications."" - ""Theorem 1 (Land Bubble Characterization)... If $\lambda > \overline{\lambda}$... we have $P_t > V_t$ for all t. The economy exhibits unbalanced growth and the price-rent ratio diverges to $\infty$.""",paraphrase,3. Conceptual objects,medium
CLM_PDF008_Q07_007,PDF008,PDF008_Q07,Hirano_Jinnai_Toda_2024,"3, 14, 15",causality,land,,real-estate credit amplifies land-price inflation,"Because this demand grows faster than the physical marginal product of land (rents), land prices exponentially outpace rents, permanently inflating a rational asset price bubble.",P_t; D_t/r_t,formal_model_result,"Because this demand grows faster than the physical marginal product of land (rents), land prices exponentially outpace rents, permanently inflating a rational asset price bubble.",Latin American applicability,validated_paraphrase,NotebookLM-backed paraphrase from completed note; verify exact wording before final quotation.,03_notes/questions/PDF008_Q07.md,C4,,"- Page(s): 3, 14, 15 - Key passage(s), paraphrased or short quote only: - ""Our first main result, the Land Bubble Characterization Theorem 1, establishes the tight link between leverage, the growth behavior of the economy, and asset pricing implications."" - ""Theorem 1 (Land Bubble Characterization)... If $\lambda > \overline{\lambda}$... we have $P_t > V_t$ for all t. The economy exhibits unbalanced growth and the price-rent ratio diverges to $\infty$.""",paraphrase,9. Critical appraisal,medium
CLM_PDF009_Q01_001,PDF009,PDF009_Q01,Stiglitz_2015c,"1, 2, 4, 11",causality,land,,land speculation crowds out productive capital,"Standard wealth metrics fail to accurately assess economic sustainability because they conflate non-productive asset inflation (like land and capitalized monopoly rents) with true productive capital, while systematically ignoring the destruction of unmeasured human capital.",D_t/r_t; K_t; W,model_based_synthesis,"Standard wealth metrics fail to accurately assess economic sustainability because they conflate non-productive asset inflation (like land and capitalized monopoly rents) with true productive capital, while systematically ignoring the destruction of unmeasured human capital.",land-credit crowding-out,validated_paraphrase,NotebookLM-backed paraphrase from completed note; verify exact wording before final quotation.,03_notes/questions/PDF009_Q01.md,C1,,"- Page(s): 1, 2, 4, 11 - Key passage(s), paraphrased or short quote only: - ""if wealth (with a growing population, wealth per capita), appropriately measured, was non-decreasing, then the given path of consumption could be sustained in the future."" - ""an increase in measured wealth may not reflect the ability of the economy to sustain higher rates of consumption.""",paraphrase,3. Conceptual objects,medium
CLM_PDF009_Q01_002,PDF009,PDF009_Q01,Stiglitz_2015c,"1, 2, 4, 11",variables_parameters,land,,land speculation crowds out productive capital,,K_t; W,policy_implication,"The wealth equation $W=K+pT$ (where $p=FT/FK$), used to demonstrate that wealth ($W$) and productive capital ($K$) can move in opposite directions under certain tax policies.",policy / taxation / regulation,validated_paraphrase,NotebookLM-backed paraphrase from completed note; verify exact wording before final quotation.,03_notes/questions/PDF009_Q01.md,C1,,"- Page(s): 1, 2, 4, 11 - Key passage(s), paraphrased or short quote only: - ""if wealth (with a growing population, wealth per capita), appropriately measured, was non-decreasing, then the given path of consumption could be sustained in the future."" - ""an increase in measured wealth may not reflect the ability of the economy to sustain higher rates of consumption.""",paraphrase,3. Conceptual objects,medium
CLM_PDF009_Q01_003,PDF009,PDF009_Q01,Stiglitz_2015c,"1, 2, 4, 11",variables_parameters,land,,real-estate credit amplifies land-price inflation,,W,formal_model_result,Validating this measurement critique for Latin America requires external verification regarding the region's specific reliance on informal labor markets (which complicates human capital measurement) and natural resource extraction (which the paper notes can fuel illusory wealth via real estate bubbles).,Latin American applicability,validated_paraphrase,NotebookLM-backed paraphrase from completed note; verify exact wording before final quotation.,03_notes/questions/PDF009_Q01.md,C1,,"- Page(s): 1, 2, 4, 11 - Key passage(s), paraphrased or short quote only: - ""if wealth (with a growing population, wealth per capita), appropriately measured, was non-decreasing, then the given path of consumption could be sustained in the future."" - ""an increase in measured wealth may not reflect the ability of the economy to sustain higher rates of consumption.""",paraphrase,3. Conceptual objects,medium
CLM_PDF009_Q01_004,PDF009,PDF009_Q01,Stiglitz_2015c,"1, 2, 4, 11",mechanism,land,,unbalanced growth separates land prices from rents,Conventionally measured aggregate wealth includes the capitalized value of non-produced assets (like land) and exploitative monopoly rents.,D_t/r_t; W,model_based_synthesis,Conventionally measured aggregate wealth includes the capitalized value of non-produced assets (like land) and exploitative monopoly rents.,land-credit crowding-out,validated_paraphrase,NotebookLM-backed paraphrase from completed note; verify exact wording before final quotation.,03_notes/questions/PDF009_Q01.md,C1,,"- Page(s): 1, 2, 4, 11 - Key passage(s), paraphrased or short quote only: - ""if wealth (with a growing population, wealth per capita), appropriately measured, was non-decreasing, then the given path of consumption could be sustained in the future."" - ""an increase in measured wealth may not reflect the ability of the economy to sustain higher rates of consumption.""",paraphrase,3. Conceptual objects,medium
CLM_PDF009_Q01_005,PDF009,PDF009_Q01,Stiglitz_2015c,"1, 2, 4, 11",variables_parameters,land,,land changes R versus G and debt-rollover conditions,,r; W,critical_interpretation,"Changes in interest rates or market power can increase the valuation of these assets, artificially inflating total wealth without adding to the real physical or productive capacity of the economy.",Latin American applicability,validated_paraphrase,NotebookLM-backed paraphrase from completed note; verify exact wording before final quotation.,03_notes/questions/PDF009_Q01.md,C1,,"- Page(s): 1, 2, 4, 11 - Key passage(s), paraphrased or short quote only: - ""if wealth (with a growing population, wealth per capita), appropriately measured, was non-decreasing, then the given path of consumption could be sustained in the future."" - ""an increase in measured wealth may not reflect the ability of the economy to sustain higher rates of consumption.""",paraphrase,3. Conceptual objects,medium
CLM_PDF009_Q01_006,PDF009,PDF009_Q01,Stiglitz_2015c,"1, 2, 4, 11",mechanism,land,,land changes R versus G and debt-rollover conditions,"Conversely, during economic downturns, critical but unmeasured components of wealth—such as human capital (from lost job experience) and social capital—are destroyed without appearing on national balance sheets.",W,model_based_synthesis,"Conversely, during economic downturns, critical but unmeasured components of wealth—such as human capital (from lost job experience) and social capital—are destroyed without appearing on national balance sheets.",land-credit crowding-out,validated_paraphrase,NotebookLM-backed paraphrase from completed note; verify exact wording before final quotation.,03_notes/questions/PDF009_Q01.md,C1,,"- Page(s): 1, 2, 4, 11 - Key passage(s), paraphrased or short quote only: - ""if wealth (with a growing population, wealth per capita), appropriately measured, was non-decreasing, then the given path of consumption could be sustained in the future."" - ""an increase in measured wealth may not reflect the ability of the economy to sustain higher rates of consumption.""",paraphrase,3. Conceptual objects,medium
CLM_PDF009_Q01_007,PDF009,PDF009_Q01,Stiglitz_2015c,"1, 2, 4, 11",variables_parameters,land,,land changes R versus G and debt-rollover conditions,,,model_based_synthesis,"Therefore, policies guided by these flawed metrics may falsely conclude an economy is sustainable, even as its underlying productive potential and future consumption capacity erode.",land-credit crowding-out,validated_paraphrase,NotebookLM-backed paraphrase from completed note; verify exact wording before final quotation.,03_notes/questions/PDF009_Q01.md,C1,,"- Page(s): 1, 2, 4, 11 - Key passage(s), paraphrased or short quote only: - ""if wealth (with a growing population, wealth per capita), appropriately measured, was non-decreasing, then the given path of consumption could be sustained in the future."" - ""an increase in measured wealth may not reflect the ability of the economy to sustain higher rates of consumption.""",paraphrase,1. Introduction,medium
CLM_PDF009_Q02_001,PDF009,PDF009_Q02,Stiglitz_2015c,"2, 3, 4, 11",variables_parameters,land,,land speculation crowds out productive capital,,D_t/r_t; K_t; W,model_based_synthesis,Measured wealth and productive capital are fundamentally different aggregates; wealth can increase dramatically due to the capitalization of land and monopoly rents even as the economy's true productive capacity (capital) stagnates or declines.,land-credit crowding-out,validated_paraphrase,NotebookLM-backed paraphrase from completed note; verify exact wording before final quotation.,03_notes/questions/PDF009_Q02.md,C1,,"- Page(s): 2, 3, 4, 11 - Key passage(s), paraphrased or short quote only: - ""Wealth and capital are both aggregates, but they represent different aggregates. It is possible that wealth has gone up, but productive capital has not gone up commensurately, or may even have gone down."" - ""much of the increase in wealth is an increase in the value of land—not associated with any increase in the amount of land (and, therefore, of the productivity of the economy).""",paraphrase,3. Conceptual objects,medium
CLM_PDF009_Q02_002,PDF009,PDF009_Q02,Stiglitz_2015c,"2, 3, 4, 11",variables_parameters,land,,land speculation crowds out productive capital,,P_t; K_t; W,model_based_synthesis,"The wealth equation $W = K + pT$, demonstrating that total wealth $W$ includes productive capital $K$ plus the price of land $p$ times the fixed amount of land $T$, allowing $W$ and $K$ to move independently or in opposite directions.",land-credit crowding-out,validated_paraphrase,NotebookLM-backed paraphrase from completed note; verify exact wording before final quotation.,03_notes/questions/PDF009_Q02.md,C1,,"- Page(s): 2, 3, 4, 11 - Key passage(s), paraphrased or short quote only: - ""Wealth and capital are both aggregates, but they represent different aggregates. It is possible that wealth has gone up, but productive capital has not gone up commensurately, or may even have gone down."" - ""much of the increase in wealth is an increase in the value of land—not associated with any increase in the amount of land (and, therefore, of the productivity of the economy).""",paraphrase,3. Conceptual objects,medium
CLM_PDF009_Q02_003,PDF009,PDF009_Q02,Stiglitz_2015c,"2, 3, 4, 11",variables_parameters,land,,land changes R versus G and debt-rollover conditions,,W,formal_model_result,"Evaluating this divergence for Latin American economies requires external verification, as the region's specific unmeasured wealth dynamics—such as informal labor markets and the depletion of natural resource wealth—are not explicitly modeled in this general theoretical critique.",Latin American applicability,validated_paraphrase,NotebookLM-backed paraphrase from completed note; verify exact wording before final quotation.,03_notes/questions/PDF009_Q02.md,C1,,"- Page(s): 2, 3, 4, 11 - Key passage(s), paraphrased or short quote only: - ""Wealth and capital are both aggregates, but they represent different aggregates. It is possible that wealth has gone up, but productive capital has not gone up commensurately, or may even have gone down."" - ""much of the increase in wealth is an increase in the value of land—not associated with any increase in the amount of land (and, therefore, of the productivity of the economy).""",paraphrase,3. Conceptual objects,medium
CLM_PDF009_Q02_004,PDF009,PDF009_Q02,Stiglitz_2015c,"2, 3, 4, 11",mechanism,land,,land speculation crowds out productive capital,"Productive capital strictly measures assets that contribute to actual economic output (e.g., plant, equipment, and human capital).",K_t,model_based_synthesis,"Productive capital strictly measures assets that contribute to actual economic output (e.g., plant, equipment, and human capital).",land-credit crowding-out,validated_paraphrase,NotebookLM-backed paraphrase from completed note; verify exact wording before final quotation.,03_notes/questions/PDF009_Q02.md,C1,,"- Page(s): 2, 3, 4, 11 - Key passage(s), paraphrased or short quote only: - ""Wealth and capital are both aggregates, but they represent different aggregates. It is possible that wealth has gone up, but productive capital has not gone up commensurately, or may even have gone down."" - ""much of the increase in wealth is an increase in the value of land—not associated with any increase in the amount of land (and, therefore, of the productivity of the economy).""",paraphrase,3. Conceptual objects,medium
CLM_PDF009_Q02_005,PDF009,PDF009_Q02,Stiglitz_2015c,"2, 3, 4, 11",variables_parameters,land,,unbalanced growth separates land prices from rents,,D_t/r_t; W,model_based_synthesis,Measured wealth includes the market valuation of non-produced assets like land and capitalized exploitative rents (such as monopoly power or too-big-to-fail banking subsidies).,land-credit crowding-out,validated_paraphrase,NotebookLM-backed paraphrase from completed note; verify exact wording before final quotation.,03_notes/questions/PDF009_Q02.md,C1,,"- Page(s): 2, 3, 4, 11 - Key passage(s), paraphrased or short quote only: - ""Wealth and capital are both aggregates, but they represent different aggregates. It is possible that wealth has gone up, but productive capital has not gone up commensurately, or may even have gone down."" - ""much of the increase in wealth is an increase in the value of land—not associated with any increase in the amount of land (and, therefore, of the productivity of the economy).""",paraphrase,3. Conceptual objects,medium
CLM_PDF009_Q02_006,PDF009,PDF009_Q02,Stiglitz_2015c,"2, 3, 4, 11",causality,land,,land changes R versus G and debt-rollover conditions,"Changes in financial conditions, such as lower interest rates or increased market exploitation, inflate the valuation of these non-productive assets.",r,model_based_synthesis,"Changes in financial conditions, such as lower interest rates or increased market exploitation, inflate the valuation of these non-productive assets.",land-credit crowding-out,validated_paraphrase,NotebookLM-backed paraphrase from completed note; verify exact wording before final quotation.,03_notes/questions/PDF009_Q02.md,C1,,"- Page(s): 2, 3, 4, 11 - Key passage(s), paraphrased or short quote only: - ""Wealth and capital are both aggregates, but they represent different aggregates. It is possible that wealth has gone up, but productive capital has not gone up commensurately, or may even have gone down."" - ""much of the increase in wealth is an increase in the value of land—not associated with any increase in the amount of land (and, therefore, of the productivity of the economy).""",paraphrase,1. Introduction,medium
CLM_PDF009_Q02_007,PDF009,PDF009_Q02,Stiglitz_2015c,"2, 3, 4, 11",variables_parameters,land,,land speculation crowds out productive capital,,K_t; W,model_based_synthesis,"Thus, measured wealth can rise significantly—creating the illusion of economic growth—while real productive capital is simultaneously crowded out, depreciated, or destroyed.",land-credit crowding-out,validated_paraphrase,NotebookLM-backed paraphrase from completed note; verify exact wording before final quotation.,03_notes/questions/PDF009_Q02.md,C1,,"- Page(s): 2, 3, 4, 11 - Key passage(s), paraphrased or short quote only: - ""Wealth and capital are both aggregates, but they represent different aggregates. It is possible that wealth has gone up, but productive capital has not gone up commensurately, or may even have gone down."" - ""much of the increase in wealth is an increase in the value of land—not associated with any increase in the amount of land (and, therefore, of the productivity of the economy).""",paraphrase,3. Conceptual objects,medium
CLM_PDF009_Q03_001,PDF009,PDF009_Q03,Stiglitz_2015c,"1, 2",mechanism,land,,land changes R versus G and debt-rollover conditions,"Measured wealth can increase dramatically due to rising land values without any corresponding expansion in the economy's actual productive potential, creating a dangerous divergence between financial wealth and true physical capital.",W,model_based_synthesis,"Measured wealth can increase dramatically due to rising land values without any corresponding expansion in the economy's actual productive potential, creating a dangerous divergence between financial wealth and true physical capital.",land-credit crowding-out,validated_paraphrase,NotebookLM-backed paraphrase from completed note; verify exact wording before final quotation.,03_notes/questions/PDF009_Q03.md,C1,,"- Page(s): 1, 2 - Key passage(s), paraphrased or short quote only: - ""much of the increase in wealth is an increase in the value of land—not associated with any increase in the amount of land (and, therefore, of the productivity of the economy)."" - ""An increase in the value of land in the Riviera or in Southampton does not increase the productive capacities of the land.""",paraphrase,3. Conceptual objects,medium
CLM_PDF009_Q03_002,PDF009,PDF009_Q03,Stiglitz_2015c,"1, 2",variables_parameters,land,,unbalanced growth separates land prices from rents,,D_t/r_t; r,formal_model_result,"The capitalized value of land equation $VT = R/r$, which formally demonstrates that the value of land ($VT$) increases equiproportionately from a permanent decrease in the real interest rate ($r$), assuming constant rent ($R$).",land-credit crowding-out,validated_paraphrase,NotebookLM-backed paraphrase from completed note; verify exact wording before final quotation.,03_notes/questions/PDF009_Q03.md,C1,,"- Page(s): 1, 2 - Key passage(s), paraphrased or short quote only: - ""much of the increase in wealth is an increase in the value of land—not associated with any increase in the amount of land (and, therefore, of the productivity of the economy)."" - ""An increase in the value of land in the Riviera or in Southampton does not increase the productive capacities of the land.""",paraphrase,3. Conceptual objects,medium
CLM_PDF009_Q03_003,PDF009,PDF009_Q03,Stiglitz_2015c,"1, 2",variables_parameters,land,,real-estate credit amplifies land-price inflation,,r,critical_interpretation,"Applying this critique of unbacked land valuation to Latin America requires external verification, as the paper's mechanism relies on generalized macro-financial variables (like interest rates in advanced economies) and abstracts from the region's specific land tenure inequalities, commodity-driven land booms, and dollarized real estate dynamics.",Latin American applicability,validated_paraphrase,NotebookLM-backed paraphrase from completed note; verify exact wording before final quotation.,03_notes/questions/PDF009_Q03.md,C1,,"- Page(s): 1, 2 - Key passage(s), paraphrased or short quote only: - ""much of the increase in wealth is an increase in the value of land—not associated with any increase in the amount of land (and, therefore, of the productivity of the economy)."" - ""An increase in the value of land in the Riviera or in Southampton does not increase the productive capacities of the land.""",paraphrase,9. Critical appraisal,medium
CLM_PDF009_Q03_004,PDF009,PDF009_Q03,Stiglitz_2015c,"1, 2",mechanism,land,,land changes R versus G and debt-rollover conditions,Land is a non-produced asset with a fixed physical supply and static intrinsic productive capacity.,,model_based_synthesis,Land is a non-produced asset with a fixed physical supply and static intrinsic productive capacity.,land-credit crowding-out,validated_paraphrase,NotebookLM-backed paraphrase from completed note; verify exact wording before final quotation.,03_notes/questions/PDF009_Q03.md,C1,,"- Page(s): 1, 2 - Key passage(s), paraphrased or short quote only: - ""much of the increase in wealth is an increase in the value of land—not associated with any increase in the amount of land (and, therefore, of the productivity of the economy)."" - ""An increase in the value of land in the Riviera or in Southampton does not increase the productive capacities of the land.""",paraphrase,1. Introduction,medium
CLM_PDF009_Q03_005,PDF009,PDF009_Q03,Stiglitz_2015c,"1, 2",mechanism,land,,unbalanced growth separates land prices from rents,"Exogenous macroeconomic shifts, such as a permanent decrease in the long-term real interest rate, mechanically increase the present discounted value of the rents derived from this fixed land.",D_t/r_t; r,model_based_synthesis,"Exogenous macroeconomic shifts, such as a permanent decrease in the long-term real interest rate, mechanically increase the present discounted value of the rents derived from this fixed land.",land-credit crowding-out,validated_paraphrase,NotebookLM-backed paraphrase from completed note; verify exact wording before final quotation.,03_notes/questions/PDF009_Q03.md,C1,,"- Page(s): 1, 2 - Key passage(s), paraphrased or short quote only: - ""much of the increase in wealth is an increase in the value of land—not associated with any increase in the amount of land (and, therefore, of the productivity of the economy)."" - ""An increase in the value of land in the Riviera or in Southampton does not increase the productive capacities of the land.""",paraphrase,1. Introduction,medium
CLM_PDF009_Q03_006,PDF009,PDF009_Q03,Stiglitz_2015c,"1, 2",mechanism,land,,land changes R versus G and debt-rollover conditions,This financial appreciation is recorded in standard national accounting metrics as a significant increase in aggregate wealth.,W,model_based_synthesis,This financial appreciation is recorded in standard national accounting metrics as a significant increase in aggregate wealth.,land-credit crowding-out,validated_paraphrase,NotebookLM-backed paraphrase from completed note; verify exact wording before final quotation.,03_notes/questions/PDF009_Q03.md,C1,,"- Page(s): 1, 2 - Key passage(s), paraphrased or short quote only: - ""much of the increase in wealth is an increase in the value of land—not associated with any increase in the amount of land (and, therefore, of the productivity of the economy)."" - ""An increase in the value of land in the Riviera or in Southampton does not increase the productive capacities of the land.""",paraphrase,3. Conceptual objects,medium
CLM_PDF009_Q03_007,PDF009,PDF009_Q03,Stiglitz_2015c,"1, 2",causality,land,,land changes R versus G and debt-rollover conditions,"Because neither the physical quantity of land nor its productive output has actually increased, this wealth accumulation is an illusion that fails to improve the economy's future productive potential.",W,model_based_synthesis,"Because neither the physical quantity of land nor its productive output has actually increased, this wealth accumulation is an illusion that fails to improve the economy's future productive potential.",land-credit crowding-out,validated_paraphrase,NotebookLM-backed paraphrase from completed note; verify exact wording before final quotation.,03_notes/questions/PDF009_Q03.md,C1,,"- Page(s): 1, 2 - Key passage(s), paraphrased or short quote only: - ""much of the increase in wealth is an increase in the value of land—not associated with any increase in the amount of land (and, therefore, of the productivity of the economy)."" - ""An increase in the value of land in the Riviera or in Southampton does not increase the productive capacities of the land.""",paraphrase,3. Conceptual objects,medium
CLM_PDF009_Q04_001,PDF009,PDF009_Q04,Stiglitz_2015c,"1, 2, 3, 4, 11",theory_evidence,land,,land speculation crowds out productive capital,,D_t/r_t; K_t; W,measurement_or_empirical_motivation,"Real-estate bubbles and the capitalization of exploitative economic rents artificially inflate measured wealth without increasing the economy's actual productive capital, leading to a dangerous mismeasurement of economic sustainability.",land-credit crowding-out,validated_paraphrase,NotebookLM-backed paraphrase from completed note; verify exact wording before final quotation.,03_notes/questions/PDF009_Q04.md,C1,,"- Page(s): 1, 2, 3, 4, 11 - Key passage(s), paraphrased or short quote only: - ""The Commission noted, however, that there might be significant problems in the valuation of assets-exemplified by real estate bubbles (which might give the impression that wealth was larger than it was and that, therefore, the economy was on a sustainable path when in fact it was not...)"" - ""much of the increase in wealth is an increase in the value of land—not associated with any increase in the amount of land (and, therefore, of the productivity of the economy).""",paraphrase,3. Conceptual objects,medium
CLM_PDF009_Q04_002,PDF009,PDF009_Q04,Stiglitz_2015c,"1, 2, 3, 4, 11",variables_parameters,land,,land speculation crowds out productive capital,,P_t; D_t/r_t; K_t; W,model_based_synthesis,"The wealth equation $W = K + pT$ [6], illustrating how total wealth ($W$) can increase solely due to an increase in land prices ($p$) or capitalized rents, even if productive capital ($K$) decreases.",land-credit crowding-out,validated_paraphrase,NotebookLM-backed paraphrase from completed note; verify exact wording before final quotation.,03_notes/questions/PDF009_Q04.md,C1,,"- Page(s): 1, 2, 3, 4, 11 - Key passage(s), paraphrased or short quote only: - ""The Commission noted, however, that there might be significant problems in the valuation of assets-exemplified by real estate bubbles (which might give the impression that wealth was larger than it was and that, therefore, the economy was on a sustainable path when in fact it was not...)"" - ""much of the increase in wealth is an increase in the value of land—not associated with any increase in the amount of land (and, therefore, of the productivity of the economy).""",paraphrase,3. Conceptual objects,medium
CLM_PDF009_Q04_003,PDF009,PDF009_Q04,Stiglitz_2015c,"1, 2, 3, 4, 11",variables_parameters,land,,land changes R versus G and debt-rollover conditions,,W,measurement_or_empirical_motivation,"Evaluating this sustainability mismeasurement in Latin American contexts requires external verification, as the paper abstracts from the region's specific dependence on foreign capital flows and commodity export cycles to fuel real-estate booms and resource-based wealth illusions.",Latin American applicability,validated_paraphrase,NotebookLM-backed paraphrase from completed note; verify exact wording before final quotation.,03_notes/questions/PDF009_Q04.md,C1,,"- Page(s): 1, 2, 3, 4, 11 - Key passage(s), paraphrased or short quote only: - ""The Commission noted, however, that there might be significant problems in the valuation of assets-exemplified by real estate bubbles (which might give the impression that wealth was larger than it was and that, therefore, the economy was on a sustainable path when in fact it was not...)"" - ""much of the increase in wealth is an increase in the value of land—not associated with any increase in the amount of land (and, therefore, of the productivity of the economy).""",paraphrase,3. Conceptual objects,medium
CLM_PDF009_Q04_004,PDF009,PDF009_Q04,Stiglitz_2015c,"1, 2, 3, 4, 11",variables_parameters,land,,land changes R versus G and debt-rollover conditions,,W,model_based_synthesis,"Standard macroeconomic accounting uses aggregate wealth as a proxy for sustainability, assuming that non-decreasing wealth implies sustainable future consumption.",land-credit crowding-out,validated_paraphrase,NotebookLM-backed paraphrase from completed note; verify exact wording before final quotation.,03_notes/questions/PDF009_Q04.md,C1,,"- Page(s): 1, 2, 3, 4, 11 - Key passage(s), paraphrased or short quote only: - ""The Commission noted, however, that there might be significant problems in the valuation of assets-exemplified by real estate bubbles (which might give the impression that wealth was larger than it was and that, therefore, the economy was on a sustainable path when in fact it was not...)"" - ""much of the increase in wealth is an increase in the value of land—not associated with any increase in the amount of land (and, therefore, of the productivity of the economy).""",paraphrase,3. Conceptual objects,medium
CLM_PDF009_Q04_005,PDF009,PDF009_Q04,Stiglitz_2015c,"1, 2, 3, 4, 11",mechanism,land,,leverage creates land-bubble phase transition,Real-estate bubbles inflate the market value of fixed land without adding to its physical productive capacity.,,model_based_synthesis,Real-estate bubbles inflate the market value of fixed land without adding to its physical productive capacity.,land-credit crowding-out,validated_paraphrase,NotebookLM-backed paraphrase from completed note; verify exact wording before final quotation.,03_notes/questions/PDF009_Q04.md,C1,,"- Page(s): 1, 2, 3, 4, 11 - Key passage(s), paraphrased or short quote only: - ""The Commission noted, however, that there might be significant problems in the valuation of assets-exemplified by real estate bubbles (which might give the impression that wealth was larger than it was and that, therefore, the economy was on a sustainable path when in fact it was not...)"" - ""much of the increase in wealth is an increase in the value of land—not associated with any increase in the amount of land (and, therefore, of the productivity of the economy).""",paraphrase,1. Introduction,medium
CLM_PDF009_Q04_006,PDF009,PDF009_Q04,Stiglitz_2015c,"1, 2, 3, 4, 11",variables_parameters,land,,unbalanced growth separates land prices from rents,,D_t/r_t,model_based_synthesis,"Similarly, increased monopoly power or implicit government subsidies (like too-big-to-fail guarantees) generate economic rents that are capitalized into financial assets, actually reducing true productive potential due to market distortions.",land-credit crowding-out,validated_paraphrase,NotebookLM-backed paraphrase from completed note; verify exact wording before final quotation.,03_notes/questions/PDF009_Q04.md,C1,,"- Page(s): 1, 2, 3, 4, 11 - Key passage(s), paraphrased or short quote only: - ""The Commission noted, however, that there might be significant problems in the valuation of assets-exemplified by real estate bubbles (which might give the impression that wealth was larger than it was and that, therefore, the economy was on a sustainable path when in fact it was not...)"" - ""much of the increase in wealth is an increase in the value of land—not associated with any increase in the amount of land (and, therefore, of the productivity of the economy).""",paraphrase,3. Conceptual objects,medium
CLM_PDF009_Q04_007,PDF009,PDF009_Q04,Stiglitz_2015c,"1, 2, 3, 4, 11",variables_parameters,land,,land speculation crowds out productive capital,,K_t; W,model_based_synthesis,"Consequently, total measured wealth rises, masking the stagnation or destruction of actual productive capital and falsely signaling that the economy is on a sustainable trajectory.",land-credit crowding-out,validated_paraphrase,NotebookLM-backed paraphrase from completed note; verify exact wording before final quotation.,03_notes/questions/PDF009_Q04.md,C1,,"- Page(s): 1, 2, 3, 4, 11 - Key passage(s), paraphrased or short quote only: - ""The Commission noted, however, that there might be significant problems in the valuation of assets-exemplified by real estate bubbles (which might give the impression that wealth was larger than it was and that, therefore, the economy was on a sustainable path when in fact it was not...)"" - ""much of the increase in wealth is an increase in the value of land—not associated with any increase in the amount of land (and, therefore, of the productivity of the economy).""",paraphrase,3. Conceptual objects,medium
CLM_PDF009_Q05_001,PDF009,PDF009_Q05,Stiglitz_2015c,"6, 8, 9, 10",mechanism,land,,land changes R versus G and debt-rollover conditions,"The missing-capital problem highlights that recessions destroy vast amounts of unmeasured human and social capital, causing policymakers who rely on standard metrics to dangerously underestimate the long-term economic damage of austerity policies.",,policy_implication,"The missing-capital problem highlights that recessions destroy vast amounts of unmeasured human and social capital, causing policymakers who rely on standard metrics to dangerously underestimate the long-term economic damage of austerity policies.",policy / taxation / regulation,validated_paraphrase,NotebookLM-backed paraphrase from completed note; verify exact wording before final quotation.,03_notes/questions/PDF009_Q05.md,C1,,"- Page(s): 6, 8, 9, 10 - Key passage(s), paraphrased or short quote only: - ""we don't adequately trace out the other forms of capital, and in particular, human capital."" - ""The difference between the decline in GDP... and the actual decline in output... is the result of missing 'dark matter'... The present discounted value of the difference is the value of the missing capital.""",paraphrase,3. Conceptual objects,medium
CLM_PDF009_Q05_002,PDF009,PDF009_Q05,Stiglitz_2015c,"6, 8, 9, 10",mechanism,land,,,Not applicable.,,policy_implication,Not applicable.,land-credit crowding-out,validated_paraphrase,NotebookLM-backed paraphrase from completed note; verify exact wording before final quotation.,03_notes/questions/PDF009_Q05.md,C1,,"- Page(s): 6, 8, 9, 10 - Key passage(s), paraphrased or short quote only: - ""we don't adequately trace out the other forms of capital, and in particular, human capital."" - ""The difference between the decline in GDP... and the actual decline in output... is the result of missing 'dark matter'... The present discounted value of the difference is the value of the missing capital.""",paraphrase,1. Introduction,medium
CLM_PDF009_Q05_003,PDF009,PDF009_Q05,Stiglitz_2015c,"6, 8, 9, 10",variables_parameters,land,,land changes R versus G and debt-rollover conditions,,,formal_model_result,"Evaluating the precise magnitude of missing capital and the impacts of austerity in Latin America requires external verification, as the paper focuses on advanced economies (the US and Europe) and abstracts from the region's specific vulnerabilities to informal labor markets, structural underemployment, and sovereign debt constraints.",debt rollover / R versus G,validated_paraphrase,NotebookLM-backed paraphrase from completed note; verify exact wording before final quotation.,03_notes/questions/PDF009_Q05.md,C1,,"- Page(s): 6, 8, 9, 10 - Key passage(s), paraphrased or short quote only: - ""we don't adequately trace out the other forms of capital, and in particular, human capital."" - ""The difference between the decline in GDP... and the actual decline in output... is the result of missing 'dark matter'... The present discounted value of the difference is the value of the missing capital.""",paraphrase,3. Conceptual objects,medium
CLM_PDF009_Q05_004,PDF009,PDF009_Q05,Stiglitz_2015c,"6, 8, 9, 10",mechanism,land,,land changes R versus G and debt-rollover conditions,"Deep economic downturns cause extended unemployment, which heavily degrades human capital by destroying accumulated job experience and causing skills to atrophy.",,policy_implication,"Deep economic downturns cause extended unemployment, which heavily degrades human capital by destroying accumulated job experience and causing skills to atrophy.",land-credit crowding-out,validated_paraphrase,NotebookLM-backed paraphrase from completed note; verify exact wording before final quotation.,03_notes/questions/PDF009_Q05.md,C1,,"- Page(s): 6, 8, 9, 10 - Key passage(s), paraphrased or short quote only: - ""we don't adequately trace out the other forms of capital, and in particular, human capital."" - ""The difference between the decline in GDP... and the actual decline in output... is the result of missing 'dark matter'... The present discounted value of the difference is the value of the missing capital.""",paraphrase,3. Conceptual objects,medium
CLM_PDF009_Q05_005,PDF009,PDF009_Q05,Stiglitz_2015c,"6, 8, 9, 10",variables_parameters,land,,land changes R versus G and debt-rollover conditions,,,policy_implication,"Standard national accounts fail to measure this human, organizational, and social capital destruction, creating a ""dark matter"" gap between the severe output collapse and the relatively smaller measured input declines.",land-credit crowding-out,validated_paraphrase,NotebookLM-backed paraphrase from completed note; verify exact wording before final quotation.,03_notes/questions/PDF009_Q05.md,C1,,"- Page(s): 6, 8, 9, 10 - Key passage(s), paraphrased or short quote only: - ""we don't adequately trace out the other forms of capital, and in particular, human capital."" - ""The difference between the decline in GDP... and the actual decline in output... is the result of missing 'dark matter'... The present discounted value of the difference is the value of the missing capital.""",paraphrase,3. Conceptual objects,medium
CLM_PDF009_Q05_006,PDF009,PDF009_Q05,Stiglitz_2015c,"6, 8, 9, 10",causality,land,,land changes R versus G and debt-rollover conditions,"Because this capital loss is invisible in official wealth metrics, policymakers evaluate austerity based strictly on its ability to reduce public debt liabilities.",W,policy_implication,"Because this capital loss is invisible in official wealth metrics, policymakers evaluate austerity based strictly on its ability to reduce public debt liabilities.",debt rollover / R versus G,validated_paraphrase,NotebookLM-backed paraphrase from completed note; verify exact wording before final quotation.,03_notes/questions/PDF009_Q05.md,C1,,"- Page(s): 6, 8, 9, 10 - Key passage(s), paraphrased or short quote only: - ""we don't adequately trace out the other forms of capital, and in particular, human capital."" - ""The difference between the decline in GDP... and the actual decline in output... is the result of missing 'dark matter'... The present discounted value of the difference is the value of the missing capital.""",paraphrase,3. Conceptual objects,medium
CLM_PDF009_Q05_007,PDF009,PDF009_Q05,Stiglitz_2015c,"6, 8, 9, 10",mechanism,land,,land changes R versus G and debt-rollover conditions,"Consequently, austerity policies are falsely interpreted as improving sustainability, even as they worsen the true national balance sheet by exacerbating the destruction of unmeasured productive capacity.",,policy_implication,"Consequently, austerity policies are falsely interpreted as improving sustainability, even as they worsen the true national balance sheet by exacerbating the destruction of unmeasured productive capacity.",land-credit crowding-out,validated_paraphrase,NotebookLM-backed paraphrase from completed note; verify exact wording before final quotation.,03_notes/questions/PDF009_Q05.md,C1,,"- Page(s): 6, 8, 9, 10 - Key passage(s), paraphrased or short quote only: - ""we don't adequately trace out the other forms of capital, and in particular, human capital."" - ""The difference between the decline in GDP... and the actual decline in output... is the result of missing 'dark matter'... The present discounted value of the difference is the value of the missing capital.""",paraphrase,1. Introduction,medium
CLM_PDF009_Q06_001,PDF009,PDF009_Q06,Stiglitz_2015c,"1, 2",definition,land,"The literature review should open by distinguishing between measured wealth and productive capital, as treating them as identical obscures the fact that economies can accumulate financial wealth through asset inflation while their true productive capacity diminishes.",land speculation crowds out productive capital,,K_t; W,model_based_synthesis,"The literature review should open by distinguishing between measured wealth and productive capital, as treating them as identical obscures the fact that economies can accumulate financial wealth through asset inflation while their true productive capacity diminishes.",land-credit crowding-out,validated_paraphrase,NotebookLM-backed paraphrase from completed note; verify exact wording before final quotation.,03_notes/questions/PDF009_Q06.md,C1,,"- Page(s): 1, 2 - Key passage(s), paraphrased or short quote only: - ""The possibility that there might not be a close correspondence between measured wealth and a variable (""K"" for capital) that assesses the future productive potential of the economy helps explain a disquieting aspect of Piketty's recent book"" - ""Wealth and capital are both aggregates, but they represent different aggregates. It is possible that wealth has gone up, but productive capital has not gone up commensurately, or may even have gone down.""",paraphrase,3. Conceptual objects,medium
CLM_PDF009_Q06_002,PDF009,PDF009_Q06,Stiglitz_2015c,"1, 2",definition,land,The conceptual separation of aggregates where $W = K + pT$ (Wealth equals productive Capital plus the value of Land).,land speculation crowds out productive capital,,K_t; W,model_based_synthesis,The conceptual separation of aggregates where $W = K + pT$ (Wealth equals productive Capital plus the value of Land).,land-credit crowding-out,validated_paraphrase,NotebookLM-backed paraphrase from completed note; verify exact wording before final quotation.,03_notes/questions/PDF009_Q06.md,C1,,"- Page(s): 1, 2 - Key passage(s), paraphrased or short quote only: - ""The possibility that there might not be a close correspondence between measured wealth and a variable (""K"" for capital) that assesses the future productive potential of the economy helps explain a disquieting aspect of Piketty's recent book"" - ""Wealth and capital are both aggregates, but they represent different aggregates. It is possible that wealth has gone up, but productive capital has not gone up commensurately, or may even have gone down.""",paraphrase,3. Conceptual objects,medium
CLM_PDF009_Q06_003,PDF009,PDF009_Q06,Stiglitz_2015c,"1, 2",theory_evidence,land,,land changes R versus G and debt-rollover conditions,,W,formal_model_result,"Applying this measurement distinction to Latin American economies requires external verification, as the paper's focus on advanced-economy wealth-income puzzles (like Piketty's findings) abstracts from the region's specific challenges with informal human capital, commodity-driven land booms, and dollarized asset markets.",Latin American applicability,validated_paraphrase,NotebookLM-backed paraphrase from completed note; verify exact wording before final quotation.,03_notes/questions/PDF009_Q06.md,C1,,"- Page(s): 1, 2 - Key passage(s), paraphrased or short quote only: - ""The possibility that there might not be a close correspondence between measured wealth and a variable (""K"" for capital) that assesses the future productive potential of the economy helps explain a disquieting aspect of Piketty's recent book"" - ""Wealth and capital are both aggregates, but they represent different aggregates. It is possible that wealth has gone up, but productive capital has not gone up commensurately, or may even have gone down.""",paraphrase,3. Conceptual objects,medium
CLM_PDF009_Q06_004,PDF009,PDF009_Q06,Stiglitz_2015c,"1, 2",variables_parameters,land,,land speculation crowds out productive capital,,K_t; W,model_based_synthesis,Standard economic analyses often use measured wealth as a proxy for productive capital to assess sustainability.,land-credit crowding-out,validated_paraphrase,NotebookLM-backed paraphrase from completed note; verify exact wording before final quotation.,03_notes/questions/PDF009_Q06.md,C1,,"- Page(s): 1, 2 - Key passage(s), paraphrased or short quote only: - ""The possibility that there might not be a close correspondence between measured wealth and a variable (""K"" for capital) that assesses the future productive potential of the economy helps explain a disquieting aspect of Piketty's recent book"" - ""Wealth and capital are both aggregates, but they represent different aggregates. It is possible that wealth has gone up, but productive capital has not gone up commensurately, or may even have gone down.""",paraphrase,3. Conceptual objects,medium
CLM_PDF009_Q06_005,PDF009,PDF009_Q06,Stiglitz_2015c,"1, 2",mechanism,land,,unbalanced growth separates land prices from rents,"However, measured wealth incorporates the market valuation of non-produced assets (land) and capitalized economic rents.",D_t/r_t; W,model_based_synthesis,"However, measured wealth incorporates the market valuation of non-produced assets (land) and capitalized economic rents.",land-credit crowding-out,validated_paraphrase,NotebookLM-backed paraphrase from completed note; verify exact wording before final quotation.,03_notes/questions/PDF009_Q06.md,C1,,"- Page(s): 1, 2 - Key passage(s), paraphrased or short quote only: - ""The possibility that there might not be a close correspondence between measured wealth and a variable (""K"" for capital) that assesses the future productive potential of the economy helps explain a disquieting aspect of Piketty's recent book"" - ""Wealth and capital are both aggregates, but they represent different aggregates. It is possible that wealth has gone up, but productive capital has not gone up commensurately, or may even have gone down.""",paraphrase,3. Conceptual objects,medium
CLM_PDF009_Q06_006,PDF009,PDF009_Q06,Stiglitz_2015c,"1, 2",causality,land,,land changes R versus G and debt-rollover conditions,"Changes in financial conditions, such as lower interest rates, can inflate the value of these non-productive assets, driving up total measured wealth.",r; W,model_based_synthesis,"Changes in financial conditions, such as lower interest rates, can inflate the value of these non-productive assets, driving up total measured wealth.",land-credit crowding-out,validated_paraphrase,NotebookLM-backed paraphrase from completed note; verify exact wording before final quotation.,03_notes/questions/PDF009_Q06.md,C1,,"- Page(s): 1, 2 - Key passage(s), paraphrased or short quote only: - ""The possibility that there might not be a close correspondence between measured wealth and a variable (""K"" for capital) that assesses the future productive potential of the economy helps explain a disquieting aspect of Piketty's recent book"" - ""Wealth and capital are both aggregates, but they represent different aggregates. It is possible that wealth has gone up, but productive capital has not gone up commensurately, or may even have gone down.""",paraphrase,3. Conceptual objects,medium
CLM_PDF009_Q06_007,PDF009,PDF009_Q06,Stiglitz_2015c,"1, 2",variables_parameters,land,,land changes R versus G and debt-rollover conditions,,W,model_based_synthesis,Structuring the review around this distinction reveals how rising wealth metrics can create a statistical illusion that masks the stagnation or destruction of an economy's actual productive potential.,land-credit crowding-out,validated_paraphrase,NotebookLM-backed paraphrase from completed note; verify exact wording before final quotation.,03_notes/questions/PDF009_Q06.md,C1,,"- Page(s): 1, 2 - Key passage(s), paraphrased or short quote only: - ""The possibility that there might not be a close correspondence between measured wealth and a variable (""K"" for capital) that assesses the future productive potential of the economy helps explain a disquieting aspect of Piketty's recent book"" - ""Wealth and capital are both aggregates, but they represent different aggregates. It is possible that wealth has gone up, but productive capital has not gone up commensurately, or may even have gone down.""",paraphrase,3. Conceptual objects,medium
CLM_PDF009_Q07_001,PDF009,PDF009_Q07,Stiglitz_2015c,"2, 3, 4, 11",variables_parameters,land,,land speculation crowds out productive capital,,D_t/r_t; K_t; W,model_based_synthesis,"Stiglitz provides critical vocabulary to critique financialization and localization rents by arguing that rising aggregate wealth often reflects the capitalization of exploitative economic rents and localized real estate bubbles into financial assets, rather than genuine productive capital accumulation.",land-credit crowding-out,validated_paraphrase,NotebookLM-backed paraphrase from completed note; verify exact wording before final quotation.,03_notes/questions/PDF009_Q07.md,C1,,"- Page(s): 2, 3, 4, 11 - Key passage(s), paraphrased or short quote only: - ""An increase in the value of land in the Riviera or in Southampton does not increase the productive capacities of the land."" - ""Some increases in wealth... reflect an increase in the ability of those in the financial sector... to exploit others... Typically, the value of these rents gets capitalized into the value of financial assets""",paraphrase,3. Conceptual objects,medium
CLM_PDF009_Q07_002,PDF009,PDF009_Q07,Stiglitz_2015c,"2, 3, 4, 11",definition,land,"The conceptual critique of wealth aggregates where ""the value of these rents gets capitalized into the value of financial assets,"" expanding upon the $W=K+pT$ framework.",unbalanced growth separates land prices from rents,,D_t/r_t; W,model_based_synthesis,"The conceptual critique of wealth aggregates where ""the value of these rents gets capitalized into the value of financial assets,"" expanding upon the $W=K+pT$ framework.",land-credit crowding-out,validated_paraphrase,NotebookLM-backed paraphrase from completed note; verify exact wording before final quotation.,03_notes/questions/PDF009_Q07.md,C1,,"- Page(s): 2, 3, 4, 11 - Key passage(s), paraphrased or short quote only: - ""An increase in the value of land in the Riviera or in Southampton does not increase the productive capacities of the land."" - ""Some increases in wealth... reflect an increase in the ability of those in the financial sector... to exploit others... Typically, the value of these rents gets capitalized into the value of financial assets""",paraphrase,3. Conceptual objects,medium
CLM_PDF009_Q07_003,PDF009,PDF009_Q07,Stiglitz_2015c,"2, 3, 4, 11",mechanism,land,,unbalanced growth separates land prices from rents,"Connecting this specific language to Latin American financialization requires external verification, as Stiglitz's examples of localization rents (the Riviera, Southampton) and financial exploitation (too-big-to-fail banks) are framed around advanced economies and abstract from the region's specific peripheral financial structures and commodity-driven land regimes.",D_t/r_t,critical_interpretation,"Connecting this specific language to Latin American financialization requires external verification, as Stiglitz's examples of localization rents (the Riviera, Southampton) and financial exploitation (too-big-to-fail banks) are framed around advanced economies and abstract from the region's specific peripheral financial structures and commodity-driven land regimes.",Latin American applicability,validated_paraphrase,NotebookLM-backed paraphrase from completed note; verify exact wording before final quotation.,03_notes/questions/PDF009_Q07.md,C1,,"- Page(s): 2, 3, 4, 11 - Key passage(s), paraphrased or short quote only: - ""An increase in the value of land in the Riviera or in Southampton does not increase the productive capacities of the land."" - ""Some increases in wealth... reflect an increase in the ability of those in the financial sector... to exploit others... Typically, the value of these rents gets capitalized into the value of financial assets""",paraphrase,9. Critical appraisal,medium
CLM_PDF009_Q07_004,PDF009,PDF009_Q07,Stiglitz_2015c,"2, 3, 4, 11",variables_parameters,land,,land changes R versus G and debt-rollover conditions,,,model_based_synthesis,"Location-specific land (e.g., in the Riviera or Southampton) appreciates in market value due to macroeconomic shifts without adding any physical productive capacity.",land-credit crowding-out,validated_paraphrase,NotebookLM-backed paraphrase from completed note; verify exact wording before final quotation.,03_notes/questions/PDF009_Q07.md,C1,,"- Page(s): 2, 3, 4, 11 - Key passage(s), paraphrased or short quote only: - ""An increase in the value of land in the Riviera or in Southampton does not increase the productive capacities of the land."" - ""Some increases in wealth... reflect an increase in the ability of those in the financial sector... to exploit others... Typically, the value of these rents gets capitalized into the value of financial assets""",paraphrase,1. Introduction,medium
CLM_PDF009_Q07_005,PDF009,PDF009_Q07,Stiglitz_2015c,"2, 3, 4, 11",variables_parameters,land,,unbalanced growth separates land prices from rents,,D_t/r_t,model_based_synthesis,"Simultaneously, the financial sector extracts economic rents via monopoly power or implicit government bailouts (too-big-to-fail banks).",land-credit crowding-out,validated_paraphrase,NotebookLM-backed paraphrase from completed note; verify exact wording before final quotation.,03_notes/questions/PDF009_Q07.md,C1,,"- Page(s): 2, 3, 4, 11 - Key passage(s), paraphrased or short quote only: - ""An increase in the value of land in the Riviera or in Southampton does not increase the productive capacities of the land."" - ""Some increases in wealth... reflect an increase in the ability of those in the financial sector... to exploit others... Typically, the value of these rents gets capitalized into the value of financial assets""",paraphrase,1. Introduction,medium
CLM_PDF009_Q07_006,PDF009,PDF009_Q07,Stiglitz_2015c,"2, 3, 4, 11",mechanism,land,,unbalanced growth separates land prices from rents,"These localization and exploitative rents are capitalized into the value of financial assets, artificially inflating measured wealth.",D_t/r_t; W,critical_interpretation,"These localization and exploitative rents are capitalized into the value of financial assets, artificially inflating measured wealth.",Latin American applicability,validated_paraphrase,NotebookLM-backed paraphrase from completed note; verify exact wording before final quotation.,03_notes/questions/PDF009_Q07.md,C1,,"- Page(s): 2, 3, 4, 11 - Key passage(s), paraphrased or short quote only: - ""An increase in the value of land in the Riviera or in Southampton does not increase the productive capacities of the land."" - ""Some increases in wealth... reflect an increase in the ability of those in the financial sector... to exploit others... Typically, the value of these rents gets capitalized into the value of financial assets""",paraphrase,3. Conceptual objects,medium
CLM_PDF009_Q07_007,PDF009,PDF009_Q07,Stiglitz_2015c,"2, 3, 4, 11",variables_parameters,land,,land changes R versus G and debt-rollover conditions,,W,model_based_synthesis,"Consequently, this financialized wealth masks a stagnation or decline in the economy's actual productive potential and human capital.",land-credit crowding-out,validated_paraphrase,NotebookLM-backed paraphrase from completed note; verify exact wording before final quotation.,03_notes/questions/PDF009_Q07.md,C1,,"- Page(s): 2, 3, 4, 11 - Key passage(s), paraphrased or short quote only: - ""An increase in the value of land in the Riviera or in Southampton does not increase the productive capacities of the land."" - ""Some increases in wealth... reflect an increase in the ability of those in the financial sector... to exploit others... Typically, the value of these rents gets capitalized into the value of financial assets""",paraphrase,3. Conceptual objects,medium
CLM_PDF010_Q01_001,PDF010,PDF010_Q01,Stiglitz_2015b,"16, 17, 18",mechanism,land,,land speculation crowds out productive capital,"Part IV explains the ""wealth residual"" by showing that credit expansion, explicitly secured by land collateral, artificially inflates land prices and measured wealth while contributing nothing to—and potentially crowding out—real productive capital accumulation.",P_t; K_t; collateral parameter; W,model_based_synthesis,"Part IV explains the ""wealth residual"" by showing that credit expansion, explicitly secured by land collateral, artificially inflates land prices and measured wealth while contributing nothing to—and potentially crowding out—real productive capital accumulation.",land-credit crowding-out,validated_paraphrase,NotebookLM-backed paraphrase from completed note; verify exact wording before final quotation.,03_notes/questions/PDF010_Q01.md,C1,,"- Page(s): 16, 17, 18 - Key passage(s), paraphrased or short quote only: - ""It is the decision of the banks (the central bank) concerning credit availability that drives the price of land (real estate)."" - ""An increase in credit increases wealth through an increase in land prices, but has no effect on the capital stock... all of the increase in wealth (capital gain) goes to the wealthy.""",paraphrase,3. Conceptual objects,medium
CLM_PDF010_Q01_002,PDF010,PDF010_Q01,Stiglitz_2015b,"16, 17, 18",causality,land,,real-estate credit amplifies land-price inflation,"The credit-collateral equation (4.10) $c = \alpha pT$, and the wealth-credit derivative (4.7) $dW/dc 0$, demonstrating that wealth increases with credit expansion while the equilibrium capital stock remains completely unaffected.",K_t; collateral parameter; W,model_based_synthesis,"The credit-collateral equation (4.10) $c = \alpha pT$, and the wealth-credit derivative (4.7) $dW/dc 0$, demonstrating that wealth increases with credit expansion while the equilibrium capital stock remains completely unaffected.",land-credit crowding-out,validated_paraphrase,NotebookLM-backed paraphrase from completed note; verify exact wording before final quotation.,03_notes/questions/PDF010_Q01.md,C1,,"- Page(s): 16, 17, 18 - Key passage(s), paraphrased or short quote only: - ""It is the decision of the banks (the central bank) concerning credit availability that drives the price of land (real estate)."" - ""An increase in credit increases wealth through an increase in land prices, but has no effect on the capital stock... all of the increase in wealth (capital gain) goes to the wealthy.""",paraphrase,3. Conceptual objects,medium
CLM_PDF010_Q01_003,PDF010,PDF010_Q01,Stiglitz_2015b,"16, 17, 18",theory_evidence,land,,real-estate credit amplifies land-price inflation,,W,critical_interpretation,"Applying this credit-driven wealth-residual mechanism to Latin America requires external verification, as the model assumes a closed domestic financial system and abstracts from the region's exposure to foreign capital inflows, dollarized real-estate markets, and external sovereign debt constraints.",land-credit crowding-out,validated_paraphrase,NotebookLM-backed paraphrase from completed note; verify exact wording before final quotation.,03_notes/questions/PDF010_Q01.md,C1,,"- Page(s): 16, 17, 18 - Key passage(s), paraphrased or short quote only: - ""It is the decision of the banks (the central bank) concerning credit availability that drives the price of land (real estate)."" - ""An increase in credit increases wealth through an increase in land prices, but has no effect on the capital stock... all of the increase in wealth (capital gain) goes to the wealthy.""",paraphrase,3. Conceptual objects,medium
CLM_PDF010_Q01_004,PDF010,PDF010_Q01,Stiglitz_2015b,"16, 17, 18",mechanism,land,,real-estate credit amplifies land-price inflation,The financial system provides credit to rentiers based on the collateral value of land.,D_t/r_t; collateral parameter,model_based_synthesis,The financial system provides credit to rentiers based on the collateral value of land.,land-credit crowding-out,validated_paraphrase,NotebookLM-backed paraphrase from completed note; verify exact wording before final quotation.,03_notes/questions/PDF010_Q01.md,C1,,"- Page(s): 16, 17, 18 - Key passage(s), paraphrased or short quote only: - ""It is the decision of the banks (the central bank) concerning credit availability that drives the price of land (real estate)."" - ""An increase in credit increases wealth through an increase in land prices, but has no effect on the capital stock... all of the increase in wealth (capital gain) goes to the wealthy.""",paraphrase,5. Mechanism II,medium
CLM_PDF010_Q01_005,PDF010,PDF010_Q01,Stiglitz_2015b,"16, 17, 18",variables_parameters,land,,real-estate credit amplifies land-price inflation,,collateral parameter,model_based_synthesis,"A loosening of credit constraints (e.g., lower collateral requirements or increased credit supply) increases the purchasing power directed toward land.",land-credit crowding-out,validated_paraphrase,NotebookLM-backed paraphrase from completed note; verify exact wording before final quotation.,03_notes/questions/PDF010_Q01.md,C1,,"- Page(s): 16, 17, 18 - Key passage(s), paraphrased or short quote only: - ""It is the decision of the banks (the central bank) concerning credit availability that drives the price of land (real estate)."" - ""An increase in credit increases wealth through an increase in land prices, but has no effect on the capital stock... all of the increase in wealth (capital gain) goes to the wealthy.""",paraphrase,5. Mechanism II,medium
CLM_PDF010_Q01_006,PDF010,PDF010_Q01,Stiglitz_2015b,"16, 17, 18",causality,land,,real-estate credit amplifies land-price inflation,"Because land is in fixed supply, this credit expansion mechanically bids up land prices and creates a self-reinforcing land bubble.",P_t,model_based_synthesis,"Because land is in fixed supply, this credit expansion mechanically bids up land prices and creates a self-reinforcing land bubble.",land-credit crowding-out,validated_paraphrase,NotebookLM-backed paraphrase from completed note; verify exact wording before final quotation.,03_notes/questions/PDF010_Q01.md,C1,,"- Page(s): 16, 17, 18 - Key passage(s), paraphrased or short quote only: - ""It is the decision of the banks (the central bank) concerning credit availability that drives the price of land (real estate)."" - ""An increase in credit increases wealth through an increase in land prices, but has no effect on the capital stock... all of the increase in wealth (capital gain) goes to the wealthy.""",paraphrase,5. Mechanism II,medium
CLM_PDF010_Q01_007,PDF010,PDF010_Q01,Stiglitz_2015b,"16, 17, 18",mechanism,land,,land speculation crowds out productive capital,"This process inflates the aggregate measured wealth of landowners without increasing the real capital stock, thereby widening the residual between wealth and productive capital and crowding out real investment.",K_t; k_{t+1}; W,model_based_synthesis,"This process inflates the aggregate measured wealth of landowners without increasing the real capital stock, thereby widening the residual between wealth and productive capital and crowding out real investment.",land-credit crowding-out,validated_paraphrase,NotebookLM-backed paraphrase from completed note; verify exact wording before final quotation.,03_notes/questions/PDF010_Q01.md,C1,,"- Page(s): 16, 17, 18 - Key passage(s), paraphrased or short quote only: - ""It is the decision of the banks (the central bank) concerning credit availability that drives the price of land (real estate)."" - ""An increase in credit increases wealth through an increase in land prices, but has no effect on the capital stock... all of the increase in wealth (capital gain) goes to the wealthy.""",paraphrase,3. Conceptual objects,medium
CLM_PDF010_Q02_001,PDF010,PDF010_Q02,Stiglitz_2015b,"1, 3, 4, 13, 17",variables_parameters,land,,land speculation crowds out productive capital,,D_t/r_t; k_{t+1}; W,model_based_synthesis,"Increases in the wealth-to-income ratio and wealth inequality are driven by the rising market valuation of land—fueled by capitalized rents, competition for positional goods, and speculative bubbles—which creates massive capital gains for the wealthy while crowding out real productive investment.",land-credit crowding-out,validated_paraphrase,NotebookLM-backed paraphrase from completed note; verify exact wording before final quotation.,03_notes/questions/PDF010_Q02.md,C1,,"- Page(s): 1, 3, 4, 13, 17 - Key passage(s), paraphrased or short quote only: - ""The most important source of the disparity between the growth of wealth and the growth of productive capital is the growth of the value of land—not associated with any increase in the amount of land"" - ""$W=K+\frac{R}{r}$ ... the increase in wealth is more than twice the increase in the productive capital.""",paraphrase,3. Conceptual objects,medium
CLM_PDF010_Q02_002,PDF010,PDF010_Q02,Stiglitz_2015b,"1, 3, 4, 13, 17",variables_parameters,land,,land speculation crowds out productive capital,,P_t; D_t/r_t; K_t; W,model_based_synthesis,"The land-rent wealth equation $W = K + R/r$ and the positional-good capital equation $K = W - p(W)$, both demonstrating that aggregate wealth ($W$) can increase significantly due to land price appreciation while productive capital ($K$) stagnates or declines.",land-credit crowding-out,validated_paraphrase,NotebookLM-backed paraphrase from completed note; verify exact wording before final quotation.,03_notes/questions/PDF010_Q02.md,C1,,"- Page(s): 1, 3, 4, 13, 17 - Key passage(s), paraphrased or short quote only: - ""The most important source of the disparity between the growth of wealth and the growth of productive capital is the growth of the value of land—not associated with any increase in the amount of land"" - ""$W=K+\frac{R}{r}$ ... the increase in wealth is more than twice the increase in the productive capital.""",paraphrase,3. Conceptual objects,medium
CLM_PDF010_Q02_003,PDF010,PDF010_Q02,Stiglitz_2015b,"1, 3, 4, 13, 17",theory_evidence,land,,real-estate credit amplifies land-price inflation,,D_t/r_t,formal_model_result,"Assessing these mechanisms in Latin America requires external verification, as the models assume closed-economy dynamics and abstract from the region's specific vulnerabilities to commodity-export land rents, informal housing markets, and dollarized real estate cycles driven by foreign capital flows.",Latin American applicability,validated_paraphrase,NotebookLM-backed paraphrase from completed note; verify exact wording before final quotation.,03_notes/questions/PDF010_Q02.md,C1,,"- Page(s): 1, 3, 4, 13, 17 - Key passage(s), paraphrased or short quote only: - ""The most important source of the disparity between the growth of wealth and the growth of productive capital is the growth of the value of land—not associated with any increase in the amount of land"" - ""$W=K+\frac{R}{r}$ ... the increase in wealth is more than twice the increase in the productive capital.""",paraphrase,3. Conceptual objects,medium
CLM_PDF010_Q02_004,PDF010,PDF010_Q02,Stiglitz_2015b,"1, 3, 4, 13, 17",mechanism,land,,unbalanced growth separates land prices from rents,Macroeconomic shifts (such as a drop in the long-term interest rate) mechanically increase the capitalized present value of fixed land rents.,D_t/r_t; r,model_based_synthesis,Macroeconomic shifts (such as a drop in the long-term interest rate) mechanically increase the capitalized present value of fixed land rents.,land-credit crowding-out,validated_paraphrase,NotebookLM-backed paraphrase from completed note; verify exact wording before final quotation.,03_notes/questions/PDF010_Q02.md,C1,,"- Page(s): 1, 3, 4, 13, 17 - Key passage(s), paraphrased or short quote only: - ""The most important source of the disparity between the growth of wealth and the growth of productive capital is the growth of the value of land—not associated with any increase in the amount of land"" - ""$W=K+\frac{R}{r}$ ... the increase in wealth is more than twice the increase in the productive capital.""",paraphrase,3. Conceptual objects,medium
CLM_PDF010_Q02_005,PDF010,PDF010_Q02,Stiglitz_2015b,"1, 3, 4, 13, 17",variables_parameters,land,,real-estate credit amplifies land-price inflation,,P_t; W,model_based_synthesis,"As the wealthy accumulate more income, they compete for fixed positional goods (exclusive real estate), driving up land prices without expanding real economic output.",land-credit crowding-out,validated_paraphrase,NotebookLM-backed paraphrase from completed note; verify exact wording before final quotation.,03_notes/questions/PDF010_Q02.md,C1,,"- Page(s): 1, 3, 4, 13, 17 - Key passage(s), paraphrased or short quote only: - ""The most important source of the disparity between the growth of wealth and the growth of productive capital is the growth of the value of land—not associated with any increase in the amount of land"" - ""$W=K+\frac{R}{r}$ ... the increase in wealth is more than twice the increase in the productive capital.""",paraphrase,3. Conceptual objects,medium
CLM_PDF010_Q02_006,PDF010,PDF010_Q02,Stiglitz_2015b,"1, 3, 4, 13, 17",variables_parameters,land,,land speculation crowds out productive capital,,P_t,model_based_synthesis,"The economy frequently enters unstable ""bubble paths"" where land prices grow super-exponentially, absorbing domestic savings and crowding out real capital formation.",land-credit crowding-out,validated_paraphrase,NotebookLM-backed paraphrase from completed note; verify exact wording before final quotation.,03_notes/questions/PDF010_Q02.md,C1,,"- Page(s): 1, 3, 4, 13, 17 - Key passage(s), paraphrased or short quote only: - ""The most important source of the disparity between the growth of wealth and the growth of productive capital is the growth of the value of land—not associated with any increase in the amount of land"" - ""$W=K+\frac{R}{r}$ ... the increase in wealth is more than twice the increase in the productive capital.""",paraphrase,3. Conceptual objects,medium
CLM_PDF010_Q02_007,PDF010,PDF010_Q02,Stiglitz_2015b,"1, 3, 4, 13, 17",causality,land,,land changes R versus G and debt-rollover conditions,"Because land and positional assets are overwhelmingly owned by the rich, this asset-price inflation generates massive capital gains at the top, worsening wealth inequality even as the real productive wealth of the economy diminishes.",W,model_based_synthesis,"Because land and positional assets are overwhelmingly owned by the rich, this asset-price inflation generates massive capital gains at the top, worsening wealth inequality even as the real productive wealth of the economy diminishes.",land-credit crowding-out,validated_paraphrase,NotebookLM-backed paraphrase from completed note; verify exact wording before final quotation.,03_notes/questions/PDF010_Q02.md,C1,,"- Page(s): 1, 3, 4, 13, 17 - Key passage(s), paraphrased or short quote only: - ""The most important source of the disparity between the growth of wealth and the growth of productive capital is the growth of the value of land—not associated with any increase in the amount of land"" - ""$W=K+\frac{R}{r}$ ... the increase in wealth is more than twice the increase in the productive capital.""",paraphrase,3. Conceptual objects,medium
CLM_PDF010_Q03_001,PDF010,PDF010_Q03,Stiglitz_2015b,"4, 16, 18, 20, 22",variables_parameters,land,,real-estate credit amplifies land-price inflation,,P_t; collateral parameter; W,policy_implication,"Easing monetary policy and financial regulations (like lower collateral and capital adequacy requirements) fuels a credit expansion that artificially inflates land prices, generating massive capital gains for wealthy asset owners and worsening inequality without improving real economic efficiency.",land-credit crowding-out,validated_paraphrase,NotebookLM-backed paraphrase from completed note; verify exact wording before final quotation.,03_notes/questions/PDF010_Q03.md,C1,,"- Page(s): 4, 16, 18, 20, 22 - Key passage(s), paraphrased or short quote only: - ""a lowering of collateral requirements or of banks' capital adequacy requirements does not result in an increase in the overall efficiency of the economy, but leads to more inequality."" - ""if there is a change in the rules of the game-say a lowering of the collateral required for a loan-then there will be an increase in the price of land: those who are lucky enough to own land at that moment receive a large capital gain.""",paraphrase,3. Conceptual objects,medium
CLM_PDF010_Q03_002,PDF010,PDF010_Q03,Stiglitz_2015b,"4, 16, 18, 20, 22",variables_parameters,land,,real-estate credit amplifies land-price inflation,,P_t; leverage parameter; collateral parameter,policy_implication,"The collateral-credit equation $c = \alpha pT$ (4.10) and the leveraged return on land equation $\rhoT = (1+\alpha)(\frac{d}{dt}(\log p) + \frac{FT}{p})$ (4.16), demonstrating that changing the rules of the game for collateral ($\alpha$) directly drives up land prices.",land-credit crowding-out,validated_paraphrase,NotebookLM-backed paraphrase from completed note; verify exact wording before final quotation.,03_notes/questions/PDF010_Q03.md,C1,,"- Page(s): 4, 16, 18, 20, 22 - Key passage(s), paraphrased or short quote only: - ""a lowering of collateral requirements or of banks' capital adequacy requirements does not result in an increase in the overall efficiency of the economy, but leads to more inequality."" - ""if there is a change in the rules of the game-say a lowering of the collateral required for a loan-then there will be an increase in the price of land: those who are lucky enough to own land at that moment receive a large capital gain.""",paraphrase,5. Mechanism II,medium
CLM_PDF010_Q03_003,PDF010,PDF010_Q03,Stiglitz_2015b,"4, 16, 18, 20, 22",theory_evidence,land,,real-estate credit amplifies land-price inflation,,collateral parameter,policy_implication,"Assessing the exact effects of monetary easing and collateral requirements in Latin America requires external verification, as this model assumes a closed-economy financial system, abstracting from the region's heavy exposure to external sovereign debt, volatile foreign capital flows, and heavily dollarized real-estate markets.",land-credit crowding-out,validated_paraphrase,NotebookLM-backed paraphrase from completed note; verify exact wording before final quotation.,03_notes/questions/PDF010_Q03.md,C1,,"- Page(s): 4, 16, 18, 20, 22 - Key passage(s), paraphrased or short quote only: - ""a lowering of collateral requirements or of banks' capital adequacy requirements does not result in an increase in the overall efficiency of the economy, but leads to more inequality."" - ""if there is a change in the rules of the game-say a lowering of the collateral required for a loan-then there will be an increase in the price of land: those who are lucky enough to own land at that moment receive a large capital gain.""",paraphrase,3. Conceptual objects,medium
CLM_PDF010_Q03_004,PDF010,PDF010_Q03,Stiglitz_2015b,"4, 16, 18, 20, 22",variables_parameters,land,,real-estate credit amplifies land-price inflation,,r; collateral parameter,policy_implication,"Monetary policy lowers interest rates, or financial regulations lower collateral and capital adequacy requirements.",land-credit crowding-out,validated_paraphrase,NotebookLM-backed paraphrase from completed note; verify exact wording before final quotation.,03_notes/questions/PDF010_Q03.md,C1,,"- Page(s): 4, 16, 18, 20, 22 - Key passage(s), paraphrased or short quote only: - ""a lowering of collateral requirements or of banks' capital adequacy requirements does not result in an increase in the overall efficiency of the economy, but leads to more inequality."" - ""if there is a change in the rules of the game-say a lowering of the collateral required for a loan-then there will be an increase in the price of land: those who are lucky enough to own land at that moment receive a large capital gain.""",paraphrase,3. Conceptual objects,medium
CLM_PDF010_Q03_005,PDF010,PDF010_Q03,Stiglitz_2015b,"4, 16, 18, 20, 22",mechanism,land,,real-estate credit amplifies land-price inflation,This allows banks to create and allocate more credit to wealthy rentiers who use existing land as collateral.,D_t/r_t; collateral parameter; W,policy_implication,This allows banks to create and allocate more credit to wealthy rentiers who use existing land as collateral.,land-credit crowding-out,validated_paraphrase,NotebookLM-backed paraphrase from completed note; verify exact wording before final quotation.,03_notes/questions/PDF010_Q03.md,C1,,"- Page(s): 4, 16, 18, 20, 22 - Key passage(s), paraphrased or short quote only: - ""a lowering of collateral requirements or of banks' capital adequacy requirements does not result in an increase in the overall efficiency of the economy, but leads to more inequality."" - ""if there is a change in the rules of the game-say a lowering of the collateral required for a loan-then there will be an increase in the price of land: those who are lucky enough to own land at that moment receive a large capital gain.""",paraphrase,3. Conceptual objects,medium
CLM_PDF010_Q03_006,PDF010,PDF010_Q03,Stiglitz_2015b,"4, 16, 18, 20, 22",variables_parameters,land,,real-estate credit amplifies land-price inflation,,P_t; W,policy_implication,"The influx of credit into a fixed asset bids up the price of land, generating immediate, unearned capital gains for the wealthy.",land-credit crowding-out,validated_paraphrase,NotebookLM-backed paraphrase from completed note; verify exact wording before final quotation.,03_notes/questions/PDF010_Q03.md,C1,,"- Page(s): 4, 16, 18, 20, 22 - Key passage(s), paraphrased or short quote only: - ""a lowering of collateral requirements or of banks' capital adequacy requirements does not result in an increase in the overall efficiency of the economy, but leads to more inequality."" - ""if there is a change in the rules of the game-say a lowering of the collateral required for a loan-then there will be an increase in the price of land: those who are lucky enough to own land at that moment receive a large capital gain.""",paraphrase,3. Conceptual objects,medium
CLM_PDF010_Q03_007,PDF010,PDF010_Q03,Stiglitz_2015b,"4, 16, 18, 20, 22",variables_parameters,land,,unbalanced growth separates land prices from rents,,D_t/r_t; r; W,policy_implication,"Concurrently, low interest rates penalize workers whose life-cycle savings are concentrated in government bonds, structurally widening the wealth gap between equity-owning capitalists and debt-holding workers.",debt rollover / R versus G,validated_paraphrase,NotebookLM-backed paraphrase from completed note; verify exact wording before final quotation.,03_notes/questions/PDF010_Q03.md,C1,,"- Page(s): 4, 16, 18, 20, 22 - Key passage(s), paraphrased or short quote only: - ""a lowering of collateral requirements or of banks' capital adequacy requirements does not result in an increase in the overall efficiency of the economy, but leads to more inequality."" - ""if there is a change in the rules of the game-say a lowering of the collateral required for a loan-then there will be an increase in the price of land: those who are lucky enough to own land at that moment receive a large capital gain.""",paraphrase,3. Conceptual objects,medium
CLM_PDF010_Q04_001,PDF010,PDF010_Q04,Stiglitz_2015b,"8, 12, 13, 14, 19",causality,land,,land speculation crowds out productive capital,"Land accumulation crowds out real capital accumulation because rising land prices act as a substitute for real investment, absorbing finite macroeconomic savings into non-productive capital gains.",P_t; K_t; k_{t+1},model_based_synthesis,"Land accumulation crowds out real capital accumulation because rising land prices act as a substitute for real investment, absorbing finite macroeconomic savings into non-productive capital gains.",land-credit crowding-out,validated_paraphrase,NotebookLM-backed paraphrase from completed note; verify exact wording before final quotation.,03_notes/questions/PDF010_Q04.md,C1,,"- Page(s): 8, 12, 13, 14, 19 - Key passage(s), paraphrased or short quote only: - ""The RHS of (3.2) is net savings... This goes into an increase in the value of land ('land savings') or capital accumulation"" - ""the increase in the value of land ('savings' in this sense) acts as a substitute for real capital accumulation, and k accordingly diminishes""",paraphrase,3. Conceptual objects,medium
CLM_PDF010_Q04_002,PDF010,PDF010_Q04,Stiglitz_2015b,"8, 12, 13, 14, 19",variables_parameters,land,,land changes R versus G and debt-rollover conditions,,K_t,model_based_synthesis,"The savings allocation equation (3.2), $\frac{dK}{dt} + T\frac{dp}{dt} = s(FK K - \mu K + T\frac{dp}{dt})$, which demonstrates that net savings must cover both capital accumulation and the increasing value of land.",land-credit crowding-out,validated_paraphrase,NotebookLM-backed paraphrase from completed note; verify exact wording before final quotation.,03_notes/questions/PDF010_Q04.md,C1,,"- Page(s): 8, 12, 13, 14, 19 - Key passage(s), paraphrased or short quote only: - ""The RHS of (3.2) is net savings... This goes into an increase in the value of land ('land savings') or capital accumulation"" - ""the increase in the value of land ('savings' in this sense) acts as a substitute for real capital accumulation, and k accordingly diminishes""",paraphrase,3. Conceptual objects,medium
CLM_PDF010_Q04_003,PDF010,PDF010_Q04,Stiglitz_2015b,"8, 12, 13, 14, 19",mechanism,land,,land speculation crowds out productive capital,"Applying this precise crowding-out mechanism to Latin American economies requires external verification, as the strict zero-sum trade-off between domestic land savings and capital accumulation assumes a closed economy, abstracting from the region's reliance on external sovereign debt and foreign capital inflows to finance real estate booms.",,critical_interpretation,"Applying this precise crowding-out mechanism to Latin American economies requires external verification, as the strict zero-sum trade-off between domestic land savings and capital accumulation assumes a closed economy, abstracting from the region's reliance on external sovereign debt and foreign capital inflows to finance real estate booms.",debt rollover / R versus G,validated_paraphrase,NotebookLM-backed paraphrase from completed note; verify exact wording before final quotation.,03_notes/questions/PDF010_Q04.md,C1,,"- Page(s): 8, 12, 13, 14, 19 - Key passage(s), paraphrased or short quote only: - ""The RHS of (3.2) is net savings... This goes into an increase in the value of land ('land savings') or capital accumulation"" - ""the increase in the value of land ('savings' in this sense) acts as a substitute for real capital accumulation, and k accordingly diminishes""",paraphrase,3. Conceptual objects,medium
CLM_PDF010_Q04_004,PDF010,PDF010_Q04,Stiglitz_2015b,"8, 12, 13, 14, 19",mechanism,land,,land changes R versus G and debt-rollover conditions,"Aggregate net savings in the economy are allocated between physical capital accumulation and increases in the value of land (""land savings"").",,model_based_synthesis,"Aggregate net savings in the economy are allocated between physical capital accumulation and increases in the value of land (""land savings"").",land-credit crowding-out,validated_paraphrase,NotebookLM-backed paraphrase from completed note; verify exact wording before final quotation.,03_notes/questions/PDF010_Q04.md,C1,,"- Page(s): 8, 12, 13, 14, 19 - Key passage(s), paraphrased or short quote only: - ""The RHS of (3.2) is net savings... This goes into an increase in the value of land ('land savings') or capital accumulation"" - ""the increase in the value of land ('savings' in this sense) acts as a substitute for real capital accumulation, and k accordingly diminishes""",paraphrase,3. Conceptual objects,medium
CLM_PDF010_Q04_005,PDF010,PDF010_Q04,Stiglitz_2015b,"8, 12, 13, 14, 19",variables_parameters,land,,real-estate credit amplifies land-price inflation,,P_t,model_based_synthesis,"When land prices inflate (due to speculative bubble dynamics or credit expansion), they must continue growing to satisfy capital arbitrage.",land-credit crowding-out,validated_paraphrase,NotebookLM-backed paraphrase from completed note; verify exact wording before final quotation.,03_notes/questions/PDF010_Q04.md,C1,,"- Page(s): 8, 12, 13, 14, 19 - Key passage(s), paraphrased or short quote only: - ""The RHS of (3.2) is net savings... This goes into an increase in the value of land ('land savings') or capital accumulation"" - ""the increase in the value of land ('savings' in this sense) acts as a substitute for real capital accumulation, and k accordingly diminishes""",paraphrase,3. Conceptual objects,medium
CLM_PDF010_Q04_006,PDF010,PDF010_Q04,Stiglitz_2015b,"8, 12, 13, 14, 19",variables_parameters,land,,land changes R versus G and debt-rollover conditions,,,model_based_synthesis,"As the value of land explodes, purchasing it absorbs an ever-larger proportion of the available finite savings.",land-credit crowding-out,validated_paraphrase,NotebookLM-backed paraphrase from completed note; verify exact wording before final quotation.,03_notes/questions/PDF010_Q04.md,C1,,"- Page(s): 8, 12, 13, 14, 19 - Key passage(s), paraphrased or short quote only: - ""The RHS of (3.2) is net savings... This goes into an increase in the value of land ('land savings') or capital accumulation"" - ""the increase in the value of land ('savings' in this sense) acts as a substitute for real capital accumulation, and k accordingly diminishes""",paraphrase,1. Introduction,medium
CLM_PDF010_Q04_007,PDF010,PDF010_Q04,Stiglitz_2015b,"8, 12, 13, 14, 19",mechanism,land,,land speculation crowds out productive capital,"This diversion of funds directly starves the real economy of investment, crowding out productive capital formation and causing the physical capital stock to decline.",K_t; k_{t+1},model_based_synthesis,"This diversion of funds directly starves the real economy of investment, crowding out productive capital formation and causing the physical capital stock to decline.",land-credit crowding-out,validated_paraphrase,NotebookLM-backed paraphrase from completed note; verify exact wording before final quotation.,03_notes/questions/PDF010_Q04.md,C1,,"- Page(s): 8, 12, 13, 14, 19 - Key passage(s), paraphrased or short quote only: - ""The RHS of (3.2) is net savings... This goes into an increase in the value of land ('land savings') or capital accumulation"" - ""the increase in the value of land ('savings' in this sense) acts as a substitute for real capital accumulation, and k accordingly diminishes""",paraphrase,3. Conceptual objects,medium
CLM_PDF010_Q05_001,PDF010,PDF010_Q05,Stiglitz_2015b,"4, 5, 14",mechanism,land,,land speculation crowds out productive capital,Land taxation reduces the divergence between measured wealth and productive capital by decreasing the capitalized value of land rents and redirecting speculative savings back into real capital accumulation.,D_t/r_t; K_t; W,policy_implication,Land taxation reduces the divergence between measured wealth and productive capital by decreasing the capitalized value of land rents and redirecting speculative savings back into real capital accumulation.,policy / taxation / regulation,validated_paraphrase,NotebookLM-backed paraphrase from completed note; verify exact wording before final quotation.,03_notes/questions/PDF010_Q05.md,C1,,"- Page(s): 4, 5, 14 - Key passage(s), paraphrased or short quote only: - ""If the return land is taxed, then W and K are more closely aligned. If the returns to land are fully taxed (as they would be with the Henry George tax), W and K would be fully aligned."" - ""At any given K, the higher $\tau^L$ the lower wealth: the tax reduces the gap between wealth and capital.""",paraphrase,3. Conceptual objects,medium
CLM_PDF010_Q05_002,PDF010,PDF010_Q05,Stiglitz_2015b,"4, 5, 14",variables_parameters,land,,land changes R versus G and debt-rollover conditions,,K_t; W,policy_implication,"Equation (1.2') $W = K + \frac{(1-\tau^L)R}{r} = K + (1-\tau^L)R/FK$, demonstrating that an increased tax rate on land returns ($\tau^L$) directly aligns wealth ($W$) and capital ($K$).",policy / taxation / regulation,validated_paraphrase,NotebookLM-backed paraphrase from completed note; verify exact wording before final quotation.,03_notes/questions/PDF010_Q05.md,C1,,"- Page(s): 4, 5, 14 - Key passage(s), paraphrased or short quote only: - ""If the return land is taxed, then W and K are more closely aligned. If the returns to land are fully taxed (as they would be with the Henry George tax), W and K would be fully aligned."" - ""At any given K, the higher $\tau^L$ the lower wealth: the tax reduces the gap between wealth and capital.""",paraphrase,3. Conceptual objects,medium
CLM_PDF010_Q05_003,PDF010,PDF010_Q05,Stiglitz_2015b,"4, 5, 14",variables_parameters,land,,real-estate credit amplifies land-price inflation,,W,formal_model_result,"Evaluating the effectiveness of land taxation for reducing the wealth-capital gap in Latin America requires external verification, as this model assumes a closed economy with perfect institutional tax enforcement, abstracting from the region's prevalent informal real estate markets, capital flight, and historical challenges with wealth tax evasion.",policy / taxation / regulation,validated_paraphrase,NotebookLM-backed paraphrase from completed note; verify exact wording before final quotation.,03_notes/questions/PDF010_Q05.md,C1,,"- Page(s): 4, 5, 14 - Key passage(s), paraphrased or short quote only: - ""If the return land is taxed, then W and K are more closely aligned. If the returns to land are fully taxed (as they would be with the Henry George tax), W and K would be fully aligned."" - ""At any given K, the higher $\tau^L$ the lower wealth: the tax reduces the gap between wealth and capital.""",paraphrase,3. Conceptual objects,medium
CLM_PDF010_Q05_004,PDF010,PDF010_Q05,Stiglitz_2015b,"4, 5, 14",mechanism,land,,land speculation crowds out productive capital,Aggregate wealth consists of productive capital plus the capitalized value of non-productive assets like land.,K_t; W,policy_implication,Aggregate wealth consists of productive capital plus the capitalized value of non-productive assets like land.,land-credit crowding-out,validated_paraphrase,NotebookLM-backed paraphrase from completed note; verify exact wording before final quotation.,03_notes/questions/PDF010_Q05.md,C1,,"- Page(s): 4, 5, 14 - Key passage(s), paraphrased or short quote only: - ""If the return land is taxed, then W and K are more closely aligned. If the returns to land are fully taxed (as they would be with the Henry George tax), W and K would be fully aligned."" - ""At any given K, the higher $\tau^L$ the lower wealth: the tax reduces the gap between wealth and capital.""",paraphrase,3. Conceptual objects,medium
CLM_PDF010_Q05_005,PDF010,PDF010_Q05,Stiglitz_2015b,"4, 5, 14",variables_parameters,land,,land changes R versus G and debt-rollover conditions,,P_t,policy_implication,Imposing a tax on land returns (or capital gains) directly lowers the user demand and the equilibrium market price of land.,policy / taxation / regulation,validated_paraphrase,NotebookLM-backed paraphrase from completed note; verify exact wording before final quotation.,03_notes/questions/PDF010_Q05.md,C1,,"- Page(s): 4, 5, 14 - Key passage(s), paraphrased or short quote only: - ""If the return land is taxed, then W and K are more closely aligned. If the returns to land are fully taxed (as they would be with the Henry George tax), W and K would be fully aligned."" - ""At any given K, the higher $\tau^L$ the lower wealth: the tax reduces the gap between wealth and capital.""",paraphrase,3. Conceptual objects,medium
CLM_PDF010_Q05_006,PDF010,PDF010_Q05,Stiglitz_2015b,"4, 5, 14",variables_parameters,land,,land speculation crowds out productive capital,,K_t; W,policy_implication,"By reducing the asset value of land, the tax mathematically shrinks the gap between measured wealth and productive capital.",policy / taxation / regulation,validated_paraphrase,NotebookLM-backed paraphrase from completed note; verify exact wording before final quotation.,03_notes/questions/PDF010_Q05.md,C1,,"- Page(s): 4, 5, 14 - Key passage(s), paraphrased or short quote only: - ""If the return land is taxed, then W and K are more closely aligned. If the returns to land are fully taxed (as they would be with the Henry George tax), W and K would be fully aligned."" - ""At any given K, the higher $\tau^L$ the lower wealth: the tax reduces the gap between wealth and capital.""",paraphrase,3. Conceptual objects,medium
CLM_PDF010_Q05_007,PDF010,PDF010_Q05,Stiglitz_2015b,"4, 5, 14",variables_parameters,land,,land speculation crowds out productive capital,,K_t; k_{t+1},policy_implication,"Dynamically, this lower land valuation stops land speculation from crowding out real investment, redirecting finite savings into productive capital accumulation and increasing the capital-labor ratio.",land-credit crowding-out,validated_paraphrase,NotebookLM-backed paraphrase from completed note; verify exact wording before final quotation.,03_notes/questions/PDF010_Q05.md,C1,,"- Page(s): 4, 5, 14 - Key passage(s), paraphrased or short quote only: - ""If the return land is taxed, then W and K are more closely aligned. If the returns to land are fully taxed (as they would be with the Henry George tax), W and K would be fully aligned."" - ""At any given K, the higher $\tau^L$ the lower wealth: the tax reduces the gap between wealth and capital.""",paraphrase,3. Conceptual objects,medium
CLM_PDF010_Q06_001,PDF010,PDF010_Q06,Stiglitz_2015b,"8, 13, 18",variables_parameters,land,,land speculation crowds out productive capital,,collateral parameter,model_based_synthesis,"While explicitly connecting this text to later Hirano-Stiglitz models requires external verification, the paper lays the foundational theoretical mechanism for credit-land-growth frameworks by showing that credit expansion tied to land collateral fuels asset bubbles that crowd out real capital accumulation.",land-credit crowding-out,validated_paraphrase,NotebookLM-backed paraphrase from completed note; verify exact wording before final quotation.,03_notes/questions/PDF010_Q06.md,C1,,"- Page(s): 8, 13, 18 - Key passage(s), paraphrased or short quote only: ""On the trajectories in which the price of land 'explodes,' eventually the increase in the value of land crowds out capital accumulation-the capital stock declines, even though wealth continues to increase""; ""banking system only provides credit with land as collateral... $c = \alpha pT$""; ""If the financial system expands credit supply at a pace that is faster... no one would want to hold capital... k would decrease"".",paraphrase,3. Conceptual objects,medium
CLM_PDF010_Q06_002,PDF010,PDF010_Q06,Stiglitz_2015b,"8, 13, 18",variables_parameters,land,,real-estate credit amplifies land-price inflation,,collateral parameter,model_based_synthesis,The collateral-credit equation $c = \alpha pT$ (4.10) and the resulting dynamic where rapid credit expansion causes capital per capita ($k$) to decline: $d(\log k)/dt = -n$ (4.14).,land-credit crowding-out,validated_paraphrase,NotebookLM-backed paraphrase from completed note; verify exact wording before final quotation.,03_notes/questions/PDF010_Q06.md,C1,,"- Page(s): 8, 13, 18 - Key passage(s), paraphrased or short quote only: ""On the trajectories in which the price of land 'explodes,' eventually the increase in the value of land crowds out capital accumulation-the capital stock declines, even though wealth continues to increase""; ""banking system only provides credit with land as collateral... $c = \alpha pT$""; ""If the financial system expands credit supply at a pace that is faster... no one would want to hold capital... k would decrease"".",paraphrase,3. Conceptual objects,medium
CLM_PDF010_Q06_003,PDF010,PDF010_Q06,Stiglitz_2015b,"8, 13, 18",variables_parameters,land,,land changes R versus G and debt-rollover conditions,,,critical_interpretation,"Confirming that this specific text is the direct theoretical predecessor to the later Hirano-Stiglitz models requires external verification, as Hirano is neither an author nor cited in this paper, and the model assumes a closed-economy financial system abstracting from Latin America's typical exposure to foreign capital flows.",Latin American applicability,validated_paraphrase,NotebookLM-backed paraphrase from completed note; verify exact wording before final quotation.,03_notes/questions/PDF010_Q06.md,C1,,"- Page(s): 8, 13, 18 - Key passage(s), paraphrased or short quote only: ""On the trajectories in which the price of land 'explodes,' eventually the increase in the value of land crowds out capital accumulation-the capital stock declines, even though wealth continues to increase""; ""banking system only provides credit with land as collateral... $c = \alpha pT$""; ""If the financial system expands credit supply at a pace that is faster... no one would want to hold capital... k would decrease"".",paraphrase,3. Conceptual objects,medium
CLM_PDF010_Q06_004,PDF010,PDF010_Q06,Stiglitz_2015b,"8, 13, 18",mechanism,land,,real-estate credit amplifies land-price inflation,The financial system issues credit to rentiers based on the collateral value of fixed land.,D_t/r_t; collateral parameter,model_based_synthesis,The financial system issues credit to rentiers based on the collateral value of fixed land.,land-credit crowding-out,validated_paraphrase,NotebookLM-backed paraphrase from completed note; verify exact wording before final quotation.,03_notes/questions/PDF010_Q06.md,C1,,"- Page(s): 8, 13, 18 - Key passage(s), paraphrased or short quote only: ""On the trajectories in which the price of land 'explodes,' eventually the increase in the value of land crowds out capital accumulation-the capital stock declines, even though wealth continues to increase""; ""banking system only provides credit with land as collateral... $c = \alpha pT$""; ""If the financial system expands credit supply at a pace that is faster... no one would want to hold capital... k would decrease"".",paraphrase,5. Mechanism II,medium
CLM_PDF010_Q06_005,PDF010,PDF010_Q06,Stiglitz_2015b,"8, 13, 18",variables_parameters,land,,real-estate credit amplifies land-price inflation,,P_t,policy_implication,"A rapid, policy-driven expansion of this credit bids up land prices, creating a speculative bubble where land valuations grow super-exponentially.",land-credit crowding-out,validated_paraphrase,NotebookLM-backed paraphrase from completed note; verify exact wording before final quotation.,03_notes/questions/PDF010_Q06.md,C1,,"- Page(s): 8, 13, 18 - Key passage(s), paraphrased or short quote only: ""On the trajectories in which the price of land 'explodes,' eventually the increase in the value of land crowds out capital accumulation-the capital stock declines, even though wealth continues to increase""; ""banking system only provides credit with land as collateral... $c = \alpha pT$""; ""If the financial system expands credit supply at a pace that is faster... no one would want to hold capital... k would decrease"".",paraphrase,5. Mechanism II,medium
CLM_PDF010_Q06_006,PDF010,PDF010_Q06,Stiglitz_2015b,"8, 13, 18",mechanism,land,,land changes R versus G and debt-rollover conditions,"Net savings in the macroeconomy must absorb the inflating value of land (""land savings"") in addition to funding physical capital accumulation.",,critical_interpretation,"Net savings in the macroeconomy must absorb the inflating value of land (""land savings"") in addition to funding physical capital accumulation.",Latin American applicability,validated_paraphrase,NotebookLM-backed paraphrase from completed note; verify exact wording before final quotation.,03_notes/questions/PDF010_Q06.md,C1,,"- Page(s): 8, 13, 18 - Key passage(s), paraphrased or short quote only: ""On the trajectories in which the price of land 'explodes,' eventually the increase in the value of land crowds out capital accumulation-the capital stock declines, even though wealth continues to increase""; ""banking system only provides credit with land as collateral... $c = \alpha pT$""; ""If the financial system expands credit supply at a pace that is faster... no one would want to hold capital... k would decrease"".",paraphrase,3. Conceptual objects,medium
CLM_PDF010_Q06_007,PDF010,PDF010_Q06,Stiglitz_2015b,"8, 13, 18",variables_parameters,land,,land speculation crowds out productive capital,,P_t; K_t; k_{t+1},model_based_synthesis,"The explosive growth in land prices diverts these finite savings away from real investment, structurally crowding out capital formation and causing the per-capita capital stock to shrink.",land-credit crowding-out,validated_paraphrase,NotebookLM-backed paraphrase from completed note; verify exact wording before final quotation.,03_notes/questions/PDF010_Q06.md,C1,,"- Page(s): 8, 13, 18 - Key passage(s), paraphrased or short quote only: ""On the trajectories in which the price of land 'explodes,' eventually the increase in the value of land crowds out capital accumulation-the capital stock declines, even though wealth continues to increase""; ""banking system only provides credit with land as collateral... $c = \alpha pT$""; ""If the financial system expands credit supply at a pace that is faster... no one would want to hold capital... k would decrease"".",paraphrase,3. Conceptual objects,medium
CLM_PDF010_Q07_001,PDF010,PDF010_Q07,Stiglitz_2015b,"15, 16, 17, 20, 25",causality,land,,land speculation crowds out productive capital,"Credit-led financialization exacerbates inequality and crowds out productive investment because banks create credit based on fixed collateral (land), which artificially inflates asset prices and enriches wealthy owners without contributing to the real economy.",k_{t+1}; collateral parameter; W,formal_model_result,"Credit-led financialization exacerbates inequality and crowds out productive investment because banks create credit based on fixed collateral (land), which artificially inflates asset prices and enriches wealthy owners without contributing to the real economy.",land-credit crowding-out,validated_paraphrase,NotebookLM-backed paraphrase from completed note; verify exact wording before final quotation.,03_notes/questions/PDF010_Q07.md,C1,,"- Page(s): 15, 16, 17, 20, 25 - Key passage(s), paraphrased or short quote only: - ""Credit... is created out of thin air... net, the financial system does not even raise capital for the corporate sector."" - ""An increase in credit increases wealth through an increase in land prices, but has no effect on the capital stock... all of the increase in wealth (capital gain) goes to the wealthy.""",paraphrase,3. Conceptual objects,medium
CLM_PDF010_Q07_002,PDF010,PDF010_Q07,Stiglitz_2015b,"15, 16, 17, 20, 25",causality,land,,real-estate credit amplifies land-price inflation,"The collateral-credit equation $c = \alpha pT$ (4.10) and the wealth-credit derivative $\frac{dW}{dc} 0$ (4.7), demonstrating mathematically that credit expansion increases wealth solely through land price inflation without affecting the equilibrium capital stock.",P_t; K_t; collateral parameter; W,formal_model_result,"The collateral-credit equation $c = \alpha pT$ (4.10) and the wealth-credit derivative $\frac{dW}{dc} 0$ (4.7), demonstrating mathematically that credit expansion increases wealth solely through land price inflation without affecting the equilibrium capital stock.",land-credit crowding-out,validated_paraphrase,NotebookLM-backed paraphrase from completed note; verify exact wording before final quotation.,03_notes/questions/PDF010_Q07.md,C1,,"- Page(s): 15, 16, 17, 20, 25 - Key passage(s), paraphrased or short quote only: - ""Credit... is created out of thin air... net, the financial system does not even raise capital for the corporate sector."" - ""An increase in credit increases wealth through an increase in land prices, but has no effect on the capital stock... all of the increase in wealth (capital gain) goes to the wealthy.""",paraphrase,3. Conceptual objects,medium
CLM_PDF010_Q07_003,PDF010,PDF010_Q07,Stiglitz_2015b,"15, 16, 17, 20, 25",theory_evidence,land,,land changes R versus G and debt-rollover conditions,,,formal_model_result,"Applying this precise critique of financialization to Latin America requires external verification, as the theoretical model assumes a closed domestic financial system and abstracts from the region's specific peripheral financial constraints, such as dependence on volatile foreign capital inflows, sovereign debt burdens, and dollarized banking sectors.",debt rollover / R versus G,validated_paraphrase,NotebookLM-backed paraphrase from completed note; verify exact wording before final quotation.,03_notes/questions/PDF010_Q07.md,C1,,"- Page(s): 15, 16, 17, 20, 25 - Key passage(s), paraphrased or short quote only: - ""Credit... is created out of thin air... net, the financial system does not even raise capital for the corporate sector."" - ""An increase in credit increases wealth through an increase in land prices, but has no effect on the capital stock... all of the increase in wealth (capital gain) goes to the wealthy.""",paraphrase,3. Conceptual objects,medium
CLM_PDF010_Q07_004,PDF010,PDF010_Q07,Stiglitz_2015b,"15, 16, 17, 20, 25",variables_parameters,land,,real-estate credit amplifies land-price inflation,,collateral parameter,formal_model_result,"The modern financial system creates credit and allocates it primarily based on the ownership of collateral (land), rather than productive potential.",land-credit crowding-out,validated_paraphrase,NotebookLM-backed paraphrase from completed note; verify exact wording before final quotation.,03_notes/questions/PDF010_Q07.md,C1,,"- Page(s): 15, 16, 17, 20, 25 - Key passage(s), paraphrased or short quote only: - ""Credit... is created out of thin air... net, the financial system does not even raise capital for the corporate sector."" - ""An increase in credit increases wealth through an increase in land prices, but has no effect on the capital stock... all of the increase in wealth (capital gain) goes to the wealthy.""",paraphrase,5. Mechanism II,medium
CLM_PDF010_Q07_005,PDF010,PDF010_Q07,Stiglitz_2015b,"15, 16, 17, 20, 25",variables_parameters,land,,real-estate credit amplifies land-price inflation,,D_t/r_t; W,formal_model_result,"Expanding this credit supply mechanically bids up the price of fixed positional assets, generating massive capital gains for the wealthy rentiers who already own them.",land-credit crowding-out,validated_paraphrase,NotebookLM-backed paraphrase from completed note; verify exact wording before final quotation.,03_notes/questions/PDF010_Q07.md,C1,,"- Page(s): 15, 16, 17, 20, 25 - Key passage(s), paraphrased or short quote only: - ""Credit... is created out of thin air... net, the financial system does not even raise capital for the corporate sector."" - ""An increase in credit increases wealth through an increase in land prices, but has no effect on the capital stock... all of the increase in wealth (capital gain) goes to the wealthy.""",paraphrase,3. Conceptual objects,medium
CLM_PDF010_Q07_006,PDF010,PDF010_Q07,Stiglitz_2015b,"15, 16, 17, 20, 25",variables_parameters,land,,land speculation crowds out productive capital,,K_t,formal_model_result,"This speculative dynamic absorbs finite macroeconomic savings, crowding out real capital accumulation so that productive capital per capita actually declines.",land-credit crowding-out,validated_paraphrase,NotebookLM-backed paraphrase from completed note; verify exact wording before final quotation.,03_notes/questions/PDF010_Q07.md,C1,,"- Page(s): 15, 16, 17, 20, 25 - Key passage(s), paraphrased or short quote only: - ""Credit... is created out of thin air... net, the financial system does not even raise capital for the corporate sector."" - ""An increase in credit increases wealth through an increase in land prices, but has no effect on the capital stock... all of the increase in wealth (capital gain) goes to the wealthy.""",paraphrase,3. Conceptual objects,medium
CLM_PDF010_Q07_007,PDF010,PDF010_Q07,Stiglitz_2015b,"15, 16, 17, 20, 25",variables_parameters,land,,real-estate credit amplifies land-price inflation,,collateral parameter,formal_model_result,"Simultaneously, expansionary monetary policies and financial deregulation (e.g., lower collateral requirements) penalize workers' safe life-cycle savings while benefiting equity owners, structurally worsening inequality and preying on the poor through usurious debt.",land-credit crowding-out,validated_paraphrase,NotebookLM-backed paraphrase from completed note; verify exact wording before final quotation.,03_notes/questions/PDF010_Q07.md,C1,,"- Page(s): 15, 16, 17, 20, 25 - Key passage(s), paraphrased or short quote only: - ""Credit... is created out of thin air... net, the financial system does not even raise capital for the corporate sector."" - ""An increase in credit increases wealth through an increase in land prices, but has no effect on the capital stock... all of the increase in wealth (capital gain) goes to the wealthy.""",paraphrase,5. Mechanism II,medium
CLM_PDF011_Q01_001,PDF011,PDF011_Q01,Stiglitz_2015a,"10, 11, 28",variables_parameters,land,,land speculation crowds out productive capital,,D_t/r_t; k_{t+1}; W,model_based_synthesis,"The wealth residual represents the massive gap between the observed surge in aggregate wealth and the actual, much lower rate of real capital accumulation dictated by national savings data, indicating that wealth increases are driven by capitalized rents rather than productive investment.",land-credit crowding-out,validated_paraphrase,NotebookLM-backed paraphrase from completed note; verify exact wording before final quotation.,03_notes/questions/PDF011_Q01.md,C1,,"- Page(s): 10, 11, 28 - Key passage(s), paraphrased or short quote only: - ""If these numbers were accurate, the observed increase in wealth income ratios must come from somewhere else than the steady accumulation of capital goods. This can be thought of as the 'wealth-accumulation residual'."" - ""capital deepening (defined as an increase in the capital output ratio) occurs if and only if (2.4) $s > g^* \beta \xi$.""",paraphrase,3. Conceptual objects,medium
CLM_PDF011_Q01_002,PDF011,PDF011_Q01,Stiglitz_2015a,"10, 11, 28",causality,land,,land changes R versus G and debt-rollover conditions,"Equation (2.4), $s g^ \beta \xi$, which establishes the critical net savings condition required for real capital deepening, demonstrating that actual US savings ($s \approx 5.2\%$) mathematically fail to meet the threshold (e.g., $ 11.2\%$).",,model_based_synthesis,"Equation (2.4), $s g^ \beta \xi$, which establishes the critical net savings condition required for real capital deepening, demonstrating that actual US savings ($s \approx 5.2\%$) mathematically fail to meet the threshold (e.g., $ 11.2\%$).",land-credit crowding-out,validated_paraphrase,NotebookLM-backed paraphrase from completed note; verify exact wording before final quotation.,03_notes/questions/PDF011_Q01.md,C1,,"- Page(s): 10, 11, 28 - Key passage(s), paraphrased or short quote only: - ""If these numbers were accurate, the observed increase in wealth income ratios must come from somewhere else than the steady accumulation of capital goods. This can be thought of as the 'wealth-accumulation residual'."" - ""capital deepening (defined as an increase in the capital output ratio) occurs if and only if (2.4) $s > g^* \beta \xi$.""",paraphrase,3. Conceptual objects,medium
CLM_PDF011_Q01_003,PDF011,PDF011_Q01,Stiglitz_2015a,"10, 11, 28",variables_parameters,land,,land changes R versus G and debt-rollover conditions,,W,measurement_or_empirical_motivation,"Evaluating the exact magnitude and drivers of the wealth residual in Latin America requires external verification, as the paper’s empirical parameters rely strictly on US and advanced-economy macroeconomic data, abstracting from the region's specific vulnerabilities to foreign capital inflows, commodity price shocks, and structural external debt.",debt rollover / R versus G,validated_paraphrase,NotebookLM-backed paraphrase from completed note; verify exact wording before final quotation.,03_notes/questions/PDF011_Q01.md,C1,,"- Page(s): 10, 11, 28 - Key passage(s), paraphrased or short quote only: - ""If these numbers were accurate, the observed increase in wealth income ratios must come from somewhere else than the steady accumulation of capital goods. This can be thought of as the 'wealth-accumulation residual'."" - ""capital deepening (defined as an increase in the capital output ratio) occurs if and only if (2.4) $s > g^* \beta \xi$.""",paraphrase,3. Conceptual objects,medium
CLM_PDF011_Q01_004,PDF011,PDF011_Q01,Stiglitz_2015a,"10, 11, 28",variables_parameters,land,,land changes R versus G and debt-rollover conditions,,W,model_based_synthesis,Standard national accounting requires the net savings rate to exceed a specific threshold (determined by economic growth and existing wealth ratios) for the real capital-output ratio to increase.,land-credit crowding-out,validated_paraphrase,NotebookLM-backed paraphrase from completed note; verify exact wording before final quotation.,03_notes/questions/PDF011_Q01.md,C1,,"- Page(s): 10, 11, 28 - Key passage(s), paraphrased or short quote only: - ""If these numbers were accurate, the observed increase in wealth income ratios must come from somewhere else than the steady accumulation of capital goods. This can be thought of as the 'wealth-accumulation residual'."" - ""capital deepening (defined as an increase in the capital output ratio) occurs if and only if (2.4) $s > g^* \beta \xi$.""",paraphrase,3. Conceptual objects,medium
CLM_PDF011_Q01_005,PDF011,PDF011_Q01,Stiglitz_2015a,"10, 11, 28",variables_parameters,land,,land speculation crowds out productive capital,,K_t,measurement_or_empirical_motivation,"Historical empirical data (e.g., in the US) shows that actual savings rates fall far short of this required threshold, meaning the real productive capital stock relative to income is actually shrinking.",land-credit crowding-out,validated_paraphrase,NotebookLM-backed paraphrase from completed note; verify exact wording before final quotation.,03_notes/questions/PDF011_Q01.md,C1,,"- Page(s): 10, 11, 28 - Key passage(s), paraphrased or short quote only: - ""If these numbers were accurate, the observed increase in wealth income ratios must come from somewhere else than the steady accumulation of capital goods. This can be thought of as the 'wealth-accumulation residual'."" - ""capital deepening (defined as an increase in the capital output ratio) occurs if and only if (2.4) $s > g^* \beta \xi$.""",paraphrase,3. Conceptual objects,medium
CLM_PDF011_Q01_006,PDF011,PDF011_Q01,Stiglitz_2015a,"10, 11, 28",variables_parameters,land,,land changes R versus G and debt-rollover conditions,,W,model_based_synthesis,"Nevertheless, aggregate measured wealth has grown significantly over this same period.",land-credit crowding-out,validated_paraphrase,NotebookLM-backed paraphrase from completed note; verify exact wording before final quotation.,03_notes/questions/PDF011_Q01.md,C1,,"- Page(s): 10, 11, 28 - Key passage(s), paraphrased or short quote only: - ""If these numbers were accurate, the observed increase in wealth income ratios must come from somewhere else than the steady accumulation of capital goods. This can be thought of as the 'wealth-accumulation residual'."" - ""capital deepening (defined as an increase in the capital output ratio) occurs if and only if (2.4) $s > g^* \beta \xi$.""",paraphrase,3. Conceptual objects,medium
CLM_PDF011_Q01_007,PDF011,PDF011_Q01,Stiglitz_2015a,"10, 11, 28",mechanism,land,,unbalanced growth separates land prices from rents,"This resulting ""wealth residual"" is explained by the inflation of existing asset values—specifically the capitalization of land rents, intellectual property, and monopoly/exploitation power—which artificially increases aggregate wealth without requiring new physical savings.",D_t/r_t; W,model_based_synthesis,"This resulting ""wealth residual"" is explained by the inflation of existing asset values—specifically the capitalization of land rents, intellectual property, and monopoly/exploitation power—which artificially increases aggregate wealth without requiring new physical savings.",land-credit crowding-out,validated_paraphrase,NotebookLM-backed paraphrase from completed note; verify exact wording before final quotation.,03_notes/questions/PDF011_Q01.md,C1,,"- Page(s): 10, 11, 28 - Key passage(s), paraphrased or short quote only: - ""If these numbers were accurate, the observed increase in wealth income ratios must come from somewhere else than the steady accumulation of capital goods. This can be thought of as the 'wealth-accumulation residual'."" - ""capital deepening (defined as an increase in the capital output ratio) occurs if and only if (2.4) $s > g^* \beta \xi$.""",paraphrase,3. Conceptual objects,medium
CLM_PDF011_Q02_001,PDF011,PDF011_Q02,Stiglitz_2015a,"7, 16, 17, 18, 21",causality,land,,land speculation crowds out productive capital,"Wealth and capital are fundamentally different aggregates because measured wealth includes not just productive capital but also the capitalized value of rents (like land and monopoly exploitation), explaining how aggregate wealth can soar while true productive capacity shrinks.",D_t/r_t; K_t; W,model_based_synthesis,"Wealth and capital are fundamentally different aggregates because measured wealth includes not just productive capital but also the capitalized value of rents (like land and monopoly exploitation), explaining how aggregate wealth can soar while true productive capacity shrinks.",land-credit crowding-out,validated_paraphrase,NotebookLM-backed paraphrase from completed note; verify exact wording before final quotation.,03_notes/questions/PDF011_Q02.md,C1,,"- Page(s): 7, 16, 17, 18, 21 - Key passage(s), paraphrased or short quote only: - ""Explaining why the concepts of 'capital' and 'wealth' are distinct, we show that appropriately defined aggregates for wealth may be... moving in opposite directions."" - ""Much of wealth is not produced assets ('machines') but land or other ownership claims giving rise to rents.""",paraphrase,3. Conceptual objects,medium
CLM_PDF011_Q02_002,PDF011,PDF011_Q02,Stiglitz_2015a,"7, 16, 17, 18, 21",definition,land,"The conceptual separation of aggregates utilizing $W = K + pT$ and the aggregate input equation $C = K^{\zeta}T^{1-\zeta}$, which demonstrate mathematically that the rate of change in wealth ($W$) can diverge completely from the rate of change in the productive input ($C$).",land changes R versus G and debt-rollover conditions,,K_t; W,model_based_synthesis,"The conceptual separation of aggregates utilizing $W = K + pT$ and the aggregate input equation $C = K^{\zeta}T^{1-\zeta}$, which demonstrate mathematically that the rate of change in wealth ($W$) can diverge completely from the rate of change in the productive input ($C$).",land-credit crowding-out,validated_paraphrase,NotebookLM-backed paraphrase from completed note; verify exact wording before final quotation.,03_notes/questions/PDF011_Q02.md,C1,,"- Page(s): 7, 16, 17, 18, 21 - Key passage(s), paraphrased or short quote only: - ""Explaining why the concepts of 'capital' and 'wealth' are distinct, we show that appropriately defined aggregates for wealth may be... moving in opposite directions."" - ""Much of wealth is not produced assets ('machines') but land or other ownership claims giving rise to rents.""",paraphrase,3. Conceptual objects,medium
CLM_PDF011_Q02_003,PDF011,PDF011_Q02,Stiglitz_2015a,"7, 16, 17, 18, 21",variables_parameters,land,,unbalanced growth separates land prices from rents,,D_t/r_t; W,measurement_or_empirical_motivation,"Applying this precise measurement distinction between wealth and capital to Latin American economies requires external verification, as the paper relies on advanced-economy data (US, France, UK) and abstracts from the region's specific dependence on commodity export rents, volatile foreign capital flows, and sovereign debt.",debt rollover / R versus G,validated_paraphrase,NotebookLM-backed paraphrase from completed note; verify exact wording before final quotation.,03_notes/questions/PDF011_Q02.md,C1,,"- Page(s): 7, 16, 17, 18, 21 - Key passage(s), paraphrased or short quote only: - ""Explaining why the concepts of 'capital' and 'wealth' are distinct, we show that appropriately defined aggregates for wealth may be... moving in opposite directions."" - ""Much of wealth is not produced assets ('machines') but land or other ownership claims giving rise to rents.""",paraphrase,3. Conceptual objects,medium
CLM_PDF011_Q02_004,PDF011,PDF011_Q02,Stiglitz_2015a,"7, 16, 17, 18, 21",variables_parameters,land,,land changes R versus G and debt-rollover conditions,,,model_based_synthesis,"Capital represents physical, produced assets that generate real economic output.",land-credit crowding-out,validated_paraphrase,NotebookLM-backed paraphrase from completed note; verify exact wording before final quotation.,03_notes/questions/PDF011_Q02.md,C1,,"- Page(s): 7, 16, 17, 18, 21 - Key passage(s), paraphrased or short quote only: - ""Explaining why the concepts of 'capital' and 'wealth' are distinct, we show that appropriately defined aggregates for wealth may be... moving in opposite directions."" - ""Much of wealth is not produced assets ('machines') but land or other ownership claims giving rise to rents.""",paraphrase,3. Conceptual objects,medium
CLM_PDF011_Q02_005,PDF011,PDF011_Q02,Stiglitz_2015a,"7, 16, 17, 18, 21",variables_parameters,land,,unbalanced growth separates land prices from rents,,D_t/r_t; W,model_based_synthesis,"Wealth measures financial control over resources, aggregating both physical capital and the market valuation of non-produced assets (such as land) and exploitative rents.",land-credit crowding-out,validated_paraphrase,NotebookLM-backed paraphrase from completed note; verify exact wording before final quotation.,03_notes/questions/PDF011_Q02.md,C1,,"- Page(s): 7, 16, 17, 18, 21 - Key passage(s), paraphrased or short quote only: - ""Explaining why the concepts of 'capital' and 'wealth' are distinct, we show that appropriately defined aggregates for wealth may be... moving in opposite directions."" - ""Much of wealth is not produced assets ('machines') but land or other ownership claims giving rise to rents.""",paraphrase,3. Conceptual objects,medium
CLM_PDF011_Q02_006,PDF011,PDF011_Q02,Stiglitz_2015a,"7, 16, 17, 18, 21",variables_parameters,land,,unbalanced growth separates land prices from rents,,D_t/r_t,model_based_synthesis,"Increases in market power, financial predation, or land scarcity generate higher rents for asset owners, which are then capitalized into financial markets.",land-credit crowding-out,validated_paraphrase,NotebookLM-backed paraphrase from completed note; verify exact wording before final quotation.,03_notes/questions/PDF011_Q02.md,C1,,"- Page(s): 7, 16, 17, 18, 21 - Key passage(s), paraphrased or short quote only: - ""Explaining why the concepts of 'capital' and 'wealth' are distinct, we show that appropriately defined aggregates for wealth may be... moving in opposite directions."" - ""Much of wealth is not produced assets ('machines') but land or other ownership claims giving rise to rents.""",paraphrase,3. Conceptual objects,medium
CLM_PDF011_Q02_007,PDF011,PDF011_Q02,Stiglitz_2015a,"7, 16, 17, 18, 21",variables_parameters,land,,land speculation crowds out productive capital,,K_t; W,model_based_synthesis,"This capitalization artificially expands the ""wealth residual"" and inflates measured wealth, even if the real productive capital stock is simultaneously declining or being crowded out.",land-credit crowding-out,validated_paraphrase,NotebookLM-backed paraphrase from completed note; verify exact wording before final quotation.,03_notes/questions/PDF011_Q02.md,C1,,"- Page(s): 7, 16, 17, 18, 21 - Key passage(s), paraphrased or short quote only: - ""Explaining why the concepts of 'capital' and 'wealth' are distinct, we show that appropriately defined aggregates for wealth may be... moving in opposite directions."" - ""Much of wealth is not produced assets ('machines') but land or other ownership claims giving rise to rents.""",paraphrase,3. Conceptual objects,medium
CLM_PDF011_Q03_001,PDF011,PDF011_Q03,Stiglitz_2015a,"1, 21, 22, 23, 25",variables_parameters,land,,land speculation crowds out productive capital,,D_t/r_t; K_t; W,model_based_synthesis,"The massive divergence between measured wealth and productive capital (the wealth residual) is driven by the capitalization of non-productive land rents, exploitation/market-power rents, and intellectual-property rents.",land-credit crowding-out,validated_paraphrase,NotebookLM-backed paraphrase from completed note; verify exact wording before final quotation.,03_notes/questions/PDF011_Q03.md,C1,,"- Page(s): 1, 21, 22, 23, 25 - Key passage(s), paraphrased or short quote only: - ""An important component of this is associated with rents: land rents, exploitation rents, and returns on intellectual property."" - ""There are, in fact, three reasons that W can increase without a concomitant increase in K, besides an increase in the value of land... increase in the value of intellectual property. Or there can be an increase in what might be called 'exploitation' rents.""",paraphrase,3. Conceptual objects,medium
CLM_PDF011_Q03_002,PDF011,PDF011_Q03,Stiglitz_2015a,"1, 21, 22, 23, 25",variables_parameters,land,,unbalanced growth separates land prices from rents,,D_t/r_t,critical_interpretation,"Evaluating the relative importance of these three specific rent channels in Latin America requires external verification, as the paper’s framework is based on advanced economies and does not explicitly address the region's heavy reliance on commodity-export rents, peripheral financial constraints, or imported intellectual property.",Latin American applicability,validated_paraphrase,NotebookLM-backed paraphrase from completed note; verify exact wording before final quotation.,03_notes/questions/PDF011_Q03.md,C1,,"- Page(s): 1, 21, 22, 23, 25 - Key passage(s), paraphrased or short quote only: - ""An important component of this is associated with rents: land rents, exploitation rents, and returns on intellectual property."" - ""There are, in fact, three reasons that W can increase without a concomitant increase in K, besides an increase in the value of land... increase in the value of intellectual property. Or there can be an increase in what might be called 'exploitation' rents.""",paraphrase,9. Critical appraisal,medium
CLM_PDF011_Q03_003,PDF011,PDF011_Q03,Stiglitz_2015a,"1, 21, 22, 23, 25",mechanism,land,,unbalanced growth separates land prices from rents,Urbanization and positional competition increase the scarcity value and market price of fixed land (land rents).,D_t/r_t,model_based_synthesis,Urbanization and positional competition increase the scarcity value and market price of fixed land (land rents).,land-credit crowding-out,validated_paraphrase,NotebookLM-backed paraphrase from completed note; verify exact wording before final quotation.,03_notes/questions/PDF011_Q03.md,C1,,"- Page(s): 1, 21, 22, 23, 25 - Key passage(s), paraphrased or short quote only: - ""An important component of this is associated with rents: land rents, exploitation rents, and returns on intellectual property."" - ""There are, in fact, three reasons that W can increase without a concomitant increase in K, besides an increase in the value of land... increase in the value of intellectual property. Or there can be an increase in what might be called 'exploitation' rents.""",paraphrase,1. Introduction,medium
CLM_PDF011_Q03_004,PDF011,PDF011_Q03,Stiglitz_2015a,"1, 21, 22, 23, 25",variables_parameters,land,,leverage creates land-bubble phase transition,,D_t/r_t; leverage parameter; W,model_based_synthesis,"Firms and the financial sector leverage imperfect information, monopoly power, and implicit public subsidies to extract wealth from workers and consumers (exploitation rents).",land-credit crowding-out,validated_paraphrase,NotebookLM-backed paraphrase from completed note; verify exact wording before final quotation.,03_notes/questions/PDF011_Q03.md,C1,,"- Page(s): 1, 21, 22, 23, 25 - Key passage(s), paraphrased or short quote only: - ""An important component of this is associated with rents: land rents, exploitation rents, and returns on intellectual property."" - ""There are, in fact, three reasons that W can increase without a concomitant increase in K, besides an increase in the value of land... increase in the value of intellectual property. Or there can be an increase in what might be called 'exploitation' rents.""",paraphrase,3. Conceptual objects,medium
CLM_PDF011_Q03_005,PDF011,PDF011_Q03,Stiglitz_2015a,"1, 21, 22, 23, 25",variables_parameters,land,,unbalanced growth separates land prices from rents,,D_t/r_t,model_based_synthesis,"Legal regimes privatize knowledge and extend patents/copyrights, turning previously free public goods into private assets (intellectual-property rents).",land-credit crowding-out,validated_paraphrase,NotebookLM-backed paraphrase from completed note; verify exact wording before final quotation.,03_notes/questions/PDF011_Q03.md,C1,,"- Page(s): 1, 21, 22, 23, 25 - Key passage(s), paraphrased or short quote only: - ""An important component of this is associated with rents: land rents, exploitation rents, and returns on intellectual property."" - ""There are, in fact, three reasons that W can increase without a concomitant increase in K, besides an increase in the value of land... increase in the value of intellectual property. Or there can be an increase in what might be called 'exploitation' rents.""",paraphrase,1. Introduction,medium
CLM_PDF011_Q03_006,PDF011,PDF011_Q03,Stiglitz_2015a,"1, 21, 22, 23, 25",mechanism,land,,land speculation crowds out productive capital,"The massive financial returns from all three sources are capitalized into asset prices, inflating measured wealth and enriching those at the top without increasing the real productive capital stock.",K_t; W,critical_interpretation,"The massive financial returns from all three sources are capitalized into asset prices, inflating measured wealth and enriching those at the top without increasing the real productive capital stock.",Latin American applicability,validated_paraphrase,NotebookLM-backed paraphrase from completed note; verify exact wording before final quotation.,03_notes/questions/PDF011_Q03.md,C1,,"- Page(s): 1, 21, 22, 23, 25 - Key passage(s), paraphrased or short quote only: - ""An important component of this is associated with rents: land rents, exploitation rents, and returns on intellectual property."" - ""There are, in fact, three reasons that W can increase without a concomitant increase in K, besides an increase in the value of land... increase in the value of intellectual property. Or there can be an increase in what might be called 'exploitation' rents.""",paraphrase,3. Conceptual objects,medium
CLM_PDF011_Q04_001,PDF011,PDF011_Q04,Stiglitz_2015a,"4, 14, 16",variables_parameters,land,,land speculation crowds out productive capital,,K_t; W,measurement_or_empirical_motivation,"The new stylized facts empirically contradict standard capital-labor models, which falsely predict that the observed massive increases in wealth (if interpreted as true productive capital) would force higher average wages, a lower return to capital, and a higher labor share.",land-credit crowding-out,validated_paraphrase,NotebookLM-backed paraphrase from completed note; verify exact wording before final quotation.,03_notes/questions/PDF011_Q04.md,C1,,"- Page(s): 4, 14, 16 - Key passage(s), paraphrased or short quote only: - ""An increase in the capital-labor ratio should be associated not only with a decrease in the return to capital r but as with an increase in wages; but as we have noted, wages have stagnated."" - ""capital deepening would imply an increasing share of labor-contrary to the new stylized facts.""",paraphrase,3. Conceptual objects,medium
CLM_PDF011_Q04_002,PDF011,PDF011_Q04,Stiglitz_2015a,"4, 14, 16",variables_parameters,land,,land changes R versus G and debt-rollover conditions,,,measurement_or_empirical_motivation,"The average wage derivative $\overline{w}^{\prime}(K)=-\frac{F{KK}K}{L}0$, demonstrating that in standard competitive models, capital deepening must unambiguously increase the average wage, contradicting recent empirical stagnation.",land-credit crowding-out,validated_paraphrase,NotebookLM-backed paraphrase from completed note; verify exact wording before final quotation.,03_notes/questions/PDF011_Q04.md,C1,,"- Page(s): 4, 14, 16 - Key passage(s), paraphrased or short quote only: - ""An increase in the capital-labor ratio should be associated not only with a decrease in the return to capital r but as with an increase in wages; but as we have noted, wages have stagnated."" - ""capital deepening would imply an increasing share of labor-contrary to the new stylized facts.""",paraphrase,3. Conceptual objects,medium
CLM_PDF011_Q04_003,PDF011,PDF011_Q04,Stiglitz_2015a,"4, 14, 16",variables_parameters,land,,land changes R versus G and debt-rollover conditions,,W,formal_model_result,"Applying this critique of standard capital-labor models to Latin America requires external verification, as the paper relies entirely on advanced-economy stylized facts (e.g., US wage stagnation and wealth-income ratios) and does not model the region's specific structural dependencies, such as primary commodity exports, informality, and peripheral financial constraints.",Latin American applicability,validated_paraphrase,NotebookLM-backed paraphrase from completed note; verify exact wording before final quotation.,03_notes/questions/PDF011_Q04.md,C1,,"- Page(s): 4, 14, 16 - Key passage(s), paraphrased or short quote only: - ""An increase in the capital-labor ratio should be associated not only with a decrease in the return to capital r but as with an increase in wages; but as we have noted, wages have stagnated."" - ""capital deepening would imply an increasing share of labor-contrary to the new stylized facts.""",paraphrase,3. Conceptual objects,medium
CLM_PDF011_Q04_004,PDF011,PDF011_Q04,Stiglitz_2015a,"4, 14, 16",theory_evidence,land,,land changes R versus G and debt-rollover conditions,,W,measurement_or_empirical_motivation,"New empirical data reveals rising wealth-income ratios, rising capital income shares, stagnant average wages, and steady returns to capital.",land-credit crowding-out,validated_paraphrase,NotebookLM-backed paraphrase from completed note; verify exact wording before final quotation.,03_notes/questions/PDF011_Q04.md,C1,,"- Page(s): 4, 14, 16 - Key passage(s), paraphrased or short quote only: - ""An increase in the capital-labor ratio should be associated not only with a decrease in the return to capital r but as with an increase in wages; but as we have noted, wages have stagnated."" - ""capital deepening would imply an increasing share of labor-contrary to the new stylized facts.""",paraphrase,3. Conceptual objects,medium
CLM_PDF011_Q04_005,PDF011,PDF011_Q04,Stiglitz_2015a,"4, 14, 16",theory_evidence,land,,land speculation crowds out productive capital,,K_t; W,model_based_synthesis,Standard neoclassical models equate wealth with productive capital and assume competitive markets.,land-credit crowding-out,validated_paraphrase,NotebookLM-backed paraphrase from completed note; verify exact wording before final quotation.,03_notes/questions/PDF011_Q04.md,C1,,"- Page(s): 4, 14, 16 - Key passage(s), paraphrased or short quote only: - ""An increase in the capital-labor ratio should be associated not only with a decrease in the return to capital r but as with an increase in wages; but as we have noted, wages have stagnated."" - ""capital deepening would imply an increasing share of labor-contrary to the new stylized facts.""",paraphrase,3. Conceptual objects,medium
CLM_PDF011_Q04_006,PDF011,PDF011_Q04,Stiglitz_2015a,"4, 14, 16",variables_parameters,land,,land changes R versus G and debt-rollover conditions,,,model_based_synthesis,"In these models, a massive accumulation of capital relative to labor mathematically forces the marginal product of capital to fall and the average wage to rise due to diminishing returns.",land-credit crowding-out,validated_paraphrase,NotebookLM-backed paraphrase from completed note; verify exact wording before final quotation.,03_notes/questions/PDF011_Q04.md,C1,,"- Page(s): 4, 14, 16 - Key passage(s), paraphrased or short quote only: - ""An increase in the capital-labor ratio should be associated not only with a decrease in the return to capital r but as with an increase in wages; but as we have noted, wages have stagnated."" - ""capital deepening would imply an increasing share of labor-contrary to the new stylized facts.""",paraphrase,3. Conceptual objects,medium
CLM_PDF011_Q04_007,PDF011,PDF011_Q04,Stiglitz_2015a,"4, 14, 16",causality,land,,land speculation crowds out productive capital,"Because the empirical reality completely contradicts these theoretical requirements, standard models are invalid for explaining current trends, proving that the observed wealth surge must consist of non-productive capitalized rents rather than real capital accumulation.",D_t/r_t; K_t; W,measurement_or_empirical_motivation,"Because the empirical reality completely contradicts these theoretical requirements, standard models are invalid for explaining current trends, proving that the observed wealth surge must consist of non-productive capitalized rents rather than real capital accumulation.",land-credit crowding-out,validated_paraphrase,NotebookLM-backed paraphrase from completed note; verify exact wording before final quotation.,03_notes/questions/PDF011_Q04.md,C1,,"- Page(s): 4, 14, 16 - Key passage(s), paraphrased or short quote only: - ""An increase in the capital-labor ratio should be associated not only with a decrease in the return to capital r but as with an increase in wages; but as we have noted, wages have stagnated."" - ""capital deepening would imply an increasing share of labor-contrary to the new stylized facts.""",paraphrase,3. Conceptual objects,medium
CLM_PDF011_Q05_001,PDF011,PDF011_Q05,Stiglitz_2015a,"6, 9",definition,land,"The foundational elements for later land-credit models are the conceptualization of land as a non-produced, collateralizable asset and the insight that financial and monetary policies directly inflate the value of this collateral, thereby driving wealth inequality.",real-estate credit amplifies land-price inflation,,collateral parameter; W,model_based_synthesis,"The foundational elements for later land-credit models are the conceptualization of land as a non-produced, collateralizable asset and the insight that financial and monetary policies directly inflate the value of this collateral, thereby driving wealth inequality.",land-credit crowding-out,validated_paraphrase,NotebookLM-backed paraphrase from completed note; verify exact wording before final quotation.,03_notes/questions/PDF011_Q05.md,C1,,"- Page(s): 6, 9 - Key passage(s), paraphrased or short quote only: - ""We explicitly consider models in which there is a second, non-produced, asset, land... Land can be used as collateral, and the value of land (or other fixed assets) may be affected by financial and monetary policies."" - ""We provide a set of models detailing that relationship, describing how when some assets are collateralizable and others are not, a change in financial/monetary policy can affect the value of collateralizable wealth.""",paraphrase,3. Conceptual objects,medium
CLM_PDF011_Q05_002,PDF011,PDF011_Q05,Stiglitz_2015a,"6, 9",variables_parameters,land,,real-estate credit amplifies land-price inflation,,,formal_model_result,Not applicable (the formal equations for the land-credit models are deferred to Part IV of the author's work).,land-credit crowding-out,validated_paraphrase,NotebookLM-backed paraphrase from completed note; verify exact wording before final quotation.,03_notes/questions/PDF011_Q05.md,C1,,"- Page(s): 6, 9 - Key passage(s), paraphrased or short quote only: - ""We explicitly consider models in which there is a second, non-produced, asset, land... Land can be used as collateral, and the value of land (or other fixed assets) may be affected by financial and monetary policies."" - ""We provide a set of models detailing that relationship, describing how when some assets are collateralizable and others are not, a change in financial/monetary policy can affect the value of collateralizable wealth.""",paraphrase,5. Mechanism II,medium
CLM_PDF011_Q05_003,PDF011,PDF011_Q05,Stiglitz_2015a,"6, 9",definition,land,"Applying these foundational land-credit concepts to Latin America requires external verification, as the paper relies on advanced-economy stylized facts and abstracts from the region's specific peripheral financial constraints, such as dollarized real estate markets and reliance on foreign capital inflows.",real-estate credit amplifies land-price inflation,,,critical_interpretation,"Applying these foundational land-credit concepts to Latin America requires external verification, as the paper relies on advanced-economy stylized facts and abstracts from the region's specific peripheral financial constraints, such as dollarized real estate markets and reliance on foreign capital inflows.",land-credit crowding-out,validated_paraphrase,NotebookLM-backed paraphrase from completed note; verify exact wording before final quotation.,03_notes/questions/PDF011_Q05.md,C1,,"- Page(s): 6, 9 - Key passage(s), paraphrased or short quote only: - ""We explicitly consider models in which there is a second, non-produced, asset, land... Land can be used as collateral, and the value of land (or other fixed assets) may be affected by financial and monetary policies."" - ""We provide a set of models detailing that relationship, describing how when some assets are collateralizable and others are not, a change in financial/monetary policy can affect the value of collateralizable wealth.""",paraphrase,3. Conceptual objects,medium
CLM_PDF011_Q05_004,PDF011,PDF011_Q05,Stiglitz_2015a,"6, 9",variables_parameters,land,,land speculation crowds out productive capital,,K_t,model_based_synthesis,"Traditional growth models focus exclusively on productive capital and labor, ignoring the role of land and credit.",land-credit crowding-out,validated_paraphrase,NotebookLM-backed paraphrase from completed note; verify exact wording before final quotation.,03_notes/questions/PDF011_Q05.md,C1,,"- Page(s): 6, 9 - Key passage(s), paraphrased or short quote only: - ""We explicitly consider models in which there is a second, non-produced, asset, land... Land can be used as collateral, and the value of land (or other fixed assets) may be affected by financial and monetary policies."" - ""We provide a set of models detailing that relationship, describing how when some assets are collateralizable and others are not, a change in financial/monetary policy can affect the value of collateralizable wealth.""",paraphrase,3. Conceptual objects,medium
CLM_PDF011_Q05_005,PDF011,PDF011_Q05,Stiglitz_2015a,"6, 9",mechanism,land,,real-estate credit amplifies land-price inflation,This new framework introduces land as a fixed asset that uniquely serves as collateral in the financial system.,collateral parameter,model_based_synthesis,This new framework introduces land as a fixed asset that uniquely serves as collateral in the financial system.,land-credit crowding-out,validated_paraphrase,NotebookLM-backed paraphrase from completed note; verify exact wording before final quotation.,03_notes/questions/PDF011_Q05.md,C1,,"- Page(s): 6, 9 - Key passage(s), paraphrased or short quote only: - ""We explicitly consider models in which there is a second, non-produced, asset, land... Land can be used as collateral, and the value of land (or other fixed assets) may be affected by financial and monetary policies."" - ""We provide a set of models detailing that relationship, describing how when some assets are collateralizable and others are not, a change in financial/monetary policy can affect the value of collateralizable wealth.""",paraphrase,5. Mechanism II,medium
CLM_PDF011_Q05_006,PDF011,PDF011_Q05,Stiglitz_2015a,"6, 9",causality,land,,real-estate credit amplifies land-price inflation,"Because some assets are collateralizable and others are not, changes in financial or monetary policy disproportionately impact the market value of collateralizable wealth.",collateral parameter; W,policy_implication,"Because some assets are collateralizable and others are not, changes in financial or monetary policy disproportionately impact the market value of collateralizable wealth.",land-credit crowding-out,validated_paraphrase,NotebookLM-backed paraphrase from completed note; verify exact wording before final quotation.,03_notes/questions/PDF011_Q05.md,C1,,"- Page(s): 6, 9 - Key passage(s), paraphrased or short quote only: - ""We explicitly consider models in which there is a second, non-produced, asset, land... Land can be used as collateral, and the value of land (or other fixed assets) may be affected by financial and monetary policies."" - ""We provide a set of models detailing that relationship, describing how when some assets are collateralizable and others are not, a change in financial/monetary policy can affect the value of collateralizable wealth.""",paraphrase,3. Conceptual objects,medium
CLM_PDF011_Q05_007,PDF011,PDF011_Q05,Stiglitz_2015a,"6, 9",variables_parameters,land,,real-estate credit amplifies land-price inflation,,W,model_based_synthesis,"This credit-driven asset inflation generates massive capital gains for wealthy landowners, increasing the aggregate wealth-income ratio and exacerbating inequality without expanding real productive capacity.",land-credit crowding-out,validated_paraphrase,NotebookLM-backed paraphrase from completed note; verify exact wording before final quotation.,03_notes/questions/PDF011_Q05.md,C1,,"- Page(s): 6, 9 - Key passage(s), paraphrased or short quote only: - ""We explicitly consider models in which there is a second, non-produced, asset, land... Land can be used as collateral, and the value of land (or other fixed assets) may be affected by financial and monetary policies."" - ""We provide a set of models detailing that relationship, describing how when some assets are collateralizable and others are not, a change in financial/monetary policy can affect the value of collateralizable wealth.""",paraphrase,3. Conceptual objects,medium
CLM_PDF011_Q06_001,PDF011,PDF011_Q06,Stiglitz_2015a,"8, 10, 16, 18",variables_parameters,land,,land speculation crowds out productive capital,,D_t/r_t; K_t; W,model_based_synthesis,"To avoid overloading the memo with distribution theory, the review should exclusively extract the paper's ""wealth residual"" framework, which proves that soaring wealth-income ratios are driven by the capitalized value of land and exploitation rents rather than genuine productive capital.",land-credit crowding-out,validated_paraphrase,NotebookLM-backed paraphrase from completed note; verify exact wording before final quotation.,03_notes/questions/PDF011_Q06.md,C1,,"- Page(s): 8, 10, 16, 18 - Key passage(s), paraphrased or short quote only: - ""The most plausible hypothesis is that wealth (W) and capital (K) are markedly different objects... and that wealth can be going up even as capital (as conventionally understood) is going down."" [1] - ""the observed increase in wealth income ratios must come from somewhere else than the steady accumulation of capital goods. This can be thought of as the 'wealth-accumulation residual'."" [3]",paraphrase,3. Conceptual objects,medium
CLM_PDF011_Q06_002,PDF011,PDF011_Q06,Stiglitz_2015a,"8, 10, 16, 18",variables_parameters,land,,land speculation crowds out productive capital,,K_t; W,model_based_synthesis,"The capital deepening savings threshold $s g^ \beta \xi$ and the wealth equation $W = K + pT$, which mathematically separate aggregate wealth from productive capital.",land-credit crowding-out,validated_paraphrase,NotebookLM-backed paraphrase from completed note; verify exact wording before final quotation.,03_notes/questions/PDF011_Q06.md,C1,,"- Page(s): 8, 10, 16, 18 - Key passage(s), paraphrased or short quote only: - ""The most plausible hypothesis is that wealth (W) and capital (K) are markedly different objects... and that wealth can be going up even as capital (as conventionally understood) is going down."" [1] - ""the observed increase in wealth income ratios must come from somewhere else than the steady accumulation of capital goods. This can be thought of as the 'wealth-accumulation residual'."" [3]",paraphrase,3. Conceptual objects,medium
CLM_PDF011_Q06_003,PDF011,PDF011_Q06,Stiglitz_2015a,"8, 10, 16, 18",variables_parameters,land,,land changes R versus G and debt-rollover conditions,,W,formal_model_result,"Applying this precise wealth-capital critique to Latin America requires external verification, as the paper's empirical framing relies entirely on advanced-economy data (US, France, UK) and abstracts from the region's peripheral financial constraints, informal labor markets, and commodity-driven land regimes.",Latin American applicability,validated_paraphrase,NotebookLM-backed paraphrase from completed note; verify exact wording before final quotation.,03_notes/questions/PDF011_Q06.md,C1,,"- Page(s): 8, 10, 16, 18 - Key passage(s), paraphrased or short quote only: - ""The most plausible hypothesis is that wealth (W) and capital (K) are markedly different objects... and that wealth can be going up even as capital (as conventionally understood) is going down."" [1] - ""the observed increase in wealth income ratios must come from somewhere else than the steady accumulation of capital goods. This can be thought of as the 'wealth-accumulation residual'."" [3]",paraphrase,3. Conceptual objects,medium
CLM_PDF011_Q06_004,PDF011,PDF011_Q06,Stiglitz_2015a,"8, 10, 16, 18",mechanism,land,,land speculation crowds out productive capital,"Standard macroeconomic accounting predicts that if wealth equals productive capital, the observed surge in wealth would require impossibly high national savings rates.",K_t; W,model_based_synthesis,"Standard macroeconomic accounting predicts that if wealth equals productive capital, the observed surge in wealth would require impossibly high national savings rates.",land-credit crowding-out,validated_paraphrase,NotebookLM-backed paraphrase from completed note; verify exact wording before final quotation.,03_notes/questions/PDF011_Q06.md,C1,,"- Page(s): 8, 10, 16, 18 - Key passage(s), paraphrased or short quote only: - ""The most plausible hypothesis is that wealth (W) and capital (K) are markedly different objects... and that wealth can be going up even as capital (as conventionally understood) is going down."" [1] - ""the observed increase in wealth income ratios must come from somewhere else than the steady accumulation of capital goods. This can be thought of as the 'wealth-accumulation residual'."" [3]",paraphrase,3. Conceptual objects,medium
CLM_PDF011_Q06_005,PDF011,PDF011_Q06,Stiglitz_2015a,"8, 10, 16, 18",causality,land,,land changes R versus G and debt-rollover conditions,"Because actual historical savings are too low to account for this growth, there is a massive unexplained ""wealth residual.""",W,model_based_synthesis,"Because actual historical savings are too low to account for this growth, there is a massive unexplained ""wealth residual.""",land-credit crowding-out,validated_paraphrase,NotebookLM-backed paraphrase from completed note; verify exact wording before final quotation.,03_notes/questions/PDF011_Q06.md,C1,,"- Page(s): 8, 10, 16, 18 - Key passage(s), paraphrased or short quote only: - ""The most plausible hypothesis is that wealth (W) and capital (K) are markedly different objects... and that wealth can be going up even as capital (as conventionally understood) is going down."" [1] - ""the observed increase in wealth income ratios must come from somewhere else than the steady accumulation of capital goods. This can be thought of as the 'wealth-accumulation residual'."" [3]",paraphrase,3. Conceptual objects,medium
CLM_PDF011_Q06_006,PDF011,PDF011_Q06,Stiglitz_2015a,"8, 10, 16, 18",variables_parameters,land,,unbalanced growth separates land prices from rents,,D_t/r_t,model_based_synthesis,"This residual is driven by the inflation of non-produced assets, primarily through the capitalization of urban/positional land rents and market-power exploitation.",land-credit crowding-out,validated_paraphrase,NotebookLM-backed paraphrase from completed note; verify exact wording before final quotation.,03_notes/questions/PDF011_Q06.md,C1,,"- Page(s): 8, 10, 16, 18 - Key passage(s), paraphrased or short quote only: - ""The most plausible hypothesis is that wealth (W) and capital (K) are markedly different objects... and that wealth can be going up even as capital (as conventionally understood) is going down."" [1] - ""the observed increase in wealth income ratios must come from somewhere else than the steady accumulation of capital goods. This can be thought of as the 'wealth-accumulation residual'."" [3]",paraphrase,3. Conceptual objects,medium
CLM_PDF011_Q06_007,PDF011,PDF011_Q06,Stiglitz_2015a,"8, 10, 16, 18",variables_parameters,land,,unbalanced growth separates land prices from rents,,W,critical_interpretation,Isolating this macroeconomic divergence allows the memo to powerfully critique standard capital-labor models and land overvaluation while deliberately ignoring the paper's complex models of intergenerational wealth transmission and Pareto tails.,land overvaluation theorem,validated_paraphrase,NotebookLM-backed paraphrase from completed note; verify exact wording before final quotation.,03_notes/questions/PDF011_Q06.md,C1,,"- Page(s): 8, 10, 16, 18 - Key passage(s), paraphrased or short quote only: - ""The most plausible hypothesis is that wealth (W) and capital (K) are markedly different objects... and that wealth can be going up even as capital (as conventionally understood) is going down."" [1] - ""the observed increase in wealth income ratios must come from somewhere else than the steady accumulation of capital goods. This can be thought of as the 'wealth-accumulation residual'."" [3]",paraphrase,3. Conceptual objects,medium
CLM_PDF011_Q07_001,PDF011,PDF011_Q07,Stiglitz_2015a,"24, 25, 29, 30",variables_parameters,land,,unbalanced growth separates land prices from rents,,D_t/r_t; W,model_based_synthesis,"The surge in measured wealth and inequality is structurally driven by politically mediated ""exploitation rents"" and financialization, wherein the financial sector acts as an extractive apparatus rather than a productive intermediary.",land-credit crowding-out,validated_paraphrase,NotebookLM-backed paraphrase from completed note; verify exact wording before final quotation.,03_notes/questions/PDF011_Q07.md,C1,,"- Page(s): 24, 25, 29, 30 - Key passage(s), paraphrased or short quote only: - ""a defining characteristic of at least American style capitalism in the 21st century is the growth of a new form of corporate control... dominated by rent extraction (engineered via the financial sector) out of the corporate sector."" - ""the financial system more as a mechanism for distributing cash out of the corporate sector than of raising funds for the corporate sector.""",paraphrase,3. Conceptual objects,medium
CLM_PDF011_Q07_002,PDF011,PDF011_Q07,Stiglitz_2015a,"24, 25, 29, 30",variables_parameters,land,,land changes R versus G and debt-rollover conditions,,,critical_interpretation,"Connecting this political-economy framework to Latin America requires external verification, as the paper's critique of financialization relies heavily on advanced-economy institutional contexts (e.g., US corporate governance, global ""too-big-to-fail"" banking) and abstracts from peripheral dynamics like dependency on foreign capital flows or external debt constraints.",debt rollover / R versus G,validated_paraphrase,NotebookLM-backed paraphrase from completed note; verify exact wording before final quotation.,03_notes/questions/PDF011_Q07.md,C1,,"- Page(s): 24, 25, 29, 30 - Key passage(s), paraphrased or short quote only: - ""a defining characteristic of at least American style capitalism in the 21st century is the growth of a new form of corporate control... dominated by rent extraction (engineered via the financial sector) out of the corporate sector."" - ""the financial system more as a mechanism for distributing cash out of the corporate sector than of raising funds for the corporate sector.""",paraphrase,3. Conceptual objects,medium
CLM_PDF011_Q07_003,PDF011,PDF011_Q07,Stiglitz_2015a,"24, 25, 29, 30",variables_parameters,land,,unbalanced growth separates land prices from rents,,D_t/r_t,model_based_synthesis,"Political processes and legal frameworks (e.g., weak corporate governance, anti-trust laws) enable market power and corporate rent-seeking.",land-credit crowding-out,validated_paraphrase,NotebookLM-backed paraphrase from completed note; verify exact wording before final quotation.,03_notes/questions/PDF011_Q07.md,C1,,"- Page(s): 24, 25, 29, 30 - Key passage(s), paraphrased or short quote only: - ""a defining characteristic of at least American style capitalism in the 21st century is the growth of a new form of corporate control... dominated by rent extraction (engineered via the financial sector) out of the corporate sector."" - ""the financial system more as a mechanism for distributing cash out of the corporate sector than of raising funds for the corporate sector.""",paraphrase,1. Introduction,medium
CLM_PDF011_Q07_004,PDF011,PDF011_Q07,Stiglitz_2015a,"24, 25, 29, 30",variables_parameters,land,,leverage creates land-bubble phase transition,,D_t/r_t; leverage parameter,model_based_synthesis,"The financial sector leverages this environment to extract rents through predatory practices, market manipulation, and implicit state bailouts (like too-big-to-fail).",land-credit crowding-out,validated_paraphrase,NotebookLM-backed paraphrase from completed note; verify exact wording before final quotation.,03_notes/questions/PDF011_Q07.md,C1,,"- Page(s): 24, 25, 29, 30 - Key passage(s), paraphrased or short quote only: - ""a defining characteristic of at least American style capitalism in the 21st century is the growth of a new form of corporate control... dominated by rent extraction (engineered via the financial sector) out of the corporate sector."" - ""the financial system more as a mechanism for distributing cash out of the corporate sector than of raising funds for the corporate sector.""",paraphrase,5. Mechanism II,medium
CLM_PDF011_Q07_005,PDF011,PDF011_Q07,Stiglitz_2015a,"24, 25, 29, 30",mechanism,land,,unbalanced growth separates land prices from rents,"These extracted rents are capitalized into the financial valuation of assets, artificially inflating aggregate wealth and enriching the top without adding real productive capacity.",D_t/r_t; W,critical_interpretation,"These extracted rents are capitalized into the financial valuation of assets, artificially inflating aggregate wealth and enriching the top without adding real productive capacity.",Latin American applicability,validated_paraphrase,NotebookLM-backed paraphrase from completed note; verify exact wording before final quotation.,03_notes/questions/PDF011_Q07.md,C1,,"- Page(s): 24, 25, 29, 30 - Key passage(s), paraphrased or short quote only: - ""a defining characteristic of at least American style capitalism in the 21st century is the growth of a new form of corporate control... dominated by rent extraction (engineered via the financial sector) out of the corporate sector."" - ""the financial system more as a mechanism for distributing cash out of the corporate sector than of raising funds for the corporate sector.""",paraphrase,3. Conceptual objects,medium
CLM_PDF011_Q07_006,PDF011,PDF011_Q07,Stiglitz_2015a,"24, 25, 29, 30",mechanism,land,,land changes R versus G and debt-rollover conditions,"The resulting economic inequality translates directly into political power, reinforcing the institutional and legal frameworks that sustain financial extraction.",,model_based_synthesis,"The resulting economic inequality translates directly into political power, reinforcing the institutional and legal frameworks that sustain financial extraction.",land-credit crowding-out,validated_paraphrase,NotebookLM-backed paraphrase from completed note; verify exact wording before final quotation.,03_notes/questions/PDF011_Q07.md,C1,,"- Page(s): 24, 25, 29, 30 - Key passage(s), paraphrased or short quote only: - ""a defining characteristic of at least American style capitalism in the 21st century is the growth of a new form of corporate control... dominated by rent extraction (engineered via the financial sector) out of the corporate sector."" - ""the financial system more as a mechanism for distributing cash out of the corporate sector than of raising funds for the corporate sector.""",paraphrase,1. Introduction,medium
CLM_PDF012_Q01_001,PDF012,PDF012_Q01,Toda_2025,"1, 2, 3",variables_parameters,land,,leverage creates land-bubble phase transition,,D_t/r_t,measurement_or_empirical_motivation,"The paper refutes the empirical objection that stationary housing rent-yields rule out rational bubbles, demonstrating that land bubbles inevitably emerge even when the aggregate housing rent-to-price ratio is constant.",land-credit crowding-out,validated_paraphrase,NotebookLM-backed paraphrase from completed note; verify exact wording before final quotation.,03_notes/questions/PDF012_Q01.md,C4,,"- Page(s): 1, 2, 3 - Key passage(s), paraphrased or short quote only: - ""Skeptics of rational land or housing bubbles have claimed that bubbles do not exist on the basis of the supposed stationarity in the rent yield... as a bubble implies a vanishing rent yield."" - ""The purpose of this paper is to counter the claim of some empirical researchers who dismiss the existence of rational bubbles in land or housing just on the basis of the supposed stationarity in the price-rent ratio.""",paraphrase,1. Introduction,medium
CLM_PDF012_Q01_002,PDF012,PDF012_Q01,Toda_2025,"1, 2, 3",variables_parameters,land,,leverage creates land-bubble phase transition,,D_t/r_t; elasticity of substitution,model_based_synthesis,"Proposition 1 ($rt ht / Pt = \betah / \betao$), proving the aggregate rent-to-price ratio is constant, alongside Proposition 3, which proves the necessity of a land bubble ($\sum{t=1}^{\infty} et^{1/\sigma-1} < \infty$) when the elasticity of substitution between land and structures is $\sigma 1$.",land-credit crowding-out,validated_paraphrase,NotebookLM-backed paraphrase from completed note; verify exact wording before final quotation.,03_notes/questions/PDF012_Q01.md,C4,,"- Page(s): 1, 2, 3 - Key passage(s), paraphrased or short quote only: - ""Skeptics of rational land or housing bubbles have claimed that bubbles do not exist on the basis of the supposed stationarity in the rent yield... as a bubble implies a vanishing rent yield."" - ""The purpose of this paper is to counter the claim of some empirical researchers who dismiss the existence of rational bubbles in land or housing just on the basis of the supposed stationarity in the price-rent ratio.""",paraphrase,1. Introduction,medium
CLM_PDF012_Q01_003,PDF012,PDF012_Q01,Toda_2025,"1, 2, 3",theory_evidence,land,,real-estate credit amplifies land-price inflation,,D_t/r_t,formal_model_result,"Assessing the empirical disentanglement of pure land rents from housing structure rents in Latin America requires external verification, as the paper's framework is purely theoretical and abstracts from the region's specific data limitations regarding informal housing structures, volatile urban real estate markets, and missing cadastral data.",Latin American applicability,validated_paraphrase,NotebookLM-backed paraphrase from completed note; verify exact wording before final quotation.,03_notes/questions/PDF012_Q01.md,C4,,"- Page(s): 1, 2, 3 - Key passage(s), paraphrased or short quote only: - ""Skeptics of rational land or housing bubbles have claimed that bubbles do not exist on the basis of the supposed stationarity in the rent yield... as a bubble implies a vanishing rent yield."" - ""The purpose of this paper is to counter the claim of some empirical researchers who dismiss the existence of rational bubbles in land or housing just on the basis of the supposed stationarity in the price-rent ratio.""",paraphrase,9. Critical appraisal,medium
CLM_PDF012_Q01_004,PDF012,PDF012_Q01,Toda_2025,"1, 2, 3",causality,land,,leverage creates land-bubble phase transition,"Empirical skeptics dismiss rational land bubbles because standard theory states a bubble asset's dividend yield must vanish over time, whereas observed housing rent-yields appear stationary.",D_t/r_t,measurement_or_empirical_motivation,"Empirical skeptics dismiss rational land bubbles because standard theory states a bubble asset's dividend yield must vanish over time, whereas observed housing rent-yields appear stationary.",land-credit crowding-out,validated_paraphrase,NotebookLM-backed paraphrase from completed note; verify exact wording before final quotation.,03_notes/questions/PDF012_Q01.md,C4,,"- Page(s): 1, 2, 3 - Key passage(s), paraphrased or short quote only: - ""Skeptics of rational land or housing bubbles have claimed that bubbles do not exist on the basis of the supposed stationarity in the rent yield... as a bubble implies a vanishing rent yield."" - ""The purpose of this paper is to counter the claim of some empirical researchers who dismiss the existence of rational bubbles in land or housing just on the basis of the supposed stationarity in the price-rent ratio.""",paraphrase,1. Introduction,medium
CLM_PDF012_Q01_005,PDF012,PDF012_Q01,Toda_2025,"1, 2, 3",theory_evidence,land,,unbalanced growth separates land prices from rents,,D_t/r_t,measurement_or_empirical_motivation,This empirical objection incorrectly conflates the total housing rent (which includes the return on the reproducible housing structure) with the pure dividend of the non-reproducible underlying land.,land-credit crowding-out,validated_paraphrase,NotebookLM-backed paraphrase from completed note; verify exact wording before final quotation.,03_notes/questions/PDF012_Q01.md,C4,,"- Page(s): 1, 2, 3 - Key passage(s), paraphrased or short quote only: - ""Skeptics of rational land or housing bubbles have claimed that bubbles do not exist on the basis of the supposed stationarity in the rent yield... as a bubble implies a vanishing rent yield."" - ""The purpose of this paper is to counter the claim of some empirical researchers who dismiss the existence of rational bubbles in land or housing just on the basis of the supposed stationarity in the price-rent ratio.""",paraphrase,1. Introduction,medium
CLM_PDF012_Q01_006,PDF012,PDF012_Q01,Toda_2025,"1, 2, 3",variables_parameters,land,,unbalanced growth separates land prices from rents,,D_t/r_t,model_based_synthesis,"When separating the rent on structures from pure land rents in a growing economy, the total housing rent-yield can remain perfectly constant.",land-credit crowding-out,validated_paraphrase,NotebookLM-backed paraphrase from completed note; verify exact wording before final quotation.,03_notes/questions/PDF012_Q01.md,C4,,"- Page(s): 1, 2, 3 - Key passage(s), paraphrased or short quote only: - ""Skeptics of rational land or housing bubbles have claimed that bubbles do not exist on the basis of the supposed stationarity in the rent yield... as a bubble implies a vanishing rent yield."" - ""The purpose of this paper is to counter the claim of some empirical researchers who dismiss the existence of rational bubbles in land or housing just on the basis of the supposed stationarity in the price-rent ratio.""",paraphrase,1. Introduction,medium
CLM_PDF012_Q01_007,PDF012,PDF012_Q01,Toda_2025,"1, 2, 3",causality,land,,leverage creates land-bubble phase transition,"Because the pure land dividend yield vanishes relative to the structure, a rational land bubble still inevitably emerges as the economy grows.",D_t/r_t,model_based_synthesis,"Because the pure land dividend yield vanishes relative to the structure, a rational land bubble still inevitably emerges as the economy grows.",land-credit crowding-out,validated_paraphrase,NotebookLM-backed paraphrase from completed note; verify exact wording before final quotation.,03_notes/questions/PDF012_Q01.md,C4,,"- Page(s): 1, 2, 3 - Key passage(s), paraphrased or short quote only: - ""Skeptics of rational land or housing bubbles have claimed that bubbles do not exist on the basis of the supposed stationarity in the rent yield... as a bubble implies a vanishing rent yield."" - ""The purpose of this paper is to counter the claim of some empirical researchers who dismiss the existence of rational bubbles in land or housing just on the basis of the supposed stationarity in the price-rent ratio.""",paraphrase,1. Introduction,medium
CLM_PDF012_Q02_001,PDF012,PDF012_Q02,Toda_2025,"1, 2, 3",causality,land,,leverage creates land-bubble phase transition,"Separating housing rent from pure land rent is essential because the empirical stationarity of overall housing rent yields masks the vanishing pure land dividend, causing researchers to incorrectly dismiss the existence of rational land bubbles.",D_t/r_t,measurement_or_empirical_motivation,"Separating housing rent from pure land rent is essential because the empirical stationarity of overall housing rent yields masks the vanishing pure land dividend, causing researchers to incorrectly dismiss the existence of rational land bubbles.",land-credit crowding-out,validated_paraphrase,NotebookLM-backed paraphrase from completed note; verify exact wording before final quotation.,03_notes/questions/PDF012_Q02.md,C4,,"- Page(s): 1, 2, 3 - Key passage(s), paraphrased or short quote only: - ""The confusion arises from not distinguishing the rent on the housing structure from the pure land rent."" - ""The key is that we need to distinguish rents accruing to the housing structure and land. It could be the case that the housing rent consists mostly of the rent on housing structure. We cannot exclude the possibility of a land bubble without separating the pure land rent.""",paraphrase,1. Introduction,medium
CLM_PDF012_Q02_002,PDF012,PDF012_Q02,Toda_2025,"1, 2, 3",variables_parameters,land,,leverage creates land-bubble phase transition,,D_t/r_t; elasticity of substitution,model_based_synthesis,"Proposition 1 ($r1 h1 / P1 = \betah / \betao$), proving the aggregate housing rent-to-price ratio is constant, and Proposition 3, proving the necessity of a land bubble ($\sum{t=1}^{\infty} et^{1/\sigma-1} < \infty$) when the elasticity of substitution is $\sigma 1$.",land-credit crowding-out,validated_paraphrase,NotebookLM-backed paraphrase from completed note; verify exact wording before final quotation.,03_notes/questions/PDF012_Q02.md,C4,,"- Page(s): 1, 2, 3 - Key passage(s), paraphrased or short quote only: - ""The confusion arises from not distinguishing the rent on the housing structure from the pure land rent."" - ""The key is that we need to distinguish rents accruing to the housing structure and land. It could be the case that the housing rent consists mostly of the rent on housing structure. We cannot exclude the possibility of a land bubble without separating the pure land rent.""",paraphrase,1. Introduction,medium
CLM_PDF012_Q02_003,PDF012,PDF012_Q02,Toda_2025,"1, 2, 3",variables_parameters,land,,unbalanced growth separates land prices from rents,,D_t/r_t,formal_model_result,"Empirically executing this precise separation of pure land rents from structure rents in Latin America requires external verification, as the theoretical model assumes well-measured production functions and abstracts from the region's specific data limitations, such as pervasive informal self-built housing structures and missing or outdated cadastral data.",Latin American applicability,validated_paraphrase,NotebookLM-backed paraphrase from completed note; verify exact wording before final quotation.,03_notes/questions/PDF012_Q02.md,C4,,"- Page(s): 1, 2, 3 - Key passage(s), paraphrased or short quote only: - ""The confusion arises from not distinguishing the rent on the housing structure from the pure land rent."" - ""The key is that we need to distinguish rents accruing to the housing structure and land. It could be the case that the housing rent consists mostly of the rent on housing structure. We cannot exclude the possibility of a land bubble without separating the pure land rent.""",paraphrase,9. Critical appraisal,medium
CLM_PDF012_Q02_004,PDF012,PDF012_Q02,Toda_2025,"1, 2, 3",variables_parameters,land,,leverage creates land-bubble phase transition,,D_t/r_t,model_based_synthesis,Standard rational bubble theory requires the dividend yield of a bubbled asset to vanish over time.,land-credit crowding-out,validated_paraphrase,NotebookLM-backed paraphrase from completed note; verify exact wording before final quotation.,03_notes/questions/PDF012_Q02.md,C4,,"- Page(s): 1, 2, 3 - Key passage(s), paraphrased or short quote only: - ""The confusion arises from not distinguishing the rent on the housing structure from the pure land rent."" - ""The key is that we need to distinguish rents accruing to the housing structure and land. It could be the case that the housing rent consists mostly of the rent on housing structure. We cannot exclude the possibility of a land bubble without separating the pure land rent.""",paraphrase,1. Introduction,medium
CLM_PDF012_Q02_005,PDF012,PDF012_Q02,Toda_2025,"1, 2, 3",theory_evidence,land,,leverage creates land-bubble phase transition,,D_t/r_t,measurement_or_empirical_motivation,Empirical researchers observe that aggregate housing rent-to-price ratios are stationary and therefore dismiss the possibility of land bubbles.,land-credit crowding-out,validated_paraphrase,NotebookLM-backed paraphrase from completed note; verify exact wording before final quotation.,03_notes/questions/PDF012_Q02.md,C4,,"- Page(s): 1, 2, 3 - Key passage(s), paraphrased or short quote only: - ""The confusion arises from not distinguishing the rent on the housing structure from the pure land rent."" - ""The key is that we need to distinguish rents accruing to the housing structure and land. It could be the case that the housing rent consists mostly of the rent on housing structure. We cannot exclude the possibility of a land bubble without separating the pure land rent.""",paraphrase,1. Introduction,medium
CLM_PDF012_Q02_006,PDF012,PDF012_Q02,Toda_2025,"1, 2, 3",variables_parameters,land,,unbalanced growth separates land prices from rents,,D_t/r_t,model_based_synthesis,This objection mistakenly conflates the total housing rent (which pays for both the reproducible structure and the land) with the pure land dividend.,land-credit crowding-out,validated_paraphrase,NotebookLM-backed paraphrase from completed note; verify exact wording before final quotation.,03_notes/questions/PDF012_Q02.md,C4,,"- Page(s): 1, 2, 3 - Key passage(s), paraphrased or short quote only: - ""The confusion arises from not distinguishing the rent on the housing structure from the pure land rent."" - ""The key is that we need to distinguish rents accruing to the housing structure and land. It could be the case that the housing rent consists mostly of the rent on housing structure. We cannot exclude the possibility of a land bubble without separating the pure land rent.""",paraphrase,1. Introduction,medium
CLM_PDF012_Q02_007,PDF012,PDF012_Q02,Toda_2025,"1, 2, 3",variables_parameters,land,,leverage creates land-bubble phase transition,,D_t/r_t,model_based_synthesis,"When separated, the pure land dividend yield vanishes relative to the structure in a growing economy, meaning a rational land bubble still inevitably emerges even while the overall housing rent yield remains constant.",land-credit crowding-out,validated_paraphrase,NotebookLM-backed paraphrase from completed note; verify exact wording before final quotation.,03_notes/questions/PDF012_Q02.md,C4,,"- Page(s): 1, 2, 3 - Key passage(s), paraphrased or short quote only: - ""The confusion arises from not distinguishing the rent on the housing structure from the pure land rent."" - ""The key is that we need to distinguish rents accruing to the housing structure and land. It could be the case that the housing rent consists mostly of the rent on housing structure. We cannot exclude the possibility of a land bubble without separating the pure land rent.""",paraphrase,1. Introduction,medium
CLM_PDF012_Q03_001,PDF012,PDF012_Q03,Toda_2025,"1, 2, 3",causality,land,,leverage creates land-bubble phase transition,"A land bubble can exist despite a constant overall housing rent yield because the total housing rent is dominated by the return on reproducible structures; once separated, the underlying pure land dividend yield mathematically vanishes, allowing the bubble to form.",D_t/r_t,model_based_synthesis,"A land bubble can exist despite a constant overall housing rent yield because the total housing rent is dominated by the return on reproducible structures; once separated, the underlying pure land dividend yield mathematically vanishes, allowing the bubble to form.",land-credit crowding-out,validated_paraphrase,NotebookLM-backed paraphrase from completed note; verify exact wording before final quotation.,03_notes/questions/PDF012_Q03.md,C4,,"- Page(s): 1, 2, 3 - Key passage(s), paraphrased or short quote only: - ""we present a simple model in which the housing rent yield is constant but a land bubble inevitably emerges nevertheless with economic growth. The confusion arises from not distinguishing the rent on the housing structure from the pure land rent."" - ""Proposition 1. Aggregate rent to price ratio is constant at $r_1 h_1 / P_1 = \beta_h / \beta_o$.""",paraphrase,1. Introduction,medium
CLM_PDF012_Q03_002,PDF012,PDF012_Q03,Toda_2025,"1, 2, 3",variables_parameters,land,,leverage creates land-bubble phase transition,,D_t/r_t; elasticity of substitution,model_based_synthesis,"Proposition 1 ($r1 h1 / P1 = \betah / \betao$), proving the aggregate housing rent-to-price ratio is constant, and Proposition 3, proving the necessity of a land bubble ($\sum{t=1}^{\infty} et^{1/\sigma-1} < \infty$) when the elasticity of substitution between land and structures is $\sigma 1$.",land-credit crowding-out,validated_paraphrase,NotebookLM-backed paraphrase from completed note; verify exact wording before final quotation.,03_notes/questions/PDF012_Q03.md,C4,,"- Page(s): 1, 2, 3 - Key passage(s), paraphrased or short quote only: - ""we present a simple model in which the housing rent yield is constant but a land bubble inevitably emerges nevertheless with economic growth. The confusion arises from not distinguishing the rent on the housing structure from the pure land rent."" - ""Proposition 1. Aggregate rent to price ratio is constant at $r_1 h_1 / P_1 = \beta_h / \beta_o$.""",paraphrase,1. Introduction,medium
CLM_PDF012_Q03_003,PDF012,PDF012_Q03,Toda_2025,"1, 2, 3",variables_parameters,land,,unbalanced growth separates land prices from rents,,D_t/r_t,formal_model_result,"Empirically executing the precise disaggregation of pure land rents from structural rents in Latin America requires external verification, as the theoretical model assumes perfectly measured formal production functions and abstracts from the region's specific realities of informal, self-built housing and missing or outdated cadastral property valuations.",Latin American applicability,validated_paraphrase,NotebookLM-backed paraphrase from completed note; verify exact wording before final quotation.,03_notes/questions/PDF012_Q03.md,C4,,"- Page(s): 1, 2, 3 - Key passage(s), paraphrased or short quote only: - ""we present a simple model in which the housing rent yield is constant but a land bubble inevitably emerges nevertheless with economic growth. The confusion arises from not distinguishing the rent on the housing structure from the pure land rent."" - ""Proposition 1. Aggregate rent to price ratio is constant at $r_1 h_1 / P_1 = \beta_h / \beta_o$.""",paraphrase,9. Critical appraisal,medium
CLM_PDF012_Q03_004,PDF012,PDF012_Q03,Toda_2025,"1, 2, 3",variables_parameters,land,,leverage creates land-bubble phase transition,,D_t/r_t,measurement_or_empirical_motivation,"Empirical skeptics observe a stationary or constant aggregate housing rent-to-price ratio and falsely conclude rational bubbles cannot exist, as standard theory requires a bubble asset's dividend yield to vanish over time.",land-credit crowding-out,validated_paraphrase,NotebookLM-backed paraphrase from completed note; verify exact wording before final quotation.,03_notes/questions/PDF012_Q03.md,C4,,"- Page(s): 1, 2, 3 - Key passage(s), paraphrased or short quote only: - ""we present a simple model in which the housing rent yield is constant but a land bubble inevitably emerges nevertheless with economic growth. The confusion arises from not distinguishing the rent on the housing structure from the pure land rent."" - ""Proposition 1. Aggregate rent to price ratio is constant at $r_1 h_1 / P_1 = \beta_h / \beta_o$.""",paraphrase,1. Introduction,medium
CLM_PDF012_Q03_005,PDF012,PDF012_Q03,Toda_2025,"1, 2, 3",mechanism,land,,unbalanced growth separates land prices from rents,"However, the aggregate housing rent compensates both the reproducible housing structure and the non-reproducible underlying land.",D_t/r_t,model_based_synthesis,"However, the aggregate housing rent compensates both the reproducible housing structure and the non-reproducible underlying land.",land-credit crowding-out,validated_paraphrase,NotebookLM-backed paraphrase from completed note; verify exact wording before final quotation.,03_notes/questions/PDF012_Q03.md,C4,,"- Page(s): 1, 2, 3 - Key passage(s), paraphrased or short quote only: - ""we present a simple model in which the housing rent yield is constant but a land bubble inevitably emerges nevertheless with economic growth. The confusion arises from not distinguishing the rent on the housing structure from the pure land rent."" - ""Proposition 1. Aggregate rent to price ratio is constant at $r_1 h_1 / P_1 = \beta_h / \beta_o$.""",paraphrase,1. Introduction,medium
CLM_PDF012_Q03_006,PDF012,PDF012_Q03,Toda_2025,"1, 2, 3",causality,land,,unbalanced growth separates land prices from rents,"In a growing economy, the total housing rent yield can remain constant because it mostly reflects the rent on the expanding reproducible structure.",D_t/r_t,model_based_synthesis,"In a growing economy, the total housing rent yield can remain constant because it mostly reflects the rent on the expanding reproducible structure.",land-credit crowding-out,validated_paraphrase,NotebookLM-backed paraphrase from completed note; verify exact wording before final quotation.,03_notes/questions/PDF012_Q03.md,C4,,"- Page(s): 1, 2, 3 - Key passage(s), paraphrased or short quote only: - ""we present a simple model in which the housing rent yield is constant but a land bubble inevitably emerges nevertheless with economic growth. The confusion arises from not distinguishing the rent on the housing structure from the pure land rent."" - ""Proposition 1. Aggregate rent to price ratio is constant at $r_1 h_1 / P_1 = \beta_h / \beta_o$.""",paraphrase,1. Introduction,medium
CLM_PDF012_Q03_007,PDF012,PDF012_Q03,Toda_2025,"1, 2, 3",causality,land,,leverage creates land-bubble phase transition,"Simultaneously, the pure land dividend yield actually vanishes relative to the structure's value, satisfying the necessary mathematical condition that allows a rational land bubble to inevitably emerge.",D_t/r_t,model_based_synthesis,"Simultaneously, the pure land dividend yield actually vanishes relative to the structure's value, satisfying the necessary mathematical condition that allows a rational land bubble to inevitably emerge.",land-credit crowding-out,validated_paraphrase,NotebookLM-backed paraphrase from completed note; verify exact wording before final quotation.,03_notes/questions/PDF012_Q03.md,C4,,"- Page(s): 1, 2, 3 - Key passage(s), paraphrased or short quote only: - ""we present a simple model in which the housing rent yield is constant but a land bubble inevitably emerges nevertheless with economic growth. The confusion arises from not distinguishing the rent on the housing structure from the pure land rent."" - ""Proposition 1. Aggregate rent to price ratio is constant at $r_1 h_1 / P_1 = \beta_h / \beta_o$.""",paraphrase,1. Introduction,medium
CLM_PDF012_Q04_001,PDF012,PDF012_Q04,Toda_2025,"1, 2, 3",variables_parameters,land,,leverage creates land-bubble phase transition,,elasticity of substitution,model_based_synthesis,"The minimal model is a two-period OLG framework that explicitly separates housing into reproducible structures and non-reproducible land, fundamentally requiring an elasticity of substitution greater than one between these two inputs for land bubbles to inevitably emerge.",land-credit crowding-out,validated_paraphrase,NotebookLM-backed paraphrase from completed note; verify exact wording before final quotation.,03_notes/questions/PDF012_Q04.md,C4,,"- Page(s): 1, 2, 3 - Key passage(s), paraphrased or short quote only: - ""We consider a two-period overlapping generations model with two commodities, consumption good and housing service... the utility function is specialized to logarithmic and... we explicitly consider construction of housing."" - ""There is a representative firm that produces housing structure using construction material denoted by $M>0$ and land denoted by $X>0$.""",paraphrase,1. Introduction,medium
CLM_PDF012_Q04_002,PDF012,PDF012_Q04,Toda_2025,"1, 2, 3",causality,land,,leverage creates land-bubble phase transition,"The CES housing production function $F(M,X) = A(\alpha M^{1-1/\sigma} + (1-\alpha)X^{1-1/\sigma})^{\frac{1}{1-1/\sigma}}$ for $\sigma 1$, and Proposition 3, which proves that a land bubble inevitably emerges under these conditions.",elasticity of substitution,model_based_synthesis,"The CES housing production function $F(M,X) = A(\alpha M^{1-1/\sigma} + (1-\alpha)X^{1-1/\sigma})^{\frac{1}{1-1/\sigma}}$ for $\sigma 1$, and Proposition 3, which proves that a land bubble inevitably emerges under these conditions.",land-credit crowding-out,validated_paraphrase,NotebookLM-backed paraphrase from completed note; verify exact wording before final quotation.,03_notes/questions/PDF012_Q04.md,C4,,"- Page(s): 1, 2, 3 - Key passage(s), paraphrased or short quote only: - ""We consider a two-period overlapping generations model with two commodities, consumption good and housing service... the utility function is specialized to logarithmic and... we explicitly consider construction of housing."" - ""There is a representative firm that produces housing structure using construction material denoted by $M>0$ and land denoted by $X>0$.""",paraphrase,1. Introduction,medium
CLM_PDF012_Q04_003,PDF012,PDF012_Q04,Toda_2025,"1, 2, 3",variables_parameters,land,,land changes R versus G and debt-rollover conditions,,elasticity of substitution,formal_model_result,"Assessing the empirical validity of the essential assumption (that housing production elasticity of substitution is $\sigma 1$) in Latin America requires external verification, as the paper relies exclusively on US-based empirical estimates (e.g., from Chicago and Pennsylvania) and abstracts from the widespread informal, self-built housing construction prevalent in the region.",Latin American applicability,validated_paraphrase,NotebookLM-backed paraphrase from completed note; verify exact wording before final quotation.,03_notes/questions/PDF012_Q04.md,C4,,"- Page(s): 1, 2, 3 - Key passage(s), paraphrased or short quote only: - ""We consider a two-period overlapping generations model with two commodities, consumption good and housing service... the utility function is specialized to logarithmic and... we explicitly consider construction of housing."" - ""There is a representative firm that produces housing structure using construction material denoted by $M>0$ and land denoted by $X>0$.""",paraphrase,9. Critical appraisal,medium
CLM_PDF012_Q04_004,PDF012,PDF012_Q04,Toda_2025,"1, 2, 3",variables_parameters,land,,land changes R versus G and debt-rollover conditions,,,model_based_synthesis,Agents in an OLG economy are endowed with consumption goods that grow over successive generations.,land-credit crowding-out,validated_paraphrase,NotebookLM-backed paraphrase from completed note; verify exact wording before final quotation.,03_notes/questions/PDF012_Q04.md,C4,,"- Page(s): 1, 2, 3 - Key passage(s), paraphrased or short quote only: - ""We consider a two-period overlapping generations model with two commodities, consumption good and housing service... the utility function is specialized to logarithmic and... we explicitly consider construction of housing."" - ""There is a representative firm that produces housing structure using construction material denoted by $M>0$ and land denoted by $X>0$.""",paraphrase,1. Introduction,medium
CLM_PDF012_Q04_005,PDF012,PDF012_Q04,Toda_2025,"1, 2, 3",mechanism,land,,land changes R versus G and debt-rollover conditions,Housing is produced using both reproducible construction materials and fixed land.,,model_based_synthesis,Housing is produced using both reproducible construction materials and fixed land.,land-credit crowding-out,validated_paraphrase,NotebookLM-backed paraphrase from completed note; verify exact wording before final quotation.,03_notes/questions/PDF012_Q04.md,C4,,"- Page(s): 1, 2, 3 - Key passage(s), paraphrased or short quote only: - ""We consider a two-period overlapping generations model with two commodities, consumption good and housing service... the utility function is specialized to logarithmic and... we explicitly consider construction of housing."" - ""There is a representative firm that produces housing structure using construction material denoted by $M>0$ and land denoted by $X>0$.""",paraphrase,1. Introduction,medium
CLM_PDF012_Q04_006,PDF012,PDF012_Q04,Toda_2025,"1, 2, 3",causality,land,,land changes R versus G and debt-rollover conditions,"Because the elasticity of substitution between land and materials is assumed to be greater than one ($\sigma 1$), economic growth disproportionately increases the use of construction materials relative to land.",elasticity of substitution,model_based_synthesis,"Because the elasticity of substitution between land and materials is assumed to be greater than one ($\sigma 1$), economic growth disproportionately increases the use of construction materials relative to land.",land-credit crowding-out,validated_paraphrase,NotebookLM-backed paraphrase from completed note; verify exact wording before final quotation.,03_notes/questions/PDF012_Q04.md,C4,,"- Page(s): 1, 2, 3 - Key passage(s), paraphrased or short quote only: - ""We consider a two-period overlapping generations model with two commodities, consumption good and housing service... the utility function is specialized to logarithmic and... we explicitly consider construction of housing."" - ""There is a representative firm that produces housing structure using construction material denoted by $M>0$ and land denoted by $X>0$.""",paraphrase,1. Introduction,medium
CLM_PDF012_Q04_007,PDF012,PDF012_Q04,Toda_2025,"1, 2, 3",mechanism,land,,leverage creates land-bubble phase transition,"This dynamic allows the pure land dividend yield to mathematically vanish relative to the housing structure, driving the emergence of a rational land bubble even as the total housing rent-to-price ratio remains constant.",D_t/r_t,model_based_synthesis,"This dynamic allows the pure land dividend yield to mathematically vanish relative to the housing structure, driving the emergence of a rational land bubble even as the total housing rent-to-price ratio remains constant.",land-credit crowding-out,validated_paraphrase,NotebookLM-backed paraphrase from completed note; verify exact wording before final quotation.,03_notes/questions/PDF012_Q04.md,C4,,"- Page(s): 1, 2, 3 - Key passage(s), paraphrased or short quote only: - ""We consider a two-period overlapping generations model with two commodities, consumption good and housing service... the utility function is specialized to logarithmic and... we explicitly consider construction of housing."" - ""There is a representative firm that produces housing structure using construction material denoted by $M>0$ and land denoted by $X>0$.""",paraphrase,1. Introduction,medium
CLM_PDF012_Q05_001,PDF012,PDF012_Q05,Toda_2025,"1, 2, 3",variables_parameters,land,,leverage creates land-bubble phase transition,,D_t/r_t,measurement_or_empirical_motivation,"The paper dictates that empirical projects must not use stationary aggregate housing rent-to-price ratios to rule out bubbles, but must instead explicitly isolate pure land rents from the rents accruing to reproducible housing structures.",land-credit crowding-out,validated_paraphrase,NotebookLM-backed paraphrase from completed note; verify exact wording before final quotation.,03_notes/questions/PDF012_Q05.md,C4,,"- Page(s): 1, 2, 3 - Key passage(s), paraphrased or short quote only: - ""Skeptics of rational land or housing bubbles have claimed that bubbles do not exist on the basis of the supposed stationarity in the rent yield... The confusion arises from not distinguishing the rent on the housing structure from the pure land rent."" - ""The purpose of this paper is to counter the claim of some empirical researchers who dismiss the existence of rational bubbles in land or housing just on the basis of the supposed stationarity in the price-rent ratio.""",paraphrase,1. Introduction,medium
CLM_PDF012_Q05_002,PDF012,PDF012_Q05,Toda_2025,"1, 2, 3",variables_parameters,land,,leverage creates land-bubble phase transition,,D_t/r_t,measurement_or_empirical_motivation,"Proposition 1 ($r1 h1 / P1 = \betah / \betao$), which proves the aggregate housing rent-to-price ratio is constant, demonstrating that empirical stationarity of this gross indicator cannot rule out the emergence of a bubble (Proposition 3).",land-credit crowding-out,validated_paraphrase,NotebookLM-backed paraphrase from completed note; verify exact wording before final quotation.,03_notes/questions/PDF012_Q05.md,C4,,"- Page(s): 1, 2, 3 - Key passage(s), paraphrased or short quote only: - ""Skeptics of rational land or housing bubbles have claimed that bubbles do not exist on the basis of the supposed stationarity in the rent yield... The confusion arises from not distinguishing the rent on the housing structure from the pure land rent."" - ""The purpose of this paper is to counter the claim of some empirical researchers who dismiss the existence of rational bubbles in land or housing just on the basis of the supposed stationarity in the price-rent ratio.""",paraphrase,1. Introduction,medium
CLM_PDF012_Q05_003,PDF012,PDF012_Q05,Toda_2025,"1, 2, 3",variables_parameters,land,,unbalanced growth separates land prices from rents,,D_t/r_t,formal_model_result,"Empirically executing this strict disaggregation of pure land rents from structural housing returns in Latin America requires external verification, as the theoretical model assumes perfectly measured formal production functions and abstracts from the region's specific data limitations, such as widespread informal, self-built housing and outdated or missing cadastral valuations.",Latin American applicability,validated_paraphrase,NotebookLM-backed paraphrase from completed note; verify exact wording before final quotation.,03_notes/questions/PDF012_Q05.md,C4,,"- Page(s): 1, 2, 3 - Key passage(s), paraphrased or short quote only: - ""Skeptics of rational land or housing bubbles have claimed that bubbles do not exist on the basis of the supposed stationarity in the rent yield... The confusion arises from not distinguishing the rent on the housing structure from the pure land rent."" - ""The purpose of this paper is to counter the claim of some empirical researchers who dismiss the existence of rational bubbles in land or housing just on the basis of the supposed stationarity in the price-rent ratio.""",paraphrase,9. Critical appraisal,medium
CLM_PDF012_Q05_004,PDF012,PDF012_Q05,Toda_2025,"1, 2, 3",variables_parameters,land,,leverage creates land-bubble phase transition,,D_t/r_t,measurement_or_empirical_motivation,Standard bubble theory dictates that a rational bubble on a dividend-paying asset requires the dividend yield to vanish over time.,land-credit crowding-out,validated_paraphrase,NotebookLM-backed paraphrase from completed note; verify exact wording before final quotation.,03_notes/questions/PDF012_Q05.md,C4,,"- Page(s): 1, 2, 3 - Key passage(s), paraphrased or short quote only: - ""Skeptics of rational land or housing bubbles have claimed that bubbles do not exist on the basis of the supposed stationarity in the rent yield... The confusion arises from not distinguishing the rent on the housing structure from the pure land rent."" - ""The purpose of this paper is to counter the claim of some empirical researchers who dismiss the existence of rational bubbles in land or housing just on the basis of the supposed stationarity in the price-rent ratio.""",paraphrase,1. Introduction,medium
CLM_PDF012_Q05_005,PDF012,PDF012_Q05,Toda_2025,"1, 2, 3",theory_evidence,land,,leverage creates land-bubble phase transition,,D_t/r_t,measurement_or_empirical_motivation,"Empirical researchers often observe that aggregate housing rent yields are stationary, leading them to falsely conclude that land bubbles do not exist.",land-credit crowding-out,validated_paraphrase,NotebookLM-backed paraphrase from completed note; verify exact wording before final quotation.,03_notes/questions/PDF012_Q05.md,C4,,"- Page(s): 1, 2, 3 - Key passage(s), paraphrased or short quote only: - ""Skeptics of rational land or housing bubbles have claimed that bubbles do not exist on the basis of the supposed stationarity in the rent yield... The confusion arises from not distinguishing the rent on the housing structure from the pure land rent."" - ""The purpose of this paper is to counter the claim of some empirical researchers who dismiss the existence of rational bubbles in land or housing just on the basis of the supposed stationarity in the price-rent ratio.""",paraphrase,1. Introduction,medium
CLM_PDF012_Q05_006,PDF012,PDF012_Q05,Toda_2025,"1, 2, 3",theory_evidence,land,,unbalanced growth separates land prices from rents,,D_t/r_t,measurement_or_empirical_motivation,"However, the aggregate housing rent compensates both the reproducible housing structure and the fixed underlying land.",land-credit crowding-out,validated_paraphrase,NotebookLM-backed paraphrase from completed note; verify exact wording before final quotation.,03_notes/questions/PDF012_Q05.md,C4,,"- Page(s): 1, 2, 3 - Key passage(s), paraphrased or short quote only: - ""Skeptics of rational land or housing bubbles have claimed that bubbles do not exist on the basis of the supposed stationarity in the rent yield... The confusion arises from not distinguishing the rent on the housing structure from the pure land rent."" - ""The purpose of this paper is to counter the claim of some empirical researchers who dismiss the existence of rational bubbles in land or housing just on the basis of the supposed stationarity in the price-rent ratio.""",paraphrase,1. Introduction,medium
CLM_PDF012_Q05_007,PDF012,PDF012_Q05,Toda_2025,"1, 2, 3",causality,land,,leverage creates land-bubble phase transition,"Because the overall housing rent yield can remain mathematically constant while the pure land dividend yield vanishes relative to the structure, projects must completely disaggregate these indicators to correctly identify rational land bubbles.",D_t/r_t,measurement_or_empirical_motivation,"Because the overall housing rent yield can remain mathematically constant while the pure land dividend yield vanishes relative to the structure, projects must completely disaggregate these indicators to correctly identify rational land bubbles.",land-credit crowding-out,validated_paraphrase,NotebookLM-backed paraphrase from completed note; verify exact wording before final quotation.,03_notes/questions/PDF012_Q05.md,C4,,"- Page(s): 1, 2, 3 - Key passage(s), paraphrased or short quote only: - ""Skeptics of rational land or housing bubbles have claimed that bubbles do not exist on the basis of the supposed stationarity in the rent yield... The confusion arises from not distinguishing the rent on the housing structure from the pure land rent."" - ""The purpose of this paper is to counter the claim of some empirical researchers who dismiss the existence of rational bubbles in land or housing just on the basis of the supposed stationarity in the price-rent ratio.""",paraphrase,1. Introduction,medium
CLM_PDF012_Q06_001,PDF012,PDF012_Q06,Toda_2025,"1, 2, 3",variables_parameters,land,,leverage creates land-bubble phase transition,,D_t/r_t,measurement_or_empirical_motivation,"Latin American real-estate datasets that combine structure and land rents will likely exhibit stationary gross rent yields, which mathematically masks the vanishing pure land dividend and can lead researchers to incorrectly conclude that no land bubble exists.",Latin American applicability,validated_paraphrase,NotebookLM-backed paraphrase from completed note; verify exact wording before final quotation.,03_notes/questions/PDF012_Q06.md,C4,,"- Page(s): 1, 2, 3 - Key passage(s), paraphrased or short quote only: - ""The confusion arises from not distinguishing the rent on the housing structure from the pure land rent."" - ""The key is that we need to distinguish rents accruing to the housing structure and land. It could be the case that the housing rent consists mostly of the rent on housing structure. We cannot exclude the possibility of a land bubble without separating the pure land rent.""",paraphrase,9. Critical appraisal,medium
CLM_PDF012_Q06_002,PDF012,PDF012_Q06,Toda_2025,"1, 2, 3",variables_parameters,land,,leverage creates land-bubble phase transition,,D_t/r_t,measurement_or_empirical_motivation,"Proposition 1 ($r1 h1 / P1 = \betah / \betao$), demonstrating that the aggregate rent-to-price ratio remains constant even as a rational land bubble inevitably emerges.",land-credit crowding-out,validated_paraphrase,NotebookLM-backed paraphrase from completed note; verify exact wording before final quotation.,03_notes/questions/PDF012_Q06.md,C4,,"- Page(s): 1, 2, 3 - Key passage(s), paraphrased or short quote only: - ""The confusion arises from not distinguishing the rent on the housing structure from the pure land rent."" - ""The key is that we need to distinguish rents accruing to the housing structure and land. It could be the case that the housing rent consists mostly of the rent on housing structure. We cannot exclude the possibility of a land bubble without separating the pure land rent.""",paraphrase,1. Introduction,medium
CLM_PDF012_Q06_003,PDF012,PDF012_Q06,Toda_2025,"1, 2, 3",variables_parameters,land,,land changes R versus G and debt-rollover conditions,,,formal_model_result,"Since the theoretical paper does not explicitly mention Latin America, executing this structural disaggregation in the region requires external verification, particularly given the continent's profound data limitations regarding informal self-built housing and outdated or missing cadastral land registries.",Latin American applicability,validated_paraphrase,NotebookLM-backed paraphrase from completed note; verify exact wording before final quotation.,03_notes/questions/PDF012_Q06.md,C4,,"- Page(s): 1, 2, 3 - Key passage(s), paraphrased or short quote only: - ""The confusion arises from not distinguishing the rent on the housing structure from the pure land rent."" - ""The key is that we need to distinguish rents accruing to the housing structure and land. It could be the case that the housing rent consists mostly of the rent on housing structure. We cannot exclude the possibility of a land bubble without separating the pure land rent.""",paraphrase,9. Critical appraisal,medium
CLM_PDF012_Q06_004,PDF012,PDF012_Q06,Toda_2025,"1, 2, 3",theory_evidence,land,,unbalanced growth separates land prices from rents,,D_t/r_t,measurement_or_empirical_motivation,Aggregated datasets combine the rent accruing to reproducible housing structures with the pure dividend of the underlying fixed land.,land-credit crowding-out,validated_paraphrase,NotebookLM-backed paraphrase from completed note; verify exact wording before final quotation.,03_notes/questions/PDF012_Q06.md,C4,,"- Page(s): 1, 2, 3 - Key passage(s), paraphrased or short quote only: - ""The confusion arises from not distinguishing the rent on the housing structure from the pure land rent."" - ""The key is that we need to distinguish rents accruing to the housing structure and land. It could be the case that the housing rent consists mostly of the rent on housing structure. We cannot exclude the possibility of a land bubble without separating the pure land rent.""",paraphrase,1. Introduction,medium
CLM_PDF012_Q06_005,PDF012,PDF012_Q06,Toda_2025,"1, 2, 3",causality,land,,unbalanced growth separates land prices from rents,"In a growing economy, the combined housing rent-to-price ratio remains constant because it is dominated by the return on the reproducible structure.",D_t/r_t,measurement_or_empirical_motivation,"In a growing economy, the combined housing rent-to-price ratio remains constant because it is dominated by the return on the reproducible structure.",land-credit crowding-out,validated_paraphrase,NotebookLM-backed paraphrase from completed note; verify exact wording before final quotation.,03_notes/questions/PDF012_Q06.md,C4,,"- Page(s): 1, 2, 3 - Key passage(s), paraphrased or short quote only: - ""The confusion arises from not distinguishing the rent on the housing structure from the pure land rent."" - ""The key is that we need to distinguish rents accruing to the housing structure and land. It could be the case that the housing rent consists mostly of the rent on housing structure. We cannot exclude the possibility of a land bubble without separating the pure land rent.""",paraphrase,1. Introduction,medium
CLM_PDF012_Q06_006,PDF012,PDF012_Q06,Toda_2025,"1, 2, 3",variables_parameters,land,,land changes R versus G and debt-rollover conditions,,D_t/r_t,measurement_or_empirical_motivation,This empirically constant gross yield obscures the vanishing pure land dividend yield.,land-credit crowding-out,validated_paraphrase,NotebookLM-backed paraphrase from completed note; verify exact wording before final quotation.,03_notes/questions/PDF012_Q06.md,C4,,"- Page(s): 1, 2, 3 - Key passage(s), paraphrased or short quote only: - ""The confusion arises from not distinguishing the rent on the housing structure from the pure land rent."" - ""The key is that we need to distinguish rents accruing to the housing structure and land. It could be the case that the housing rent consists mostly of the rent on housing structure. We cannot exclude the possibility of a land bubble without separating the pure land rent.""",paraphrase,1. Introduction,medium
CLM_PDF012_Q06_007,PDF012,PDF012_Q06,Toda_2025,"1, 2, 3",causality,land,,leverage creates land-bubble phase transition,"Consequently, empirical analyses that fail to separate these variables will falsely reject the necessary conditions for a rational land bubble.",,measurement_or_empirical_motivation,"Consequently, empirical analyses that fail to separate these variables will falsely reject the necessary conditions for a rational land bubble.",land-credit crowding-out,validated_paraphrase,NotebookLM-backed paraphrase from completed note; verify exact wording before final quotation.,03_notes/questions/PDF012_Q06.md,C4,,"- Page(s): 1, 2, 3 - Key passage(s), paraphrased or short quote only: - ""The confusion arises from not distinguishing the rent on the housing structure from the pure land rent."" - ""The key is that we need to distinguish rents accruing to the housing structure and land. It could be the case that the housing rent consists mostly of the rent on housing structure. We cannot exclude the possibility of a land bubble without separating the pure land rent.""",paraphrase,1. Introduction,medium
CLM_PDF012_Q07_001,PDF012,PDF012_Q07,Toda_2025,"1, 2, 3",variables_parameters,land,,leverage creates land-bubble phase transition,,D_t/r_t,measurement_or_empirical_motivation,The final memo should feature a strict measurement warning that using aggregate housing rent-to-price ratios as an empirical indicator will falsely rule out land bubbles; researchers must explicitly isolate pure land rents from structural housing returns.,land-credit crowding-out,validated_paraphrase,NotebookLM-backed paraphrase from completed note; verify exact wording before final quotation.,03_notes/questions/PDF012_Q07.md,C4,,"- Page(s): 1, 2, 3 - Key passage(s), paraphrased or short quote only: - ""The confusion arises from not distinguishing the rent on the housing structure from the pure land rent."" - ""We cannot exclude the possibility of a land bubble without separating the pure land rent.""",paraphrase,1. Introduction,medium
CLM_PDF012_Q07_002,PDF012,PDF012_Q07,Toda_2025,"1, 2, 3",variables_parameters,land,,leverage creates land-bubble phase transition,,D_t/r_t; elasticity of substitution,model_based_synthesis,"Proposition 1 ($r1 h1 / P1 = \betah / \betao$), proving the aggregate housing rent-to-price ratio is constant, and Proposition 3, proving a land bubble inevitably emerges alongside this constant ratio if the elasticity of substitution between land and structures is $\sigma 1$.",land-credit crowding-out,validated_paraphrase,NotebookLM-backed paraphrase from completed note; verify exact wording before final quotation.,03_notes/questions/PDF012_Q07.md,C4,,"- Page(s): 1, 2, 3 - Key passage(s), paraphrased or short quote only: - ""The confusion arises from not distinguishing the rent on the housing structure from the pure land rent."" - ""We cannot exclude the possibility of a land bubble without separating the pure land rent.""",paraphrase,1. Introduction,medium
CLM_PDF012_Q07_003,PDF012,PDF012_Q07,Toda_2025,"1, 2, 3",theory_evidence,land,,unbalanced growth separates land prices from rents,,D_t/r_t,formal_model_result,"Executing this strict empirical disaggregation of pure land rents from structural housing rents in Latin America requires external verification, as the region's prevalent informal, self-built housing and limited cadastral data make cleanly separating structure and land values highly challenging.",Latin American applicability,validated_paraphrase,NotebookLM-backed paraphrase from completed note; verify exact wording before final quotation.,03_notes/questions/PDF012_Q07.md,C4,,"- Page(s): 1, 2, 3 - Key passage(s), paraphrased or short quote only: - ""The confusion arises from not distinguishing the rent on the housing structure from the pure land rent."" - ""We cannot exclude the possibility of a land bubble without separating the pure land rent.""",paraphrase,9. Critical appraisal,medium
CLM_PDF012_Q07_004,PDF012,PDF012_Q07,Toda_2025,"1, 2, 3",variables_parameters,land,,leverage creates land-bubble phase transition,,D_t/r_t,measurement_or_empirical_motivation,"Empirical researchers observe that aggregate housing rent yields are stationary, which under standard theory rules out the presence of a rational bubble.",land-credit crowding-out,validated_paraphrase,NotebookLM-backed paraphrase from completed note; verify exact wording before final quotation.,03_notes/questions/PDF012_Q07.md,C4,,"- Page(s): 1, 2, 3 - Key passage(s), paraphrased or short quote only: - ""The confusion arises from not distinguishing the rent on the housing structure from the pure land rent."" - ""We cannot exclude the possibility of a land bubble without separating the pure land rent.""",paraphrase,1. Introduction,medium
CLM_PDF012_Q07_005,PDF012,PDF012_Q07,Toda_2025,"1, 2, 3",mechanism,land,,unbalanced growth separates land prices from rents,This observation mistakenly conflates total housing rent (which compensates both the reproducible housing structure and the fixed underlying land) with the pure land dividend.,D_t/r_t,model_based_synthesis,This observation mistakenly conflates total housing rent (which compensates both the reproducible housing structure and the fixed underlying land) with the pure land dividend.,land-credit crowding-out,validated_paraphrase,NotebookLM-backed paraphrase from completed note; verify exact wording before final quotation.,03_notes/questions/PDF012_Q07.md,C4,,"- Page(s): 1, 2, 3 - Key passage(s), paraphrased or short quote only: - ""The confusion arises from not distinguishing the rent on the housing structure from the pure land rent."" - ""We cannot exclude the possibility of a land bubble without separating the pure land rent.""",paraphrase,1. Introduction,medium
CLM_PDF012_Q07_006,PDF012,PDF012_Q07,Toda_2025,"1, 2, 3",variables_parameters,land,,leverage creates land-bubble phase transition,,D_t/r_t,model_based_synthesis,"In a growing economy, the total housing rent yield can remain mathematically constant while the underlying pure land dividend yield actually vanishes, masking the emergence of a bubble.",land-credit crowding-out,validated_paraphrase,NotebookLM-backed paraphrase from completed note; verify exact wording before final quotation.,03_notes/questions/PDF012_Q07.md,C4,,"- Page(s): 1, 2, 3 - Key passage(s), paraphrased or short quote only: - ""The confusion arises from not distinguishing the rent on the housing structure from the pure land rent."" - ""We cannot exclude the possibility of a land bubble without separating the pure land rent.""",paraphrase,1. Introduction,medium
CLM_PDF012_Q07_007,PDF012,PDF012_Q07,Toda_2025,"1, 2, 3",variables_parameters,land,,leverage creates land-bubble phase transition,,,measurement_or_empirical_motivation,Failing to disaggregate these two components leads to a critical measurement error where researchers observe a stable gross yield and incorrectly conclude no land bubble exists.,land-credit crowding-out,validated_paraphrase,NotebookLM-backed paraphrase from completed note; verify exact wording before final quotation.,03_notes/questions/PDF012_Q07.md,C4,,"- Page(s): 1, 2, 3 - Key passage(s), paraphrased or short quote only: - ""The confusion arises from not distinguishing the rent on the housing structure from the pure land rent."" - ""We cannot exclude the possibility of a land bubble without separating the pure land rent.""",paraphrase,1. Introduction,medium
CLM_PDF013_Q01_001,PDF013,PDF013_Q01,Hirano_Stiglitz_2024_stored2021,"1, 15, 33, 38",variables_parameters,land,,land speculation crowds out productive capital,,,model_based_synthesis,"The sectoral-credit hypothesis asserts that credit expansions enhance long-run economic growth only when directed to productive sectors (like manufacturing), whereas credit expansions directed toward real estate fuel land speculation and structurally retard long-run growth.",land-credit crowding-out,validated_paraphrase,NotebookLM-backed paraphrase from completed note; verify exact wording before final quotation.,03_notes/questions/PDF013_Q01.md,C3,,"- Page(s): 1, 15, 33, 38 - Key passage(s), paraphrased or short quote only: - ""We show that it is not so much aggregate credit expansion that matters for long-run productivity and economic growth but sectoral credit expansions."" - ""Credit expansions associated mainly with relaxation of real estate financing (capital investment financing) will be productivity-and growth-retarding (enhancing).""",paraphrase,5. Mechanism II,medium
CLM_PDF013_Q01_002,PDF013,PDF013_Q01,Hirano_Stiglitz_2024_stored2021,"1, 15, 33, 38",variables_parameters,land,,real-estate credit amplifies land-price inflation,,collateral parameter,model_based_synthesis,"Propositions 2 and 6, demonstrating mathematically that $\frac{d(1+g^)}{d\theta^x} < 0$ (relaxing land collateral requirements $\theta^x$ retards long-run growth $g^$) while $\frac{d(1+g^)}{d\theta} 0$ (relaxing capital collateral requirements $\theta$ enhances long-run growth).",land-credit crowding-out,validated_paraphrase,NotebookLM-backed paraphrase from completed note; verify exact wording before final quotation.,03_notes/questions/PDF013_Q01.md,C3,,"- Page(s): 1, 15, 33, 38 - Key passage(s), paraphrased or short quote only: - ""We show that it is not so much aggregate credit expansion that matters for long-run productivity and economic growth but sectoral credit expansions."" - ""Credit expansions associated mainly with relaxation of real estate financing (capital investment financing) will be productivity-and growth-retarding (enhancing).""",paraphrase,3. Conceptual objects,medium
CLM_PDF013_Q01_003,PDF013,PDF013_Q01,Hirano_Stiglitz_2024_stored2021,"1, 15, 33, 38",variables_parameters,land,,real-estate credit amplifies land-price inflation,,,critical_interpretation,"Applying this precise sectoral-credit hypothesis to Latin America requires external verification, as the paper's theoretical framework assumes a highly stylized closed or small-open economy and abstracts from the region's specific structural vulnerabilities, such as heavy reliance on volatile foreign capital inflows, dollarized real estate sectors, and primary commodity export dependencies.",land-credit crowding-out,validated_paraphrase,NotebookLM-backed paraphrase from completed note; verify exact wording before final quotation.,03_notes/questions/PDF013_Q01.md,C3,,"- Page(s): 1, 15, 33, 38 - Key passage(s), paraphrased or short quote only: - ""We show that it is not so much aggregate credit expansion that matters for long-run productivity and economic growth but sectoral credit expansions."" - ""Credit expansions associated mainly with relaxation of real estate financing (capital investment financing) will be productivity-and growth-retarding (enhancing).""",paraphrase,3. Conceptual objects,medium
CLM_PDF013_Q01_004,PDF013,PDF013_Q01,Hirano_Stiglitz_2024_stored2021,"1, 15, 33, 38",variables_parameters,land,,real-estate credit amplifies land-price inflation,,,model_based_synthesis,The economy consists of an endogenous-growth productive sector (manufacturing) and a non-productive real estate sector (land).,land-credit crowding-out,validated_paraphrase,NotebookLM-backed paraphrase from completed note; verify exact wording before final quotation.,03_notes/questions/PDF013_Q01.md,C3,,"- Page(s): 1, 15, 33, 38 - Key passage(s), paraphrased or short quote only: - ""We show that it is not so much aggregate credit expansion that matters for long-run productivity and economic growth but sectoral credit expansions."" - ""Credit expansions associated mainly with relaxation of real estate financing (capital investment financing) will be productivity-and growth-retarding (enhancing).""",paraphrase,1. Introduction,medium
CLM_PDF013_Q01_005,PDF013,PDF013_Q01,Hirano_Stiglitz_2024_stored2021,"1, 15, 33, 38",variables_parameters,land,,real-estate credit amplifies land-price inflation,,leverage parameter,policy_implication,"Financial liberalization or loose monetary policy relaxes borrowing constraints, generating an expansion of credit.",land-credit crowding-out,validated_paraphrase,NotebookLM-backed paraphrase from completed note; verify exact wording before final quotation.,03_notes/questions/PDF013_Q01.md,C3,,"- Page(s): 1, 15, 33, 38 - Key passage(s), paraphrased or short quote only: - ""We show that it is not so much aggregate credit expansion that matters for long-run productivity and economic growth but sectoral credit expansions."" - ""Credit expansions associated mainly with relaxation of real estate financing (capital investment financing) will be productivity-and growth-retarding (enhancing).""",paraphrase,5. Mechanism II,medium
CLM_PDF013_Q01_006,PDF013,PDF013_Q01,Hirano_Stiglitz_2024_stored2021,"1, 15, 33, 38",variables_parameters,land,,real-estate credit amplifies land-price inflation,,leverage parameter; collateral parameter,model_based_synthesis,"If this credit is allocated to real estate (e.g., via lower land-collateral requirements), entrepreneurs use the leverage to speculate on fixed land.",land-credit crowding-out,validated_paraphrase,NotebookLM-backed paraphrase from completed note; verify exact wording before final quotation.,03_notes/questions/PDF013_Q01.md,C3,,"- Page(s): 1, 15, 33, 38 - Key passage(s), paraphrased or short quote only: - ""We show that it is not so much aggregate credit expansion that matters for long-run productivity and economic growth but sectoral credit expansions."" - ""Credit expansions associated mainly with relaxation of real estate financing (capital investment financing) will be productivity-and growth-retarding (enhancing).""",paraphrase,5. Mechanism II,medium
CLM_PDF013_Q01_007,PDF013,PDF013_Q01,Hirano_Stiglitz_2024_stored2021,"1, 15, 33, 38",variables_parameters,land,,land speculation crowds out productive capital,,K_t; k_{t+1},model_based_synthesis,"This land speculation diverts the economy's finite savings away from productive capital formation, crowding out real investment and permanently lowering the economy's growth trajectory.",land-credit crowding-out,validated_paraphrase,NotebookLM-backed paraphrase from completed note; verify exact wording before final quotation.,03_notes/questions/PDF013_Q01.md,C3,,"- Page(s): 1, 15, 33, 38 - Key passage(s), paraphrased or short quote only: - ""We show that it is not so much aggregate credit expansion that matters for long-run productivity and economic growth but sectoral credit expansions."" - ""Credit expansions associated mainly with relaxation of real estate financing (capital investment financing) will be productivity-and growth-retarding (enhancing).""",paraphrase,3. Conceptual objects,medium
CLM_PDF013_Q02_001,PDF013,PDF013_Q02,Hirano_Stiglitz_2024_stored2021,"2, 4, 5, 6",variables_parameters,land,,real-estate credit amplifies land-price inflation,,productivity growth,model_based_synthesis,"The model separates the two sectors by designating manufacturing as the sole engine of endogenous growth through capital accumulation, while defining real estate as a passive sector that utilizes fixed land and relies entirely on productivity spillovers from manufacturing.",land-credit crowding-out,validated_paraphrase,NotebookLM-backed paraphrase from completed note; verify exact wording before final quotation.,03_notes/questions/PDF013_Q02.md,C3,,"- Page(s): 2, 4, 5, 6 - Key passage(s), paraphrased or short quote only: - ""Key is endogenous growth, originating in only one sector ('manufacturing') but with spillovers to the other ('real estate')."" - ""The productive sector exhibits standard Marshallian external increasing returns to scale in capital investment... competitive firms produce the final consumption goods by using capital and labor.""",paraphrase,3. Conceptual objects,medium
CLM_PDF013_Q02_002,PDF013,PDF013_Q02,Hirano_Stiglitz_2024_stored2021,"2, 4, 5, 6",variables_parameters,land,,real-estate credit amplifies land-price inflation,,D_t/r_t,model_based_synthesis,"The aggregate production function $Yt = (Kt)^\alpha(\chi(Kt)Lt)^{1-\alpha} + Dt Xt$, combined with the real estate spillover function $Dt = \epsilon \chi(Kt) = \epsilon a Kt$, demonstrating that land dividends ($Dt$) rely on manufacturing capital ($Kt$).",land-credit crowding-out,validated_paraphrase,NotebookLM-backed paraphrase from completed note; verify exact wording before final quotation.,03_notes/questions/PDF013_Q02.md,C3,,"- Page(s): 2, 4, 5, 6 - Key passage(s), paraphrased or short quote only: - ""Key is endogenous growth, originating in only one sector ('manufacturing') but with spillovers to the other ('real estate')."" - ""The productive sector exhibits standard Marshallian external increasing returns to scale in capital investment... competitive firms produce the final consumption goods by using capital and labor.""",paraphrase,3. Conceptual objects,medium
CLM_PDF013_Q02_003,PDF013,PDF013_Q02,Hirano_Stiglitz_2024_stored2021,"2, 4, 5, 6",theory_evidence,land,,real-estate credit amplifies land-price inflation,,collateral parameter; productivity growth,formal_model_result,"Applying this precise sectoral separation to Latin America requires external verification, as the framework abstracts from the region's specific structural realities, such as primary commodity export sectors that act as independent sources of land productivity, and pervasive informal real estate markets that do not fit cleanly into highly formalized collateral constraints.",land-credit crowding-out,validated_paraphrase,NotebookLM-backed paraphrase from completed note; verify exact wording before final quotation.,03_notes/questions/PDF013_Q02.md,C3,,"- Page(s): 2, 4, 5, 6 - Key passage(s), paraphrased or short quote only: - ""Key is endogenous growth, originating in only one sector ('manufacturing') but with spillovers to the other ('real estate')."" - ""The productive sector exhibits standard Marshallian external increasing returns to scale in capital investment... competitive firms produce the final consumption goods by using capital and labor.""",paraphrase,5. Mechanism II,medium
CLM_PDF013_Q02_004,PDF013,PDF013_Q02,Hirano_Stiglitz_2024_stored2021,"2, 4, 5, 6",variables_parameters,land,,land changes R versus G and debt-rollover conditions,,,model_based_synthesis,"The manufacturing sector uses reproducible capital and labor, generating endogenous growth through Marshallian external increasing returns to scale.",land-credit crowding-out,validated_paraphrase,NotebookLM-backed paraphrase from completed note; verify exact wording before final quotation.,03_notes/questions/PDF013_Q02.md,C3,,"- Page(s): 2, 4, 5, 6 - Key passage(s), paraphrased or short quote only: - ""Key is endogenous growth, originating in only one sector ('manufacturing') but with spillovers to the other ('real estate')."" - ""The productive sector exhibits standard Marshallian external increasing returns to scale in capital investment... competitive firms produce the final consumption goods by using capital and labor.""",paraphrase,3. Conceptual objects,medium
CLM_PDF013_Q02_005,PDF013,PDF013_Q02,Hirano_Stiglitz_2024_stored2021,"2, 4, 5, 6",variables_parameters,land,,real-estate credit amplifies land-price inflation,,D_t/r_t,model_based_synthesis,"The real estate sector uses fixed, non-reproducible land to yield a dividend (rent) in consumption goods.",land-credit crowding-out,validated_paraphrase,NotebookLM-backed paraphrase from completed note; verify exact wording before final quotation.,03_notes/questions/PDF013_Q02.md,C3,,"- Page(s): 2, 4, 5, 6 - Key passage(s), paraphrased or short quote only: - ""Key is endogenous growth, originating in only one sector ('manufacturing') but with spillovers to the other ('real estate')."" - ""The productive sector exhibits standard Marshallian external increasing returns to scale in capital investment... competitive firms produce the final consumption goods by using capital and labor.""",paraphrase,1. Introduction,medium
CLM_PDF013_Q02_006,PDF013,PDF013_Q02,Hirano_Stiglitz_2024_stored2021,"2, 4, 5, 6",variables_parameters,land,,real-estate credit amplifies land-price inflation,,D_t/r_t; K_t,model_based_synthesis,"Technological progress originates exclusively in manufacturing but automatically spills over to real estate, causing land rents to grow proportionally with the aggregate capital stock.",land-credit crowding-out,validated_paraphrase,NotebookLM-backed paraphrase from completed note; verify exact wording before final quotation.,03_notes/questions/PDF013_Q02.md,C3,,"- Page(s): 2, 4, 5, 6 - Key passage(s), paraphrased or short quote only: - ""Key is endogenous growth, originating in only one sector ('manufacturing') but with spillovers to the other ('real estate')."" - ""The productive sector exhibits standard Marshallian external increasing returns to scale in capital investment... competitive firms produce the final consumption goods by using capital and labor.""",paraphrase,3. Conceptual objects,medium
CLM_PDF013_Q02_007,PDF013,PDF013_Q02,Hirano_Stiglitz_2024_stored2021,"2, 4, 5, 6",variables_parameters,land,,land speculation crowds out productive capital,,k_{t+1}; leverage parameter; collateral parameter,model_based_synthesis,"Credit markets treat the sectors distinctly by applying separate collateral constraint parameters ($\theta$ for capital, $\theta^x$ for land), forcing entrepreneurs to allocate available leverage between productive investment and land speculation.",land-credit crowding-out,validated_paraphrase,NotebookLM-backed paraphrase from completed note; verify exact wording before final quotation.,03_notes/questions/PDF013_Q02.md,C3,,"- Page(s): 2, 4, 5, 6 - Key passage(s), paraphrased or short quote only: - ""Key is endogenous growth, originating in only one sector ('manufacturing') but with spillovers to the other ('real estate')."" - ""The productive sector exhibits standard Marshallian external increasing returns to scale in capital investment... competitive firms produce the final consumption goods by using capital and labor.""",paraphrase,3. Conceptual objects,medium
CLM_PDF013_Q03_001,PDF013,PDF013_Q03,Hirano_Stiglitz_2024_stored2021,"4, 7, 10, 15",variables_parameters,land,,land speculation crowds out productive capital,,k_{t+1}; leverage parameter; collateral parameter,model_based_synthesis,"Credit constraints limit borrowing based on specific collateral parameters for capital ($\theta$) and land ($\theta^x$), which dictate investment allocation by determining the leveraged return and required down-payment for each asset.",land-credit crowding-out,validated_paraphrase,NotebookLM-backed paraphrase from completed note; verify exact wording before final quotation.,03_notes/questions/PDF013_Q03.md,C3,,"- Page(s): 4, 7, 10, 15 - Key passage(s), paraphrased or short quote only: - ""The borrowing constraint is $(1+r)b_t^i \le \theta R_t^c k_{t+1}^i + \theta^x R_t^x P_t x_t^i$... only a fraction $\theta$ of the total returns from capital investment and only a fraction $\theta^x$ of the total returns from land holdings can be used as collateral."" - ""Entrepreneurs allocate their portfolio between capital and land, both using borrowing... in equilibrium, the leveraged rates of returns on each must be the same"".",paraphrase,3. Conceptual objects,medium
CLM_PDF013_Q03_002,PDF013,PDF013_Q03,Hirano_Stiglitz_2024_stored2021,"4, 7, 10, 15",variables_parameters,land,,leverage creates land-bubble phase transition,,leverage parameter,model_based_synthesis,"The borrowing constraint equation $(1+r)bt^i \le \theta Rt^c k{t+1}^i + \theta^x Rt^x Pt xt^i$, and the leveraged return arbitrage equation $\frac{R^c(1-\theta)}{1-\frac{\theta R^c}{1+r}} = \frac{Rt^x(1-\theta^x)}{1-\frac{\theta^x Rt^x}{1+r}}$.",land-credit crowding-out,validated_paraphrase,NotebookLM-backed paraphrase from completed note; verify exact wording before final quotation.,03_notes/questions/PDF013_Q03.md,C3,,"- Page(s): 4, 7, 10, 15 - Key passage(s), paraphrased or short quote only: - ""The borrowing constraint is $(1+r)b_t^i \le \theta R_t^c k_{t+1}^i + \theta^x R_t^x P_t x_t^i$... only a fraction $\theta$ of the total returns from capital investment and only a fraction $\theta^x$ of the total returns from land holdings can be used as collateral."" - ""Entrepreneurs allocate their portfolio between capital and land, both using borrowing... in equilibrium, the leveraged rates of returns on each must be the same"".",paraphrase,5. Mechanism II,medium
CLM_PDF013_Q03_003,PDF013,PDF013_Q03,Hirano_Stiglitz_2024_stored2021,"4, 7, 10, 15",theory_evidence,land,,real-estate credit amplifies land-price inflation,,leverage parameter; collateral parameter,formal_model_result,"Assessing the empirical validity of these precise sectoral collateral constraints in Latin America requires external verification, as the model assumes fully formalized borrowing and perfectly enforceable collateral limits, abstracting from the region's prevalent informal credit markets, state-directed lending programs, and distinct property rights regimes.",land-credit crowding-out,validated_paraphrase,NotebookLM-backed paraphrase from completed note; verify exact wording before final quotation.,03_notes/questions/PDF013_Q03.md,C3,,"- Page(s): 4, 7, 10, 15 - Key passage(s), paraphrased or short quote only: - ""The borrowing constraint is $(1+r)b_t^i \le \theta R_t^c k_{t+1}^i + \theta^x R_t^x P_t x_t^i$... only a fraction $\theta$ of the total returns from capital investment and only a fraction $\theta^x$ of the total returns from land holdings can be used as collateral."" - ""Entrepreneurs allocate their portfolio between capital and land, both using borrowing... in equilibrium, the leveraged rates of returns on each must be the same"".",paraphrase,5. Mechanism II,medium
CLM_PDF013_Q03_004,PDF013,PDF013_Q03,Hirano_Stiglitz_2024_stored2021,"4, 7, 10, 15",variables_parameters,land,,land changes R versus G and debt-rollover conditions,,leverage parameter; collateral parameter,model_based_synthesis,Entrepreneurs face a strict borrowing constraint where total debt repayment cannot exceed the pledgeable returns of their capital and land holdings.,debt rollover / R versus G,validated_paraphrase,NotebookLM-backed paraphrase from completed note; verify exact wording before final quotation.,03_notes/questions/PDF013_Q03.md,C3,,"- Page(s): 4, 7, 10, 15 - Key passage(s), paraphrased or short quote only: - ""The borrowing constraint is $(1+r)b_t^i \le \theta R_t^c k_{t+1}^i + \theta^x R_t^x P_t x_t^i$... only a fraction $\theta$ of the total returns from capital investment and only a fraction $\theta^x$ of the total returns from land holdings can be used as collateral."" - ""Entrepreneurs allocate their portfolio between capital and land, both using borrowing... in equilibrium, the leveraged rates of returns on each must be the same"".",paraphrase,3. Conceptual objects,medium
CLM_PDF013_Q03_005,PDF013,PDF013_Q03,Hirano_Stiglitz_2024_stored2021,"4, 7, 10, 15",variables_parameters,land,,real-estate credit amplifies land-price inflation,,collateral parameter,model_based_synthesis,"The pledgeability of these assets is determined by their respective collateral parameters ($\theta$ for capital, $\theta^x$ for land).",land-credit crowding-out,validated_paraphrase,NotebookLM-backed paraphrase from completed note; verify exact wording before final quotation.,03_notes/questions/PDF013_Q03.md,C3,,"- Page(s): 4, 7, 10, 15 - Key passage(s), paraphrased or short quote only: - ""The borrowing constraint is $(1+r)b_t^i \le \theta R_t^c k_{t+1}^i + \theta^x R_t^x P_t x_t^i$... only a fraction $\theta$ of the total returns from capital investment and only a fraction $\theta^x$ of the total returns from land holdings can be used as collateral."" - ""Entrepreneurs allocate their portfolio between capital and land, both using borrowing... in equilibrium, the leveraged rates of returns on each must be the same"".",paraphrase,3. Conceptual objects,medium
CLM_PDF013_Q03_006,PDF013,PDF013_Q03,Hirano_Stiglitz_2024_stored2021,"4, 7, 10, 15",variables_parameters,land,,land speculation crowds out productive capital,,K_t; k_{t+1}; leverage parameter,model_based_synthesis,Entrepreneurs dynamically allocate their portfolios to equalize the leveraged rates of return between productive capital investment and speculative land holdings.,land-credit crowding-out,validated_paraphrase,NotebookLM-backed paraphrase from completed note; verify exact wording before final quotation.,03_notes/questions/PDF013_Q03.md,C3,,"- Page(s): 4, 7, 10, 15 - Key passage(s), paraphrased or short quote only: - ""The borrowing constraint is $(1+r)b_t^i \le \theta R_t^c k_{t+1}^i + \theta^x R_t^x P_t x_t^i$... only a fraction $\theta$ of the total returns from capital investment and only a fraction $\theta^x$ of the total returns from land holdings can be used as collateral."" - ""Entrepreneurs allocate their portfolio between capital and land, both using borrowing... in equilibrium, the leveraged rates of returns on each must be the same"".",paraphrase,3. Conceptual objects,medium
CLM_PDF013_Q03_007,PDF013,PDF013_Q03,Hirano_Stiglitz_2024_stored2021,"4, 7, 10, 15",variables_parameters,land,,land speculation crowds out productive capital,,K_t; k_{t+1}; leverage parameter; collateral parameter,model_based_synthesis,"When the land collateral parameter ($\theta^x$) is increased, the required down-payment for land drops, incentivizing entrepreneurs to shift their limited borrowing capacity toward land speculation, which crowds out productive capital investment.",land-credit crowding-out,validated_paraphrase,NotebookLM-backed paraphrase from completed note; verify exact wording before final quotation.,03_notes/questions/PDF013_Q03.md,C3,,"- Page(s): 4, 7, 10, 15 - Key passage(s), paraphrased or short quote only: - ""The borrowing constraint is $(1+r)b_t^i \le \theta R_t^c k_{t+1}^i + \theta^x R_t^x P_t x_t^i$... only a fraction $\theta$ of the total returns from capital investment and only a fraction $\theta^x$ of the total returns from land holdings can be used as collateral."" - ""Entrepreneurs allocate their portfolio between capital and land, both using borrowing... in equilibrium, the leveraged rates of returns on each must be the same"".",paraphrase,3. Conceptual objects,medium
CLM_PDF013_Q04_001,PDF013,PDF013_Q04,Hirano_Stiglitz_2024_stored2021,"2, 3, 15, 16",causality,land,,land speculation crowds out productive capital,"Lowering collateral requirements or interest rates can reduce growth because the resulting credit expansion fuels land speculation, which diverts finite savings away from productive capital investment.",K_t; k_{t+1}; r; collateral parameter,model_based_synthesis,"Lowering collateral requirements or interest rates can reduce growth because the resulting credit expansion fuels land speculation, which diverts finite savings away from productive capital investment.",land-credit crowding-out,validated_paraphrase,NotebookLM-backed paraphrase from completed note; verify exact wording before final quotation.,03_notes/questions/PDF013_Q04.md,C3,,"- Page(s): 2, 3, 15, 16 - Key passage(s), paraphrased or short quote only: - ""lowering collateral requirements or interest rates might seem to enhance the ability of entrepreneurs to finance their investments; but if looser monetary policy... simultaneously results in an increase in land prices, investment may be diverted to real estate, and the net effect is to crowd out productive investments, lowering growth."" - ""When $\theta^x > \theta$ the crowding-out effect caused by low interest rates (with land prices increasing) dominates the crowding-in effects; low interest rates encourage land speculation with leverage more than capital investment, reducing long-run productivity and economic growth.""",paraphrase,3. Conceptual objects,medium
CLM_PDF013_Q04_002,PDF013,PDF013_Q04,Hirano_Stiglitz_2024_stored2021,"2, 3, 15, 16",causality,land,,land speculation crowds out productive capital,"Proposition 3, demonstrating mathematically that $sign\frac{d(1+g^)}{dr} = sign(\theta^x - \theta)$, meaning lower interest rates actually reduce growth when $\theta^x \theta$ because the crowding-out effect dominates.",r,model_based_synthesis,"Proposition 3, demonstrating mathematically that $sign\frac{d(1+g^)}{dr} = sign(\theta^x - \theta)$, meaning lower interest rates actually reduce growth when $\theta^x \theta$ because the crowding-out effect dominates.",land-credit crowding-out,validated_paraphrase,NotebookLM-backed paraphrase from completed note; verify exact wording before final quotation.,03_notes/questions/PDF013_Q04.md,C3,,"- Page(s): 2, 3, 15, 16 - Key passage(s), paraphrased or short quote only: - ""lowering collateral requirements or interest rates might seem to enhance the ability of entrepreneurs to finance their investments; but if looser monetary policy... simultaneously results in an increase in land prices, investment may be diverted to real estate, and the net effect is to crowd out productive investments, lowering growth."" - ""When $\theta^x > \theta$ the crowding-out effect caused by low interest rates (with land prices increasing) dominates the crowding-in effects; low interest rates encourage land speculation with leverage more than capital investment, reducing long-run productivity and economic growth.""",paraphrase,4. Mechanism I,medium
CLM_PDF013_Q04_003,PDF013,PDF013_Q04,Hirano_Stiglitz_2024_stored2021,"2, 3, 15, 16",variables_parameters,land,,land speculation crowds out productive capital,,,formal_model_result,"Validating that this precise interest-rate crowding-out mechanism operates identically in Latin America requires external verification, as the paper assumes a closed or stylized small-open formalized economy and abstracts from the region's specific dependencies on foreign capital flows, sovereign debt burdens, and dollarized real estate.",debt rollover / R versus G,validated_paraphrase,NotebookLM-backed paraphrase from completed note; verify exact wording before final quotation.,03_notes/questions/PDF013_Q04.md,C3,,"- Page(s): 2, 3, 15, 16 - Key passage(s), paraphrased or short quote only: - ""lowering collateral requirements or interest rates might seem to enhance the ability of entrepreneurs to finance their investments; but if looser monetary policy... simultaneously results in an increase in land prices, investment may be diverted to real estate, and the net effect is to crowd out productive investments, lowering growth."" - ""When $\theta^x > \theta$ the crowding-out effect caused by low interest rates (with land prices increasing) dominates the crowding-in effects; low interest rates encourage land speculation with leverage more than capital investment, reducing long-run productivity and economic growth.""",paraphrase,3. Conceptual objects,medium
CLM_PDF013_Q04_004,PDF013,PDF013_Q04,Hirano_Stiglitz_2024_stored2021,"2, 3, 15, 16",variables_parameters,land,,real-estate credit amplifies land-price inflation,,r; leverage parameter; collateral parameter,model_based_synthesis,"Financial liberalization lowers interest rates or reduces required collateral, increasing the total borrowing capacity for entrepreneurs.",land-credit crowding-out,validated_paraphrase,NotebookLM-backed paraphrase from completed note; verify exact wording before final quotation.,03_notes/questions/PDF013_Q04.md,C3,,"- Page(s): 2, 3, 15, 16 - Key passage(s), paraphrased or short quote only: - ""lowering collateral requirements or interest rates might seem to enhance the ability of entrepreneurs to finance their investments; but if looser monetary policy... simultaneously results in an increase in land prices, investment may be diverted to real estate, and the net effect is to crowd out productive investments, lowering growth."" - ""When $\theta^x > \theta$ the crowding-out effect caused by low interest rates (with land prices increasing) dominates the crowding-in effects; low interest rates encourage land speculation with leverage more than capital investment, reducing long-run productivity and economic growth.""",paraphrase,5. Mechanism II,medium
CLM_PDF013_Q04_005,PDF013,PDF013_Q04,Hirano_Stiglitz_2024_stored2021,"2, 3, 15, 16",causality,land,,real-estate credit amplifies land-price inflation,"Because land serves as excellent collateral (especially if its collateral parameter $\theta^x$ is greater than capital's $\theta$), entrepreneurs channel this new leverage into buying fixed real estate rather than producing capital.",leverage parameter; collateral parameter,model_based_synthesis,"Because land serves as excellent collateral (especially if its collateral parameter $\theta^x$ is greater than capital's $\theta$), entrepreneurs channel this new leverage into buying fixed real estate rather than producing capital.",land-credit crowding-out,validated_paraphrase,NotebookLM-backed paraphrase from completed note; verify exact wording before final quotation.,03_notes/questions/PDF013_Q04.md,C3,,"- Page(s): 2, 3, 15, 16 - Key passage(s), paraphrased or short quote only: - ""lowering collateral requirements or interest rates might seem to enhance the ability of entrepreneurs to finance their investments; but if looser monetary policy... simultaneously results in an increase in land prices, investment may be diverted to real estate, and the net effect is to crowd out productive investments, lowering growth."" - ""When $\theta^x > \theta$ the crowding-out effect caused by low interest rates (with land prices increasing) dominates the crowding-in effects; low interest rates encourage land speculation with leverage more than capital investment, reducing long-run productivity and economic growth.""",paraphrase,3. Conceptual objects,medium
CLM_PDF013_Q04_006,PDF013,PDF013_Q04,Hirano_Stiglitz_2024_stored2021,"2, 3, 15, 16",mechanism,land,,real-estate credit amplifies land-price inflation,"This speculative demand bids up land prices, increasing the aggregate value of land relative to the productive economy.",P_t,model_based_synthesis,"This speculative demand bids up land prices, increasing the aggregate value of land relative to the productive economy.",land-credit crowding-out,validated_paraphrase,NotebookLM-backed paraphrase from completed note; verify exact wording before final quotation.,03_notes/questions/PDF013_Q04.md,C3,,"- Page(s): 2, 3, 15, 16 - Key passage(s), paraphrased or short quote only: - ""lowering collateral requirements or interest rates might seem to enhance the ability of entrepreneurs to finance their investments; but if looser monetary policy... simultaneously results in an increase in land prices, investment may be diverted to real estate, and the net effect is to crowd out productive investments, lowering growth."" - ""When $\theta^x > \theta$ the crowding-out effect caused by low interest rates (with land prices increasing) dominates the crowding-in effects; low interest rates encourage land speculation with leverage more than capital investment, reducing long-run productivity and economic growth.""",paraphrase,1. Introduction,medium
CLM_PDF013_Q04_007,PDF013,PDF013_Q04,Hirano_Stiglitz_2024_stored2021,"2, 3, 15, 16",variables_parameters,land,,land speculation crowds out productive capital,,K_t,model_based_synthesis,"The need to finance increasingly expensive land absorbs finite macroeconomic savings, structurally crowding out productive capital accumulation and thereby reducing long-run growth.",land-credit crowding-out,validated_paraphrase,NotebookLM-backed paraphrase from completed note; verify exact wording before final quotation.,03_notes/questions/PDF013_Q04.md,C3,,"- Page(s): 2, 3, 15, 16 - Key passage(s), paraphrased or short quote only: - ""lowering collateral requirements or interest rates might seem to enhance the ability of entrepreneurs to finance their investments; but if looser monetary policy... simultaneously results in an increase in land prices, investment may be diverted to real estate, and the net effect is to crowd out productive investments, lowering growth."" - ""When $\theta^x > \theta$ the crowding-out effect caused by low interest rates (with land prices increasing) dominates the crowding-in effects; low interest rates encourage land speculation with leverage more than capital investment, reducing long-run productivity and economic growth.""",paraphrase,3. Conceptual objects,medium
CLM_PDF013_Q05_001,PDF013,PDF013_Q05,Hirano_Stiglitz_2024_stored2021,"3, 29, 30, 50",variables_parameters,land,,real-estate credit amplifies land-price inflation,,r; leverage parameter,model_based_synthesis,"The finite-land-price puzzle is resolved by assuming limited real estate market participation, which forces land to be discounted at the entrepreneurs' high leveraged rate of return on capital rather than the low safe interest rate.",land-credit crowding-out,validated_paraphrase,NotebookLM-backed paraphrase from completed note; verify exact wording before final quotation.,03_notes/questions/PDF013_Q05.md,C3,,"- Page(s): 3, 29, 30, 50 - Key passage(s), paraphrased or short quote only: - ""In standard balanced growth models... equilibrium only exists when the rate of interest exceeds the rate of growth, because otherwise, land prices would be infinite."" - ""Proposition 10 Finite land prices with low interest rates... $P^*$ is finite.""",paraphrase,3. Conceptual objects,medium
CLM_PDF013_Q05_002,PDF013,PDF013_Q05,Hirano_Stiglitz_2024_stored2021,"3, 29, 30, 50",variables_parameters,land,,land changes R versus G and debt-rollover conditions,,r,model_based_synthesis,"Proposition 10, demonstrating that $R^c 1+g^ 1+r^$, and the effective land discount rate $\frac{\lambda}{1-\theta^x+\frac{\theta^x\lambda}{1+r^}}$, which replaces the standard $1+r^$.",land-credit crowding-out,validated_paraphrase,NotebookLM-backed paraphrase from completed note; verify exact wording before final quotation.,03_notes/questions/PDF013_Q05.md,C3,,"- Page(s): 3, 29, 30, 50 - Key passage(s), paraphrased or short quote only: - ""In standard balanced growth models... equilibrium only exists when the rate of interest exceeds the rate of growth, because otherwise, land prices would be infinite."" - ""Proposition 10 Finite land prices with low interest rates... $P^*$ is finite.""",paraphrase,1. Introduction,medium
CLM_PDF013_Q05_003,PDF013,PDF013_Q05,Hirano_Stiglitz_2024_stored2021,"3, 29, 30, 50",theory_evidence,land,,real-estate credit amplifies land-price inflation,,,formal_model_result,"Applying this specific resolution to Latin America requires external verification, as the mechanism relies on the stylized assumption of limited real estate participation and perfectly formalized arbitrage between capital and land, abstracting from the region's widespread informal land ownership, dollarized property markets, and high risk premiums.",Latin American applicability,validated_paraphrase,NotebookLM-backed paraphrase from completed note; verify exact wording before final quotation.,03_notes/questions/PDF013_Q05.md,C3,,"- Page(s): 3, 29, 30, 50 - Key passage(s), paraphrased or short quote only: - ""In standard balanced growth models... equilibrium only exists when the rate of interest exceeds the rate of growth, because otherwise, land prices would be infinite."" - ""Proposition 10 Finite land prices with low interest rates... $P^*$ is finite.""",paraphrase,3. Conceptual objects,medium
CLM_PDF013_Q05_004,PDF013,PDF013_Q05,Hirano_Stiglitz_2024_stored2021,"3, 29, 30, 50",variables_parameters,land,,real-estate credit amplifies land-price inflation,,P_t; r; G,model_based_synthesis,"Standard models assume universal market participation, meaning land is discounted by the safe interest rate; if this rate falls below the economic growth rate, the geometric series explodes and land prices become infinite.",land-credit crowding-out,validated_paraphrase,NotebookLM-backed paraphrase from completed note; verify exact wording before final quotation.,03_notes/questions/PDF013_Q05.md,C3,,"- Page(s): 3, 29, 30, 50 - Key passage(s), paraphrased or short quote only: - ""In standard balanced growth models... equilibrium only exists when the rate of interest exceeds the rate of growth, because otherwise, land prices would be infinite."" - ""Proposition 10 Finite land prices with low interest rates... $P^*$ is finite.""",paraphrase,1. Introduction,medium
CLM_PDF013_Q05_005,PDF013,PDF013_Q05,Hirano_Stiglitz_2024_stored2021,"3, 29, 30, 50",theory_evidence,land,,real-estate credit amplifies land-price inflation,,leverage parameter,model_based_synthesis,This model restricts land ownership to entrepreneurs who face binding borrowing constraints (credit frictions).,land-credit crowding-out,validated_paraphrase,NotebookLM-backed paraphrase from completed note; verify exact wording before final quotation.,03_notes/questions/PDF013_Q05.md,C3,,"- Page(s): 3, 29, 30, 50 - Key passage(s), paraphrased or short quote only: - ""In standard balanced growth models... equilibrium only exists when the rate of interest exceeds the rate of growth, because otherwise, land prices would be infinite."" - ""Proposition 10 Finite land prices with low interest rates... $P^*$ is finite.""",paraphrase,5. Mechanism II,medium
CLM_PDF013_Q05_006,PDF013,PDF013_Q05,Hirano_Stiglitz_2024_stored2021,"3, 29, 30, 50",causality,land,,land speculation crowds out productive capital,"Because entrepreneurs arbitrage their borrowed funds between land and capital, land must offer a leveraged rate of return equal to the high returns of productive capital.",K_t; leverage parameter,model_based_synthesis,"Because entrepreneurs arbitrage their borrowed funds between land and capital, land must offer a leveraged rate of return equal to the high returns of productive capital.",land-credit crowding-out,validated_paraphrase,NotebookLM-backed paraphrase from completed note; verify exact wording before final quotation.,03_notes/questions/PDF013_Q05.md,C3,,"- Page(s): 3, 29, 30, 50 - Key passage(s), paraphrased or short quote only: - ""In standard balanced growth models... equilibrium only exists when the rate of interest exceeds the rate of growth, because otherwise, land prices would be infinite."" - ""Proposition 10 Finite land prices with low interest rates... $P^*$ is finite.""",paraphrase,3. Conceptual objects,medium
CLM_PDF013_Q05_007,PDF013,PDF013_Q05,Hirano_Stiglitz_2024_stored2021,"3, 29, 30, 50",causality,land,,leverage creates land-bubble phase transition,"This high leveraged return replaces the safe interest rate as the effective discount rate for land; because it strictly exceeds the economic growth rate, the present value of land remains perfectly finite even when the safe rate is extremely low.",r; G; leverage parameter,model_based_synthesis,"This high leveraged return replaces the safe interest rate as the effective discount rate for land; because it strictly exceeds the economic growth rate, the present value of land remains perfectly finite even when the safe rate is extremely low.",land-credit crowding-out,validated_paraphrase,NotebookLM-backed paraphrase from completed note; verify exact wording before final quotation.,03_notes/questions/PDF013_Q05.md,C3,,"- Page(s): 3, 29, 30, 50 - Key passage(s), paraphrased or short quote only: - ""In standard balanced growth models... equilibrium only exists when the rate of interest exceeds the rate of growth, because otherwise, land prices would be infinite."" - ""Proposition 10 Finite land prices with low interest rates... $P^*$ is finite.""",paraphrase,5. Mechanism II,medium
CLM_PDF013_Q06_001,PDF013,PDF013_Q06,Hirano_Stiglitz_2024_stored2021,"4, 19, 21, 27",mechanism,land,,land speculation crowds out productive capital,"The small-open economy relies on a fixed exogenous interest rate, whereas the closed economy endogenizes the interest rate through fiat money, which fundamentally amplifies the crowding-out effect of land speculation and enables the analysis of monetary policy.",r,policy_implication,"The small-open economy relies on a fixed exogenous interest rate, whereas the closed economy endogenizes the interest rate through fiat money, which fundamentally amplifies the crowding-out effect of land speculation and enables the analysis of monetary policy.",policy / taxation / regulation,validated_paraphrase,NotebookLM-backed paraphrase from completed note; verify exact wording before final quotation.,03_notes/questions/PDF013_Q06.md,C3,,"- Page(s): 4, 19, 21, 27 - Key passage(s), paraphrased or short quote only: - ""To illustrate the key ideas clearly, we first consider a small open economy where the interest rate r is exogenously given. In section 3, we will develop a closed economy model with money where the interest rate is endogenously determined."" - ""In this section, we extend the model to include fiat money and analyze a closed economy... The interest rate $1+r_t$ is now endogenously determined in equilibrium.""",paraphrase,4. Mechanism I,medium
CLM_PDF013_Q06_002,PDF013,PDF013_Q06,Hirano_Stiglitz_2024_stored2021,"4, 19, 21, 27",causality,land,,land changes R versus G and debt-rollover conditions,"The endogenous interest rate condition $1+r^ = \frac{1+g^}{1+\mu}$, which links the interest rate to the money growth rate $\mu$, and the theoretical result that $\frac{d(1+g^)}{d\theta^x} < 0$ is amplified because the derivative includes the endogenous fall in $r$.",r; G,model_based_synthesis,"The endogenous interest rate condition $1+r^ = \frac{1+g^}{1+\mu}$, which links the interest rate to the money growth rate $\mu$, and the theoretical result that $\frac{d(1+g^)}{d\theta^x} < 0$ is amplified because the derivative includes the endogenous fall in $r$.",land-credit crowding-out,validated_paraphrase,NotebookLM-backed paraphrase from completed note; verify exact wording before final quotation.,03_notes/questions/PDF013_Q06.md,C3,,"- Page(s): 4, 19, 21, 27 - Key passage(s), paraphrased or short quote only: - ""To illustrate the key ideas clearly, we first consider a small open economy where the interest rate r is exogenously given. In section 3, we will develop a closed economy model with money where the interest rate is endogenously determined."" - ""In this section, we extend the model to include fiat money and analyze a closed economy... The interest rate $1+r_t$ is now endogenously determined in equilibrium.""",paraphrase,1. Introduction,medium
CLM_PDF013_Q06_003,PDF013,PDF013_Q06,Hirano_Stiglitz_2024_stored2021,"4, 19, 21, 27",theory_evidence,land,,real-estate credit amplifies land-price inflation,,,critical_interpretation,"Applying this clean theoretical distinction between small-open and closed economies to Latin America requires external verification, as the model abstracts from the region's specific semi-open realities, such as heavily dollarized domestic real estate markets, extreme vulnerability to foreign capital ""sudden stops,"" and external sovereign debt constraints.",debt rollover / R versus G,validated_paraphrase,NotebookLM-backed paraphrase from completed note; verify exact wording before final quotation.,03_notes/questions/PDF013_Q06.md,C3,,"- Page(s): 4, 19, 21, 27 - Key passage(s), paraphrased or short quote only: - ""To illustrate the key ideas clearly, we first consider a small open economy where the interest rate r is exogenously given. In section 3, we will develop a closed economy model with money where the interest rate is endogenously determined."" - ""In this section, we extend the model to include fiat money and analyze a closed economy... The interest rate $1+r_t$ is now endogenously determined in equilibrium.""",paraphrase,3. Conceptual objects,medium
CLM_PDF013_Q06_004,PDF013,PDF013_Q06,Hirano_Stiglitz_2024_stored2021,"4, 19, 21, 27",variables_parameters,land,,real-estate credit amplifies land-price inflation,,r; leverage parameter,critical_interpretation,"In the small-open economy, non-entrepreneurial workers lend their savings at a fixed global interest rate, isolating borrowing costs from domestic real estate dynamics.",Latin American applicability,validated_paraphrase,NotebookLM-backed paraphrase from completed note; verify exact wording before final quotation.,03_notes/questions/PDF013_Q06.md,C3,,"- Page(s): 4, 19, 21, 27 - Key passage(s), paraphrased or short quote only: - ""To illustrate the key ideas clearly, we first consider a small open economy where the interest rate r is exogenously given. In section 3, we will develop a closed economy model with money where the interest rate is endogenously determined."" - ""In this section, we extend the model to include fiat money and analyze a closed economy... The interest rate $1+r_t$ is now endogenously determined in equilibrium.""",paraphrase,9. Critical appraisal,medium
CLM_PDF013_Q06_005,PDF013,PDF013_Q06,Hirano_Stiglitz_2024_stored2021,"4, 19, 21, 27",variables_parameters,land,,land changes R versus G and debt-rollover conditions,,r,model_based_synthesis,"In the closed economy, fiat money acts as the alternative store of value, making the interest rate endogenous and directly tied to domestic savings and money supply growth.",land-credit crowding-out,validated_paraphrase,NotebookLM-backed paraphrase from completed note; verify exact wording before final quotation.,03_notes/questions/PDF013_Q06.md,C3,,"- Page(s): 4, 19, 21, 27 - Key passage(s), paraphrased or short quote only: - ""To illustrate the key ideas clearly, we first consider a small open economy where the interest rate r is exogenously given. In section 3, we will develop a closed economy model with money where the interest rate is endogenously determined."" - ""In this section, we extend the model to include fiat money and analyze a closed economy... The interest rate $1+r_t$ is now endogenously determined in equilibrium.""",paraphrase,1. Introduction,medium
CLM_PDF013_Q06_006,PDF013,PDF013_Q06,Hirano_Stiglitz_2024_stored2021,"4, 19, 21, 27",variables_parameters,land,,real-estate credit amplifies land-price inflation,,r; collateral parameter; productivity growth,model_based_synthesis,"When real estate collateral limits are relaxed or real estate productivity rises in the closed economy, it triggers an endogenous decline in the interest rate.",land-credit crowding-out,validated_paraphrase,NotebookLM-backed paraphrase from completed note; verify exact wording before final quotation.,03_notes/questions/PDF013_Q06.md,C3,,"- Page(s): 4, 19, 21, 27 - Key passage(s), paraphrased or short quote only: - ""To illustrate the key ideas clearly, we first consider a small open economy where the interest rate r is exogenously given. In section 3, we will develop a closed economy model with money where the interest rate is endogenously determined."" - ""In this section, we extend the model to include fiat money and analyze a closed economy... The interest rate $1+r_t$ is now endogenously determined in equilibrium.""",paraphrase,5. Mechanism II,medium
CLM_PDF013_Q06_007,PDF013,PDF013_Q06,Hirano_Stiglitz_2024_stored2021,"4, 19, 21, 27",variables_parameters,land,,land speculation crowds out productive capital,,K_t; k_{t+1}; leverage parameter,model_based_synthesis,"This endogenous rate reduction makes leverage cheaper, disproportionately encouraging further land speculation, which strengthens the crowding-out of productive capital investment compared to the fixed-rate open economy.",land-credit crowding-out,validated_paraphrase,NotebookLM-backed paraphrase from completed note; verify exact wording before final quotation.,03_notes/questions/PDF013_Q06.md,C3,,"- Page(s): 4, 19, 21, 27 - Key passage(s), paraphrased or short quote only: - ""To illustrate the key ideas clearly, we first consider a small open economy where the interest rate r is exogenously given. In section 3, we will develop a closed economy model with money where the interest rate is endogenously determined."" - ""In this section, we extend the model to include fiat money and analyze a closed economy... The interest rate $1+r_t$ is now endogenously determined in equilibrium.""",paraphrase,3. Conceptual objects,medium
CLM_PDF013_Q07_001,PDF013,PDF013_Q07,Hirano_Stiglitz_2024_stored2021,"1, 15, 31, 33",variables_parameters,land,,land speculation crowds out productive capital,,D_t/r_t; K_t; k_{t+1}; r; collateral parameter,model_based_synthesis,"Private credit expansions do not inherently boost economic growth; instead, when channeled through lower interest rates or relaxed collateral constraints, they frequently trigger land-price inflation that crowds out productive capital investment and retards long-run growth.",land-credit crowding-out,validated_paraphrase,NotebookLM-backed paraphrase from completed note; verify exact wording before final quotation.,03_notes/questions/PDF013_Q07.md,C3,,"- Page(s): 1, 15, 31, 33 - Key passage(s), paraphrased or short quote only: - ""Credit expansions associated mainly with relaxation of real estate financing... will be productivity-and growth-retarding."" - ""lower interest rates mean more funds flow into the real estate market, encouraging land speculation with leverage rather than increasing productive capital.""",paraphrase,3. Conceptual objects,medium
CLM_PDF013_Q07_002,PDF013,PDF013_Q07,Hirano_Stiglitz_2024_stored2021,"1, 15, 31, 33",variables_parameters,land,,land speculation crowds out productive capital,,G; collateral parameter,model_based_synthesis,"The relative size of land speculation $\phit \equiv \frac{Pt}{AKt}$, and the comparative dynamic $\frac{d(1+g^)}{d\theta^x} < 0$, which proves mathematically that relaxing land collateral limits ($\theta^x$) increases land speculation and unambiguous retards the long-run growth rate ($g^$).",land-credit crowding-out,validated_paraphrase,NotebookLM-backed paraphrase from completed note; verify exact wording before final quotation.,03_notes/questions/PDF013_Q07.md,C3,,"- Page(s): 1, 15, 31, 33 - Key passage(s), paraphrased or short quote only: - ""Credit expansions associated mainly with relaxation of real estate financing... will be productivity-and growth-retarding."" - ""lower interest rates mean more funds flow into the real estate market, encouraging land speculation with leverage rather than increasing productive capital.""",paraphrase,5. Mechanism II,medium
CLM_PDF013_Q07_003,PDF013,PDF013_Q07,Hirano_Stiglitz_2024_stored2021,"1, 15, 31, 33",theory_evidence,land,,real-estate credit amplifies land-price inflation,,,formal_model_result,"Applying this precise mechanism to Latin America requires external verification, as the theoretical framework assumes a formalized credit system and abstracts from the region's specific vulnerabilities, such as heavily dollarized urban real estate, pervasive informal property markets, and high reliance on volatile foreign capital inflows.",land-credit crowding-out,validated_paraphrase,NotebookLM-backed paraphrase from completed note; verify exact wording before final quotation.,03_notes/questions/PDF013_Q07.md,C3,,"- Page(s): 1, 15, 31, 33 - Key passage(s), paraphrased or short quote only: - ""Credit expansions associated mainly with relaxation of real estate financing... will be productivity-and growth-retarding."" - ""lower interest rates mean more funds flow into the real estate market, encouraging land speculation with leverage rather than increasing productive capital.""",paraphrase,3. Conceptual objects,medium
CLM_PDF013_Q07_004,PDF013,PDF013_Q07,Hirano_Stiglitz_2024_stored2021,"1, 15, 31, 33",variables_parameters,land,,land changes R versus G and debt-rollover conditions,,leverage parameter,policy_implication,Financial liberalization or loose monetary policy expands the borrowing capacity of entrepreneurs.,policy / taxation / regulation,validated_paraphrase,NotebookLM-backed paraphrase from completed note; verify exact wording before final quotation.,03_notes/questions/PDF013_Q07.md,C3,,"- Page(s): 1, 15, 31, 33 - Key passage(s), paraphrased or short quote only: - ""Credit expansions associated mainly with relaxation of real estate financing... will be productivity-and growth-retarding."" - ""lower interest rates mean more funds flow into the real estate market, encouraging land speculation with leverage rather than increasing productive capital.""",paraphrase,10. Research agenda,medium
CLM_PDF013_Q07_005,PDF013,PDF013_Q07,Hirano_Stiglitz_2024_stored2021,"1, 15, 31, 33",variables_parameters,land,,real-estate credit amplifies land-price inflation,,leverage parameter; collateral parameter,model_based_synthesis,"Entrepreneurs continuously arbitrage their leverage, directing borrowed funds heavily into fixed, non-reproducible land, especially when the collateral value of land exceeds that of capital.",land-credit crowding-out,validated_paraphrase,NotebookLM-backed paraphrase from completed note; verify exact wording before final quotation.,03_notes/questions/PDF013_Q07.md,C3,,"- Page(s): 1, 15, 31, 33 - Key passage(s), paraphrased or short quote only: - ""Credit expansions associated mainly with relaxation of real estate financing... will be productivity-and growth-retarding."" - ""lower interest rates mean more funds flow into the real estate market, encouraging land speculation with leverage rather than increasing productive capital.""",paraphrase,3. Conceptual objects,medium
CLM_PDF013_Q07_006,PDF013,PDF013_Q07,Hirano_Stiglitz_2024_stored2021,"1, 15, 31, 33",mechanism,land,,land speculation crowds out productive capital,"This speculative demand bids up land prices (land-price inflation), increasing the relative size of land speculation in the aggregate economy.",P_t,model_based_synthesis,"This speculative demand bids up land prices (land-price inflation), increasing the relative size of land speculation in the aggregate economy.",land-credit crowding-out,validated_paraphrase,NotebookLM-backed paraphrase from completed note; verify exact wording before final quotation.,03_notes/questions/PDF013_Q07.md,C3,,"- Page(s): 1, 15, 31, 33 - Key passage(s), paraphrased or short quote only: - ""Credit expansions associated mainly with relaxation of real estate financing... will be productivity-and growth-retarding."" - ""lower interest rates mean more funds flow into the real estate market, encouraging land speculation with leverage rather than increasing productive capital.""",paraphrase,1. Introduction,medium
CLM_PDF013_Q07_007,PDF013,PDF013_Q07,Hirano_Stiglitz_2024_stored2021,"1, 15, 31, 33",variables_parameters,land,,land speculation crowds out productive capital,,K_t,model_based_synthesis,"The necessity to finance these inflated land purchases absorbs the economy's finite pool of savings, crowding out productive capital accumulation and permanently lowering the economic growth trajectory.",land-credit crowding-out,validated_paraphrase,NotebookLM-backed paraphrase from completed note; verify exact wording before final quotation.,03_notes/questions/PDF013_Q07.md,C3,,"- Page(s): 1, 15, 31, 33 - Key passage(s), paraphrased or short quote only: - ""Credit expansions associated mainly with relaxation of real estate financing... will be productivity-and growth-retarding."" - ""lower interest rates mean more funds flow into the real estate market, encouraging land speculation with leverage rather than increasing productive capital.""",paraphrase,3. Conceptual objects,medium
CLM_PDF014_Q01_001,PDF014,PDF014_Q01,Hirano_Toda_2026,4,causality,land,,land changes R versus G and debt-rollover conditions,"The CIGS version adds an explicit critique of the $R < G$ heuristic, arguing that even if market frictions allow $R < G$ in a land model, the simple $G$ versus $R$ condition loses its theoretical coherence and is no longer a sufficient metric for determining the sustainability of infinite debt rollover.",,model_based_synthesis,"The CIGS version adds an explicit critique of the $R < G$ heuristic, arguing that even if market frictions allow $R < G$ in a land model, the simple $G$ versus $R$ condition loses its theoretical coherence and is no longer a sufficient metric for determining the sustainability of infinite debt rollover.",debt rollover / R versus G,validated_paraphrase,NotebookLM-backed paraphrase from completed note; verify exact wording before final quotation.,03_notes/questions/PDF014_Q01.md,C5,,"- Page(s): 4 - Key passage(s), paraphrased or short quote only: - ""Of course, it should be noted that incorporating various realistic factors may make $R < G$ possible under balanced growth, even in models with land."" - ""However, in such cases... the conditions for indefinite rollover of government bonds would no longer be reduced to a simple relationship of G versus R in the first place.""",paraphrase,7. Mechanism IV,medium
CLM_PDF014_Q01_002,PDF014,PDF014_Q01,Hirano_Toda_2026,4,causality,land,,real-estate credit amplifies land-price inflation,"Because this critique of the $G$ versus $R$ framework is highly theoretical and generalized, applying it to Latin America requires external verification to determine how the region's specific peripheral frictions—such as sovereign risk premiums, dollarized real estate, and informal property markets—interact with debt rollover sustainability.",,formal_model_result,"Because this critique of the $G$ versus $R$ framework is highly theoretical and generalized, applying it to Latin America requires external verification to determine how the region's specific peripheral frictions—such as sovereign risk premiums, dollarized real estate, and informal property markets—interact with debt rollover sustainability.",debt rollover / R versus G,validated_paraphrase,NotebookLM-backed paraphrase from completed note; verify exact wording before final quotation.,03_notes/questions/PDF014_Q01.md,C5,,"- Page(s): 4 - Key passage(s), paraphrased or short quote only: - ""Of course, it should be noted that incorporating various realistic factors may make $R < G$ possible under balanced growth, even in models with land."" - ""However, in such cases... the conditions for indefinite rollover of government bonds would no longer be reduced to a simple relationship of G versus R in the first place.""",paraphrase,7. Mechanism IV,medium
CLM_PDF014_Q01_003,PDF014,PDF014_Q01,Hirano_Toda_2026,4,causality,land,,land changes R versus G and debt-rollover conditions,Standard landless models reduce the condition for infinite debt rollover to a simple metric: whether the safe interest rate is below the economic growth rate ($R < G$).,r; G,model_based_synthesis,Standard landless models reduce the condition for infinite debt rollover to a simple metric: whether the safe interest rate is below the economic growth rate ($R < G$).,debt rollover / R versus G,validated_paraphrase,NotebookLM-backed paraphrase from completed note; verify exact wording before final quotation.,03_notes/questions/PDF014_Q01.md,C5,,"- Page(s): 4 - Key passage(s), paraphrased or short quote only: - ""Of course, it should be noted that incorporating various realistic factors may make $R < G$ possible under balanced growth, even in models with land."" - ""However, in such cases... the conditions for indefinite rollover of government bonds would no longer be reduced to a simple relationship of G versus R in the first place.""",paraphrase,7. Mechanism IV,medium
CLM_PDF014_Q01_004,PDF014,PDF014_Q01,Hirano_Toda_2026,4,variables_parameters,land,,land changes R versus G and debt-rollover conditions,,,model_based_synthesis,"Basic land models mathematically force $R G$, precluding infinite debt rollover.",debt rollover / R versus G,validated_paraphrase,NotebookLM-backed paraphrase from completed note; verify exact wording before final quotation.,03_notes/questions/PDF014_Q01.md,C5,,"- Page(s): 4 - Key passage(s), paraphrased or short quote only: - ""Of course, it should be noted that incorporating various realistic factors may make $R < G$ possible under balanced growth, even in models with land."" - ""However, in such cases... the conditions for indefinite rollover of government bonds would no longer be reduced to a simple relationship of G versus R in the first place.""",paraphrase,7. Mechanism IV,medium
CLM_PDF014_Q01_005,PDF014,PDF014_Q01,Hirano_Toda_2026,4,variables_parameters,land,,land changes R versus G and debt-rollover conditions,,r,model_based_synthesis,Adding realistic frictions or market segmentation to land models might artificially depress the interest rate such that $R < G$ under balanced growth.,land-credit crowding-out,validated_paraphrase,NotebookLM-backed paraphrase from completed note; verify exact wording before final quotation.,03_notes/questions/PDF014_Q01.md,C5,,"- Page(s): 4 - Key passage(s), paraphrased or short quote only: - ""Of course, it should be noted that incorporating various realistic factors may make $R < G$ possible under balanced growth, even in models with land."" - ""However, in such cases... the conditions for indefinite rollover of government bonds would no longer be reduced to a simple relationship of G versus R in the first place.""",paraphrase,1. Introduction,medium
CLM_PDF014_Q01_006,PDF014,PDF014_Q01,Hirano_Toda_2026,4,causality,land,,unbalanced growth separates land prices from rents,"However, once these specific frictions are introduced, the conditions for sustainable debt rollover are dictated by the frictions themselves, rendering the simplistic ""$G$ versus $R$"" comparison theoretically incoherent as a standalone policy metric.",D_t/r_t,policy_implication,"However, once these specific frictions are introduced, the conditions for sustainable debt rollover are dictated by the frictions themselves, rendering the simplistic ""$G$ versus $R$"" comparison theoretically incoherent as a standalone policy metric.",debt rollover / R versus G,validated_paraphrase,NotebookLM-backed paraphrase from completed note; verify exact wording before final quotation.,03_notes/questions/PDF014_Q01.md,C5,,"- Page(s): 4 - Key passage(s), paraphrased or short quote only: - ""Of course, it should be noted that incorporating various realistic factors may make $R < G$ possible under balanced growth, even in models with land."" - ""However, in such cases... the conditions for indefinite rollover of government bonds would no longer be reduced to a simple relationship of G versus R in the first place.""",paraphrase,7. Mechanism IV,medium
CLM_PDF014_Q02_001,PDF014,PDF014_Q02,Hirano_Toda_2026,"2, 8, 9",causality,land,,unbalanced growth separates land prices from rents,"The paper proves that in an economy with land experiencing unbalanced growth, infinite debt rollover is feasible even when the equilibrium is Pareto efficient, fundamentally breaking the conventional reliance on the $R < G$ dynamic inefficiency condition.",productivity growth,model_based_synthesis,"The paper proves that in an economy with land experiencing unbalanced growth, infinite debt rollover is feasible even when the equilibrium is Pareto efficient, fundamentally breaking the conventional reliance on the $R < G$ dynamic inefficiency condition.",land overvaluation theorem,validated_paraphrase,NotebookLM-backed paraphrase from completed note; verify exact wording before final quotation.,03_notes/questions/PDF014_Q02.md,C5,,"- Page(s): 2, 8, 9 - Key passage(s), paraphrased or short quote only: - ""under some conditions an efficient equilibrium with land bubbles necessarily emerges and infinite debt rollover becomes possible, a markedly different insight from the conventional view derived from the Diamond (1965) landless economy."" - ""if the land economy falls into a sufficiently low interest rate environment, land price bubbles necessarily emerge in equilibrium, which is Pareto efficient. Contrary to common understanding, despite Pareto efficiency, infinite debt rollover becomes possible.""",paraphrase,6. Mechanism III,medium
CLM_PDF014_Q02_002,PDF014,PDF014_Q02,Hirano_Toda_2026,"2, 8, 9",variables_parameters,land,,land changes R versus G and debt-rollover conditions,,r,formal_model_result,"Theorem 1 and Corollary 2, which prove that when the natural interest rate is low ($R < Gr < G$), the equilibrium is asymptotically bubbly and Pareto efficient, yet infinite debt rollover ($B{t+1} = Rt Bt$) remains possible.",debt rollover / R versus G,validated_paraphrase,NotebookLM-backed paraphrase from completed note; verify exact wording before final quotation.,03_notes/questions/PDF014_Q02.md,C5,,"- Page(s): 2, 8, 9 - Key passage(s), paraphrased or short quote only: - ""under some conditions an efficient equilibrium with land bubbles necessarily emerges and infinite debt rollover becomes possible, a markedly different insight from the conventional view derived from the Diamond (1965) landless economy."" - ""if the land economy falls into a sufficiently low interest rate environment, land price bubbles necessarily emerge in equilibrium, which is Pareto efficient. Contrary to common understanding, despite Pareto efficiency, infinite debt rollover becomes possible.""",paraphrase,7. Mechanism IV,medium
CLM_PDF014_Q02_003,PDF014,PDF014_Q02,Hirano_Toda_2026,"2, 8, 9",variables_parameters,land,,land changes R versus G and debt-rollover conditions,,,critical_interpretation,"Applying this theoretical reformulation of debt rollover to Latin America requires external verification, as the model relies on a closed overlapping-generations framework and abstracts from the region's actual limits on debt sustainability, such as sovereign risk premiums, foreign-currency denominated debt, and vulnerability to capital flight.",debt rollover / R versus G,validated_paraphrase,NotebookLM-backed paraphrase from completed note; verify exact wording before final quotation.,03_notes/questions/PDF014_Q02.md,C5,,"- Page(s): 2, 8, 9 - Key passage(s), paraphrased or short quote only: - ""under some conditions an efficient equilibrium with land bubbles necessarily emerges and infinite debt rollover becomes possible, a markedly different insight from the conventional view derived from the Diamond (1965) landless economy."" - ""if the land economy falls into a sufficiently low interest rate environment, land price bubbles necessarily emerge in equilibrium, which is Pareto efficient. Contrary to common understanding, despite Pareto efficiency, infinite debt rollover becomes possible.""",paraphrase,3. Conceptual objects,medium
CLM_PDF014_Q02_004,PDF014,PDF014_Q02,Hirano_Toda_2026,"2, 8, 9",variables_parameters,land,,land changes R versus G and debt-rollover conditions,,,model_based_synthesis,Conventional landless models dictate that infinite debt rollover requires $R < G$ (dynamic oversaving/Pareto inefficiency).,debt rollover / R versus G,validated_paraphrase,NotebookLM-backed paraphrase from completed note; verify exact wording before final quotation.,03_notes/questions/PDF014_Q02.md,C5,,"- Page(s): 2, 8, 9 - Key passage(s), paraphrased or short quote only: - ""under some conditions an efficient equilibrium with land bubbles necessarily emerges and infinite debt rollover becomes possible, a markedly different insight from the conventional view derived from the Diamond (1965) landless economy."" - ""if the land economy falls into a sufficiently low interest rate environment, land price bubbles necessarily emerge in equilibrium, which is Pareto efficient. Contrary to common understanding, despite Pareto efficiency, infinite debt rollover becomes possible.""",paraphrase,7. Mechanism IV,medium
CLM_PDF014_Q02_005,PDF014,PDF014_Q02,Hirano_Toda_2026,"2, 8, 9",variables_parameters,land,,land changes R versus G and debt-rollover conditions,,,model_based_synthesis,"Basic land models under balanced growth mathematically require $R G$, which conventionally rules out the possibility of infinite debt rollover.",debt rollover / R versus G,validated_paraphrase,NotebookLM-backed paraphrase from completed note; verify exact wording before final quotation.,03_notes/questions/PDF014_Q02.md,C5,,"- Page(s): 2, 8, 9 - Key passage(s), paraphrased or short quote only: - ""under some conditions an efficient equilibrium with land bubbles necessarily emerges and infinite debt rollover becomes possible, a markedly different insight from the conventional view derived from the Diamond (1965) landless economy."" - ""if the land economy falls into a sufficiently low interest rate environment, land price bubbles necessarily emerge in equilibrium, which is Pareto efficient. Contrary to common understanding, despite Pareto efficiency, infinite debt rollover becomes possible.""",paraphrase,7. Mechanism IV,medium
CLM_PDF014_Q02_006,PDF014,PDF014_Q02,Hirano_Toda_2026,"2, 8, 9",variables_parameters,land,,real-estate credit amplifies land-price inflation,,P_t; r; productivity growth,model_based_synthesis,"However, under unbalanced growth, if the natural interest rate is sufficiently low, a land price bubble must inevitably emerge to maintain equilibrium, achieving Pareto efficiency.",land overvaluation theorem,validated_paraphrase,NotebookLM-backed paraphrase from completed note; verify exact wording before final quotation.,03_notes/questions/PDF014_Q02.md,C5,,"- Page(s): 2, 8, 9 - Key passage(s), paraphrased or short quote only: - ""under some conditions an efficient equilibrium with land bubbles necessarily emerges and infinite debt rollover becomes possible, a markedly different insight from the conventional view derived from the Diamond (1965) landless economy."" - ""if the land economy falls into a sufficiently low interest rate environment, land price bubbles necessarily emerge in equilibrium, which is Pareto efficient. Contrary to common understanding, despite Pareto efficiency, infinite debt rollover becomes possible.""",paraphrase,6. Mechanism III,medium
CLM_PDF014_Q02_007,PDF014,PDF014_Q02,Hirano_Toda_2026,"2, 8, 9",causality,land,,leverage creates land-bubble phase transition,"Because this efficient bubble grows at the rate of interest, the fiscal authority can issue public debt to absorb a proportional share of this bubble, making infinite debt rollover mathematically sustainable despite Pareto efficiency.",,model_based_synthesis,"Because this efficient bubble grows at the rate of interest, the fiscal authority can issue public debt to absorb a proportional share of this bubble, making infinite debt rollover mathematically sustainable despite Pareto efficiency.",debt rollover / R versus G,validated_paraphrase,NotebookLM-backed paraphrase from completed note; verify exact wording before final quotation.,03_notes/questions/PDF014_Q02.md,C5,,"- Page(s): 2, 8, 9 - Key passage(s), paraphrased or short quote only: - ""under some conditions an efficient equilibrium with land bubbles necessarily emerges and infinite debt rollover becomes possible, a markedly different insight from the conventional view derived from the Diamond (1965) landless economy."" - ""if the land economy falls into a sufficiently low interest rate environment, land price bubbles necessarily emerge in equilibrium, which is Pareto efficient. Contrary to common understanding, despite Pareto efficiency, infinite debt rollover becomes possible.""",paraphrase,7. Mechanism IV,medium
CLM_PDF014_Q03_001,PDF014,PDF014_Q03,Hirano_Toda_2026,"2, 4, 14",causality,land,,land changes R versus G and debt-rollover conditions,"Balanced growth in a land economy guarantees that the interest rate strictly exceeds the economic growth rate ($R G$), rendering infinite debt rollover impossible because public debt would unsustainably outpace economic growth.",r; G,model_based_synthesis,"Balanced growth in a land economy guarantees that the interest rate strictly exceeds the economic growth rate ($R G$), rendering infinite debt rollover impossible because public debt would unsustainably outpace economic growth.",debt rollover / R versus G,validated_paraphrase,NotebookLM-backed paraphrase from completed note; verify exact wording before final quotation.,03_notes/questions/PDF014_Q03.md,C5,,"- Page(s): 2, 4, 14 - Key passage(s), paraphrased or short quote only: - ""The intuition is that, along a balanced growth path, the land price and rent grow at the same rate as the output, which necessarily makes the rate of return (interest rate) higher than the growth rate of the economy ($R > G$)."" - ""as long as there is land... and the standard no-arbitrage condition holds, the rate of return on government bonds (the safe interest rate) equals the rate of return on holding land. We obtain $R > G$ on a balanced growth path... If $R > G$ by model construction, infinite debt rollover is impossible...""",paraphrase,7. Mechanism IV,medium
CLM_PDF014_Q03_002,PDF014,PDF014_Q03,Hirano_Toda_2026,"2, 4, 14",variables_parameters,land,,land changes R versus G and debt-rollover conditions,,elasticity of substitution,model_based_synthesis,"Proposition 3.3, which proves that under balanced growth parameters ($G=1$ or $\sigma=1$), $R G$ naturally emerges, Pareto efficiency is achieved, and infinite debt rollover is impossible.",debt rollover / R versus G,validated_paraphrase,NotebookLM-backed paraphrase from completed note; verify exact wording before final quotation.,03_notes/questions/PDF014_Q03.md,C5,,"- Page(s): 2, 4, 14 - Key passage(s), paraphrased or short quote only: - ""The intuition is that, along a balanced growth path, the land price and rent grow at the same rate as the output, which necessarily makes the rate of return (interest rate) higher than the growth rate of the economy ($R > G$)."" - ""as long as there is land... and the standard no-arbitrage condition holds, the rate of return on government bonds (the safe interest rate) equals the rate of return on holding land. We obtain $R > G$ on a balanced growth path... If $R > G$ by model construction, infinite debt rollover is impossible...""",paraphrase,7. Mechanism IV,medium
CLM_PDF014_Q03_003,PDF014,PDF014_Q03,Hirano_Toda_2026,"2, 4, 14",variables_parameters,land,,unbalanced growth separates land prices from rents,,productivity growth,formal_model_result,"Applying this balanced-growth impossibility theorem to Latin America requires external verification, as the region's economies are frequently characterized by structural volatility, external shocks, and unbalanced growth dynamics that deviate significantly from the steady-state assumptions of this model.",land overvaluation theorem,validated_paraphrase,NotebookLM-backed paraphrase from completed note; verify exact wording before final quotation.,03_notes/questions/PDF014_Q03.md,C5,,"- Page(s): 2, 4, 14 - Key passage(s), paraphrased or short quote only: - ""The intuition is that, along a balanced growth path, the land price and rent grow at the same rate as the output, which necessarily makes the rate of return (interest rate) higher than the growth rate of the economy ($R > G$)."" - ""as long as there is land... and the standard no-arbitrage condition holds, the rate of return on government bonds (the safe interest rate) equals the rate of return on holding land. We obtain $R > G$ on a balanced growth path... If $R > G$ by model construction, infinite debt rollover is impossible...""",paraphrase,6. Mechanism III,medium
CLM_PDF014_Q03_004,PDF014,PDF014_Q03,Hirano_Toda_2026,"2, 4, 14",variables_parameters,land,,real-estate credit amplifies land-price inflation,,P_t; D_t/r_t,model_based_synthesis,"Under a balanced growth path, both land rents and land prices grow at the exact same rate as aggregate economic output.",land-credit crowding-out,validated_paraphrase,NotebookLM-backed paraphrase from completed note; verify exact wording before final quotation.,03_notes/questions/PDF014_Q03.md,C5,,"- Page(s): 2, 4, 14 - Key passage(s), paraphrased or short quote only: - ""The intuition is that, along a balanced growth path, the land price and rent grow at the same rate as the output, which necessarily makes the rate of return (interest rate) higher than the growth rate of the economy ($R > G$)."" - ""as long as there is land... and the standard no-arbitrage condition holds, the rate of return on government bonds (the safe interest rate) equals the rate of return on holding land. We obtain $R > G$ on a balanced growth path... If $R > G$ by model construction, infinite debt rollover is impossible...""",paraphrase,1. Introduction,medium
CLM_PDF014_Q03_005,PDF014,PDF014_Q03,Hirano_Toda_2026,"2, 4, 14",causality,land,,unbalanced growth separates land prices from rents,"Because land provides a positive rent alongside this capital appreciation, its total rate of return strictly exceeds the growth rate of output.",D_t/r_t; G,model_based_synthesis,"Because land provides a positive rent alongside this capital appreciation, its total rate of return strictly exceeds the growth rate of output.",land-credit crowding-out,validated_paraphrase,NotebookLM-backed paraphrase from completed note; verify exact wording before final quotation.,03_notes/questions/PDF014_Q03.md,C5,,"- Page(s): 2, 4, 14 - Key passage(s), paraphrased or short quote only: - ""The intuition is that, along a balanced growth path, the land price and rent grow at the same rate as the output, which necessarily makes the rate of return (interest rate) higher than the growth rate of the economy ($R > G$)."" - ""as long as there is land... and the standard no-arbitrage condition holds, the rate of return on government bonds (the safe interest rate) equals the rate of return on holding land. We obtain $R > G$ on a balanced growth path... If $R > G$ by model construction, infinite debt rollover is impossible...""",paraphrase,3. Conceptual objects,medium
CLM_PDF014_Q03_006,PDF014,PDF014_Q03,Hirano_Toda_2026,"2, 4, 14",causality,land,,land changes R versus G and debt-rollover conditions,"The no-arbitrage condition forces the safe interest rate on government debt to match this high rate of return on land, mathematically guaranteeing $R G$.",r,model_based_synthesis,"The no-arbitrage condition forces the safe interest rate on government debt to match this high rate of return on land, mathematically guaranteeing $R G$.",debt rollover / R versus G,validated_paraphrase,NotebookLM-backed paraphrase from completed note; verify exact wording before final quotation.,03_notes/questions/PDF014_Q03.md,C5,,"- Page(s): 2, 4, 14 - Key passage(s), paraphrased or short quote only: - ""The intuition is that, along a balanced growth path, the land price and rent grow at the same rate as the output, which necessarily makes the rate of return (interest rate) higher than the growth rate of the economy ($R > G$)."" - ""as long as there is land... and the standard no-arbitrage condition holds, the rate of return on government bonds (the safe interest rate) equals the rate of return on holding land. We obtain $R > G$ on a balanced growth path... If $R > G$ by model construction, infinite debt rollover is impossible...""",paraphrase,7. Mechanism IV,medium
CLM_PDF014_Q03_007,PDF014,PDF014_Q03,Hirano_Toda_2026,"2, 4, 14",causality,land,,land changes R versus G and debt-rollover conditions,"Consequently, any attempt at infinite debt rollover fails because the debt (growing at rate $R$) would grow faster than the economy (growing at rate $G$), making the scheme unsustainable.",,model_based_synthesis,"Consequently, any attempt at infinite debt rollover fails because the debt (growing at rate $R$) would grow faster than the economy (growing at rate $G$), making the scheme unsustainable.",debt rollover / R versus G,validated_paraphrase,NotebookLM-backed paraphrase from completed note; verify exact wording before final quotation.,03_notes/questions/PDF014_Q03.md,C5,,"- Page(s): 2, 4, 14 - Key passage(s), paraphrased or short quote only: - ""The intuition is that, along a balanced growth path, the land price and rent grow at the same rate as the output, which necessarily makes the rate of return (interest rate) higher than the growth rate of the economy ($R > G$)."" - ""as long as there is land... and the standard no-arbitrage condition holds, the rate of return on government bonds (the safe interest rate) equals the rate of return on holding land. We obtain $R > G$ on a balanced growth path... If $R > G$ by model construction, infinite debt rollover is impossible...""",paraphrase,7. Mechanism IV,medium
CLM_PDF014_Q04_001,PDF014,PDF014_Q04,Hirano_Toda_2026,"7, 9, 12, 13",variables_parameters,land,,leverage creates land-bubble phase transition,,D_t/r_t; r; G; elasticity of substitution; productivity growth,formal_model_result,"Land bubbles and infinite debt rollover inevitably emerge under unbalanced growth when the elasticity of substitution between labor and land exceeds one ($\sigma 1$), labor productivity outpaces land productivity, and high savings motives drive the natural interest rate below the dividend growth rate.",land overvaluation theorem,validated_paraphrase,NotebookLM-backed paraphrase from completed note; verify exact wording before final quotation.,03_notes/questions/PDF014_Q04.md,C5,,"- Page(s): 7, 9, 12, 13 - Key passage(s), paraphrased or short quote only: - ""If Assumptions 1, 2 hold, $e^y > 0$, and $R ... < G_r ... < G$, then all equilibria are asymptotically bubbly... and Pareto efficient."" [5] - ""Suppose Assumptions 2-4 hold with $G, \sigma > 1$... If $R ... < G^{1/\sigma}$, then all equilibria are asymptotically bubbly and Pareto efficient. Furthermore, infinite debt rollover is possible."" [6]",paraphrase,6. Mechanism III,medium
CLM_PDF014_Q04_002,PDF014,PDF014_Q04,Hirano_Toda_2026,"7, 9, 12, 13",causality,land,,land changes R versus G and debt-rollover conditions,"Theorem 1 ($R < Gr < G$) and Proposition 3.1 ($R < G^{1/\sigma}$ with $G1, \sigma1$), proving that under these conditions all equilibria are asymptotically bubbly, Pareto efficient, and permit infinite debt rollover.",elasticity of substitution,formal_model_result,"Theorem 1 ($R < Gr < G$) and Proposition 3.1 ($R < G^{1/\sigma}$ with $G1, \sigma1$), proving that under these conditions all equilibria are asymptotically bubbly, Pareto efficient, and permit infinite debt rollover.",debt rollover / R versus G,validated_paraphrase,NotebookLM-backed paraphrase from completed note; verify exact wording before final quotation.,03_notes/questions/PDF014_Q04.md,C5,,"- Page(s): 7, 9, 12, 13 - Key passage(s), paraphrased or short quote only: - ""If Assumptions 1, 2 hold, $e^y > 0$, and $R ... < G_r ... < G$, then all equilibria are asymptotically bubbly... and Pareto efficient."" [5] - ""Suppose Assumptions 2-4 hold with $G, \sigma > 1$... If $R ... < G^{1/\sigma}$, then all equilibria are asymptotically bubbly and Pareto efficient. Furthermore, infinite debt rollover is possible."" [6]",paraphrase,7. Mechanism IV,medium
CLM_PDF014_Q04_003,PDF014,PDF014_Q04,Hirano_Toda_2026,"7, 9, 12, 13",variables_parameters,land,,land changes R versus G and debt-rollover conditions,,,formal_model_result,"Applying these precise unbalanced-growth prerequisites to Latin America requires external verification, as the theoretical model relies on formalized CES production mechanics and abstracts from the region's structural heterogeneity, informal labor dynamics, and commodity-export-driven land valuations.",land overvaluation theorem,validated_paraphrase,NotebookLM-backed paraphrase from completed note; verify exact wording before final quotation.,03_notes/questions/PDF014_Q04.md,C5,,"- Page(s): 7, 9, 12, 13 - Key passage(s), paraphrased or short quote only: - ""If Assumptions 1, 2 hold, $e^y > 0$, and $R ... < G_r ... < G$, then all equilibria are asymptotically bubbly... and Pareto efficient."" [5] - ""Suppose Assumptions 2-4 hold with $G, \sigma > 1$... If $R ... < G^{1/\sigma}$, then all equilibria are asymptotically bubbly and Pareto efficient. Furthermore, infinite debt rollover is possible."" [6]",paraphrase,6. Mechanism III,medium
CLM_PDF014_Q04_004,PDF014,PDF014_Q04,Hirano_Toda_2026,"7, 9, 12, 13",variables_parameters,land,,unbalanced growth separates land prices from rents,,elasticity of substitution; productivity growth,formal_model_result,"The economy undergoes unbalanced growth where labor productivity grows faster than fixed land productivity ($G 1$), and the two inputs are highly substitutable ($\sigma 1$).",land overvaluation theorem,validated_paraphrase,NotebookLM-backed paraphrase from completed note; verify exact wording before final quotation.,03_notes/questions/PDF014_Q04.md,C5,,"- Page(s): 7, 9, 12, 13 - Key passage(s), paraphrased or short quote only: - ""If Assumptions 1, 2 hold, $e^y > 0$, and $R ... < G_r ... < G$, then all equilibria are asymptotically bubbly... and Pareto efficient."" [5] - ""Suppose Assumptions 2-4 hold with $G, \sigma > 1$... If $R ... < G^{1/\sigma}$, then all equilibria are asymptotically bubbly and Pareto efficient. Furthermore, infinite debt rollover is possible."" [6]",paraphrase,6. Mechanism III,medium
CLM_PDF014_Q04_005,PDF014,PDF014_Q04,Hirano_Toda_2026,"7, 9, 12, 13",variables_parameters,land,,unbalanced growth separates land prices from rents,,D_t/r_t; elasticity of substitution,formal_model_result,This structural imbalance causes land rents to grow asymptotically at a rate ($G^{1/\sigma}$) that is slower than overall output growth ($G$).,land-credit crowding-out,validated_paraphrase,NotebookLM-backed paraphrase from completed note; verify exact wording before final quotation.,03_notes/questions/PDF014_Q04.md,C5,,"- Page(s): 7, 9, 12, 13 - Key passage(s), paraphrased or short quote only: - ""If Assumptions 1, 2 hold, $e^y > 0$, and $R ... < G_r ... < G$, then all equilibria are asymptotically bubbly... and Pareto efficient."" [5] - ""Suppose Assumptions 2-4 hold with $G, \sigma > 1$... If $R ... < G^{1/\sigma}$, then all equilibria are asymptotically bubbly and Pareto efficient. Furthermore, infinite debt rollover is possible."" [6]",paraphrase,1. Introduction,medium
CLM_PDF014_Q04_006,PDF014,PDF014_Q04,Hirano_Toda_2026,"7, 9, 12, 13",variables_parameters,land,,unbalanced growth separates land prices from rents,,D_t/r_t; r; G,formal_model_result,"If the old generation's relative income is low, the young save heavily, pushing the natural interest rate ($R$) below the land rent growth rate.",land-credit crowding-out,validated_paraphrase,NotebookLM-backed paraphrase from completed note; verify exact wording before final quotation.,03_notes/questions/PDF014_Q04.md,C5,,"- Page(s): 7, 9, 12, 13 - Key passage(s), paraphrased or short quote only: - ""If Assumptions 1, 2 hold, $e^y > 0$, and $R ... < G_r ... < G$, then all equilibria are asymptotically bubbly... and Pareto efficient."" [5] - ""Suppose Assumptions 2-4 hold with $G, \sigma > 1$... If $R ... < G^{1/\sigma}$, then all equilibria are asymptotically bubbly and Pareto efficient. Furthermore, infinite debt rollover is possible."" [6]",paraphrase,1. Introduction,medium
CLM_PDF014_Q04_007,PDF014,PDF014_Q04,Hirano_Toda_2026,"7, 9, 12, 13",variables_parameters,land,,real-estate credit amplifies land-price inflation,,P_t,formal_model_result,"To prevent infinite fundamental land prices, an efficient land bubble must inevitably emerge; the fiscal authority can then sustain infinite debt rollover by issuing bonds that absorb a fraction of this growing bubble.",debt rollover / R versus G,validated_paraphrase,NotebookLM-backed paraphrase from completed note; verify exact wording before final quotation.,03_notes/questions/PDF014_Q04.md,C5,,"- Page(s): 7, 9, 12, 13 - Key passage(s), paraphrased or short quote only: - ""If Assumptions 1, 2 hold, $e^y > 0$, and $R ... < G_r ... < G$, then all equilibria are asymptotically bubbly... and Pareto efficient."" [5] - ""Suppose Assumptions 2-4 hold with $G, \sigma > 1$... If $R ... < G^{1/\sigma}$, then all equilibria are asymptotically bubbly and Pareto efficient. Furthermore, infinite debt rollover is possible."" [6]",paraphrase,7. Mechanism IV,medium
CLM_PDF014_Q05_001,PDF014,PDF014_Q05,Hirano_Toda_2026,"2, 3, 16, 17, 19",causality,land,,unbalanced growth separates land prices from rents,"The paper refutes McCallum’s generalized claim that land guarantees Pareto efficiency by proving his result depends on knife-edge balanced-growth restrictions, showing instead that Pareto inefficient equilibria can emerge under realistic unbalanced growth conditions.",productivity growth,model_based_synthesis,"The paper refutes McCallum’s generalized claim that land guarantees Pareto efficiency by proving his result depends on knife-edge balanced-growth restrictions, showing instead that Pareto inefficient equilibria can emerge under realistic unbalanced growth conditions.",land overvaluation theorem,validated_paraphrase,NotebookLM-backed paraphrase from completed note; verify exact wording before final quotation.,03_notes/questions/PDF014_Q05.md,C5,,"- Page(s): 2, 3, 16, 17, 19 - Key passage(s), paraphrased or short quote only: - ""Contrary to McCallum (1987)’s claim, even in an OLG model with land, a Pareto inefficient equilibrium may exist."" - ""whose analysis turns out to be a knife-edge case of the elasticity of substitution being just equal to one and/or of equal productivity growth rates across different production factors""",paraphrase,6. Mechanism III,medium
CLM_PDF014_Q05_002,PDF014,PDF014_Q05,Hirano_Toda_2026,"2, 3, 16, 17, 19",variables_parameters,land,,unbalanced growth separates land prices from rents,,elasticity of substitution; productivity growth,model_based_synthesis,Proposition 3.4 (proving a Pareto inefficient equilibrium exists under unbalanced growth) and Proposition 4.1 (proving McCallum’s labor-share convergence necessitates a knife-edge Cobb-Douglas production function equivalent to $\sigma = 1$).,land overvaluation theorem,validated_paraphrase,NotebookLM-backed paraphrase from completed note; verify exact wording before final quotation.,03_notes/questions/PDF014_Q05.md,C5,,"- Page(s): 2, 3, 16, 17, 19 - Key passage(s), paraphrased or short quote only: - ""Contrary to McCallum (1987)’s claim, even in an OLG model with land, a Pareto inefficient equilibrium may exist."" - ""whose analysis turns out to be a knife-edge case of the elasticity of substitution being just equal to one and/or of equal productivity growth rates across different production factors""",paraphrase,6. Mechanism III,medium
CLM_PDF014_Q05_003,PDF014,PDF014_Q05,Hirano_Toda_2026,"2, 3, 16, 17, 19",variables_parameters,land,,land changes R versus G and debt-rollover conditions,,,critical_interpretation,"Applying this theoretical finding regarding Pareto inefficiency to Latin America requires external verification, as the paper relies on a stylized, closed-economy overlapping-generations model and completely abstracts from the region's peripheral macroeconomic realities, such as sovereign risk premiums, foreign capital dependence, and structural external debt limits.",debt rollover / R versus G,validated_paraphrase,NotebookLM-backed paraphrase from completed note; verify exact wording before final quotation.,03_notes/questions/PDF014_Q05.md,C5,,"- Page(s): 2, 3, 16, 17, 19 - Key passage(s), paraphrased or short quote only: - ""Contrary to McCallum (1987)’s claim, even in an OLG model with land, a Pareto inefficient equilibrium may exist."" - ""whose analysis turns out to be a knife-edge case of the elasticity of substitution being just equal to one and/or of equal productivity growth rates across different production factors""",paraphrase,3. Conceptual objects,medium
CLM_PDF014_Q05_004,PDF014,PDF014_Q05,Hirano_Toda_2026,"2, 3, 16, 17, 19",variables_parameters,land,,land changes R versus G and debt-rollover conditions,,elasticity of substitution,model_based_synthesis,"McCallum assumed steady-state balanced growth, which mathematically forces the production function to exhibit an elasticity of substitution exactly equal to one ($\sigma = 1$).",land-credit crowding-out,validated_paraphrase,NotebookLM-backed paraphrase from completed note; verify exact wording before final quotation.,03_notes/questions/PDF014_Q05.md,C5,,"- Page(s): 2, 3, 16, 17, 19 - Key passage(s), paraphrased or short quote only: - ""Contrary to McCallum (1987)’s claim, even in an OLG model with land, a Pareto inefficient equilibrium may exist."" - ""whose analysis turns out to be a knife-edge case of the elasticity of substitution being just equal to one and/or of equal productivity growth rates across different production factors""",paraphrase,1. Introduction,medium
CLM_PDF014_Q05_005,PDF014,PDF014_Q05,Hirano_Toda_2026,"2, 3, 16, 17, 19",variables_parameters,land,,real-estate credit amplifies land-price inflation,,P_t; r; G,model_based_synthesis,"Under this strict assumption, land prices and output grow at the exact same rate, guaranteeing that the interest rate strictly exceeds the growth rate ($R G$) and thereby ensuring Pareto efficiency.",land-credit crowding-out,validated_paraphrase,NotebookLM-backed paraphrase from completed note; verify exact wording before final quotation.,03_notes/questions/PDF014_Q05.md,C5,,"- Page(s): 2, 3, 16, 17, 19 - Key passage(s), paraphrased or short quote only: - ""Contrary to McCallum (1987)’s claim, even in an OLG model with land, a Pareto inefficient equilibrium may exist."" - ""whose analysis turns out to be a knife-edge case of the elasticity of substitution being just equal to one and/or of equal productivity growth rates across different production factors""",paraphrase,1. Introduction,medium
CLM_PDF014_Q05_006,PDF014,PDF014_Q05,Hirano_Toda_2026,"2, 3, 16, 17, 19",variables_parameters,land,,unbalanced growth separates land prices from rents,,elasticity of substitution; productivity growth,model_based_synthesis,Hirano and Toda relax this restriction by analyzing unbalanced growth where labor productivity grows faster than land productivity ($G 1$) and the inputs are highly substitutable ($\sigma 1$).,land overvaluation theorem,validated_paraphrase,NotebookLM-backed paraphrase from completed note; verify exact wording before final quotation.,03_notes/questions/PDF014_Q05.md,C5,,"- Page(s): 2, 3, 16, 17, 19 - Key passage(s), paraphrased or short quote only: - ""Contrary to McCallum (1987)’s claim, even in an OLG model with land, a Pareto inefficient equilibrium may exist."" - ""whose analysis turns out to be a knife-edge case of the elasticity of substitution being just equal to one and/or of equal productivity growth rates across different production factors""",paraphrase,6. Mechanism III,medium
CLM_PDF014_Q05_007,PDF014,PDF014_Q05,Hirano_Toda_2026,"2, 3, 16, 17, 19",variables_parameters,land,,unbalanced growth separates land prices from rents,,D_t/r_t; r; G,model_based_synthesis,"In this environment, aggregate endowments outpace land rent growth, rendering the land asset asymptotically negligible; this allows the natural interest rate to fall below the growth rate ($R < G$), generating a Pareto inefficient equilibrium.",land-credit crowding-out,validated_paraphrase,NotebookLM-backed paraphrase from completed note; verify exact wording before final quotation.,03_notes/questions/PDF014_Q05.md,C5,,"- Page(s): 2, 3, 16, 17, 19 - Key passage(s), paraphrased or short quote only: - ""Contrary to McCallum (1987)’s claim, even in an OLG model with land, a Pareto inefficient equilibrium may exist."" - ""whose analysis turns out to be a knife-edge case of the elasticity of substitution being just equal to one and/or of equal productivity growth rates across different production factors""",paraphrase,1. Introduction,medium
CLM_PDF014_Q06_001,PDF014,PDF014_Q06,Hirano_Toda_2026,"2, 4, 9, 19",causality,land,,unbalanced growth separates land prices from rents,"The literature review must argue that $R < G$ is not a theoretically coherent or sufficient condition for infinite debt rollover, because introducing land demonstrates that sustainable debt rollover can occur in perfectly Pareto-efficient economies where dynamic inefficiency is absent.",D_t/r_t,model_based_synthesis,"The literature review must argue that $R < G$ is not a theoretically coherent or sufficient condition for infinite debt rollover, because introducing land demonstrates that sustainable debt rollover can occur in perfectly Pareto-efficient economies where dynamic inefficiency is absent.",debt rollover / R versus G,validated_paraphrase,NotebookLM-backed paraphrase from completed note; verify exact wording before final quotation.,03_notes/questions/PDF014_Q06.md,C5,,"- Page(s): 2, 4, 9, 19 - Key passage(s), paraphrased or short quote only: - ""the conditions for indefinite rollover of government bonds would no longer be reduced to a simple relationship of G versus R in the first place... linking the rollover of government bonds to G versus R in a model without land would not provide a coherent theoretical framework."" - ""it is often claimed that the existence of a Pareto inefficient equilibrium and the possibility of infinite debt rollover are two sides of the same coin. However, the mere existence of land fundamentally changes this view.""",paraphrase,7. Mechanism IV,medium
CLM_PDF014_Q06_002,PDF014,PDF014_Q06,Hirano_Toda_2026,"2, 4, 9, 19",variables_parameters,land,,land changes R versus G and debt-rollover conditions,,,formal_model_result,"Theorem 1 and Corollary 2, which prove that an asymptotically bubbly, Pareto efficient equilibrium permits infinite debt rollover ($B{t+1} = Rt Bt$).",debt rollover / R versus G,validated_paraphrase,NotebookLM-backed paraphrase from completed note; verify exact wording before final quotation.,03_notes/questions/PDF014_Q06.md,C5,,"- Page(s): 2, 4, 9, 19 - Key passage(s), paraphrased or short quote only: - ""the conditions for indefinite rollover of government bonds would no longer be reduced to a simple relationship of G versus R in the first place... linking the rollover of government bonds to G versus R in a model without land would not provide a coherent theoretical framework."" - ""it is often claimed that the existence of a Pareto inefficient equilibrium and the possibility of infinite debt rollover are two sides of the same coin. However, the mere existence of land fundamentally changes this view.""",paraphrase,7. Mechanism IV,medium
CLM_PDF014_Q06_003,PDF014,PDF014_Q06,Hirano_Toda_2026,"2, 4, 9, 19",variables_parameters,land,,land changes R versus G and debt-rollover conditions,,,critical_interpretation,"Asserting the irrelevance of the $R < G$ heuristic for Latin American sovereign debt requires external verification, as the region's debt sustainability is frequently constrained by exogenous peripheral vulnerabilities—such as foreign currency denomination, ""sudden stops"" in capital flows, and sovereign risk premiums—rather than the closed-economy overlapping-generations mechanics modeled here.",debt rollover / R versus G,validated_paraphrase,NotebookLM-backed paraphrase from completed note; verify exact wording before final quotation.,03_notes/questions/PDF014_Q06.md,C5,,"- Page(s): 2, 4, 9, 19 - Key passage(s), paraphrased or short quote only: - ""the conditions for indefinite rollover of government bonds would no longer be reduced to a simple relationship of G versus R in the first place... linking the rollover of government bonds to G versus R in a model without land would not provide a coherent theoretical framework."" - ""it is often claimed that the existence of a Pareto inefficient equilibrium and the possibility of infinite debt rollover are two sides of the same coin. However, the mere existence of land fundamentally changes this view.""",paraphrase,3. Conceptual objects,medium
CLM_PDF014_Q06_004,PDF014,PDF014_Q06,Hirano_Toda_2026,"2, 4, 9, 19",variables_parameters,land,,land changes R versus G and debt-rollover conditions,,,model_based_synthesis,"Conventional macroeconomic models without land equate the feasibility of infinite debt rollover exclusively with the dynamic inefficiency of oversaving, defined by $R < G$.",debt rollover / R versus G,validated_paraphrase,NotebookLM-backed paraphrase from completed note; verify exact wording before final quotation.,03_notes/questions/PDF014_Q06.md,C5,,"- Page(s): 2, 4, 9, 19 - Key passage(s), paraphrased or short quote only: - ""the conditions for indefinite rollover of government bonds would no longer be reduced to a simple relationship of G versus R in the first place... linking the rollover of government bonds to G versus R in a model without land would not provide a coherent theoretical framework."" - ""it is often claimed that the existence of a Pareto inefficient equilibrium and the possibility of infinite debt rollover are two sides of the same coin. However, the mere existence of land fundamentally changes this view.""",paraphrase,7. Mechanism IV,medium
CLM_PDF014_Q06_005,PDF014,PDF014_Q06,Hirano_Toda_2026,"2, 4, 9, 19",variables_parameters,land,,land changes R versus G and debt-rollover conditions,,r; G,model_based_synthesis,"In an economy with land under balanced growth, the asset's return structurally forces the interest rate above the growth rate ($R G$), which conventionally makes a Ponzi scheme impossible.",land-credit crowding-out,validated_paraphrase,NotebookLM-backed paraphrase from completed note; verify exact wording before final quotation.,03_notes/questions/PDF014_Q06.md,C5,,"- Page(s): 2, 4, 9, 19 - Key passage(s), paraphrased or short quote only: - ""the conditions for indefinite rollover of government bonds would no longer be reduced to a simple relationship of G versus R in the first place... linking the rollover of government bonds to G versus R in a model without land would not provide a coherent theoretical framework."" - ""it is often claimed that the existence of a Pareto inefficient equilibrium and the possibility of infinite debt rollover are two sides of the same coin. However, the mere existence of land fundamentally changes this view.""",paraphrase,1. Introduction,medium
CLM_PDF014_Q06_006,PDF014,PDF014_Q06,Hirano_Toda_2026,"2, 4, 9, 19",variables_parameters,land,,leverage creates land-bubble phase transition,,productivity growth,model_based_synthesis,"However, under unbalanced growth with high savings demand, an efficient land bubble must inevitably emerge to clear the market.",land overvaluation theorem,validated_paraphrase,NotebookLM-backed paraphrase from completed note; verify exact wording before final quotation.,03_notes/questions/PDF014_Q06.md,C5,,"- Page(s): 2, 4, 9, 19 - Key passage(s), paraphrased or short quote only: - ""the conditions for indefinite rollover of government bonds would no longer be reduced to a simple relationship of G versus R in the first place... linking the rollover of government bonds to G versus R in a model without land would not provide a coherent theoretical framework."" - ""it is often claimed that the existence of a Pareto inefficient equilibrium and the possibility of infinite debt rollover are two sides of the same coin. However, the mere existence of land fundamentally changes this view.""",paraphrase,6. Mechanism III,medium
CLM_PDF014_Q06_007,PDF014,PDF014_Q06,Hirano_Toda_2026,"2, 4, 9, 19",causality,land,,leverage creates land-bubble phase transition,"The fiscal authority can issue public debt to absorb a proportional share of this growing, efficient bubble, rendering infinite debt rollover possible and completely severing the reliance on the $R < G$ dynamic inefficiency condition.",,model_based_synthesis,"The fiscal authority can issue public debt to absorb a proportional share of this growing, efficient bubble, rendering infinite debt rollover possible and completely severing the reliance on the $R < G$ dynamic inefficiency condition.",debt rollover / R versus G,validated_paraphrase,NotebookLM-backed paraphrase from completed note; verify exact wording before final quotation.,03_notes/questions/PDF014_Q06.md,C5,,"- Page(s): 2, 4, 9, 19 - Key passage(s), paraphrased or short quote only: - ""the conditions for indefinite rollover of government bonds would no longer be reduced to a simple relationship of G versus R in the first place... linking the rollover of government bonds to G versus R in a model without land would not provide a coherent theoretical framework."" - ""it is often claimed that the existence of a Pareto inefficient equilibrium and the possibility of infinite debt rollover are two sides of the same coin. However, the mere existence of land fundamentally changes this view.""",paraphrase,7. Mechanism IV,medium
CLM_PDF014_Q07_001,PDF014,PDF014_Q07,Hirano_Toda_2026,"4, 8, 9",variables_parameters,land,,land changes R versus G and debt-rollover conditions,,,critical_interpretation,"Applying the model to Latin America requires external verification, raising critical open questions about how a deterministic, closed-economy mechanism for infinite debt rollover can function amid the region's sovereign risk and aggregate uncertainty.",debt rollover / R versus G,validated_paraphrase,NotebookLM-backed paraphrase from completed note; verify exact wording before final quotation.,03_notes/questions/PDF014_Q07.md,C5,,"- Page(s): 4, 8, 9 - Key passage(s), paraphrased or short quote only: - ""We consider a standard two-period overlapping generations (OLG) model without uncertainty."" - ""There is a fixed supply of land, which produces some output but also serves as a means of saving. There is no aggregate uncertainty. This is all that is required to obtain our main results.""",paraphrase,7. Mechanism IV,medium
CLM_PDF014_Q07_002,PDF014,PDF014_Q07,Hirano_Toda_2026,"4, 8, 9",causality,land,,land changes R versus G and debt-rollover conditions,"Because the paper entirely abstracts from open-economy dynamics, sovereign default risk, and external debt, any application of its infinite debt rollover mechanisms to Latin American fiscal regimes requires external verification.",,critical_interpretation,"Because the paper entirely abstracts from open-economy dynamics, sovereign default risk, and external debt, any application of its infinite debt rollover mechanisms to Latin American fiscal regimes requires external verification.",debt rollover / R versus G,validated_paraphrase,NotebookLM-backed paraphrase from completed note; verify exact wording before final quotation.,03_notes/questions/PDF014_Q07.md,C5,,"- Page(s): 4, 8, 9 - Key passage(s), paraphrased or short quote only: - ""We consider a standard two-period overlapping generations (OLG) model without uncertainty."" - ""There is a fixed supply of land, which produces some output but also serves as a means of saving. There is no aggregate uncertainty. This is all that is required to obtain our main results.""",paraphrase,7. Mechanism IV,medium
CLM_PDF014_Q07_003,PDF014,PDF014_Q07,Hirano_Toda_2026,"4, 8, 9",variables_parameters,land,,leverage creates land-bubble phase transition,,,model_based_synthesis,"The model demonstrates that infinite debt rollover is possible when a government issues debt to absorb a proportional share of an inevitably emerging, efficient land bubble.",debt rollover / R versus G,validated_paraphrase,NotebookLM-backed paraphrase from completed note; verify exact wording before final quotation.,03_notes/questions/PDF014_Q07.md,C5,,"- Page(s): 4, 8, 9 - Key passage(s), paraphrased or short quote only: - ""We consider a standard two-period overlapping generations (OLG) model without uncertainty."" - ""There is a fixed supply of land, which produces some output but also serves as a means of saving. There is no aggregate uncertainty. This is all that is required to obtain our main results.""",paraphrase,7. Mechanism IV,medium
CLM_PDF014_Q07_004,PDF014,PDF014_Q07,Hirano_Toda_2026,"4, 8, 9",mechanism,land,,land changes R versus G and debt-rollover conditions,This theoretical proof fundamentally relies on a closed-economy framework with a single safe interest rate and absolutely no aggregate uncertainty.,r,model_based_synthesis,This theoretical proof fundamentally relies on a closed-economy framework with a single safe interest rate and absolutely no aggregate uncertainty.,land-credit crowding-out,validated_paraphrase,NotebookLM-backed paraphrase from completed note; verify exact wording before final quotation.,03_notes/questions/PDF014_Q07.md,C5,,"- Page(s): 4, 8, 9 - Key passage(s), paraphrased or short quote only: - ""We consider a standard two-period overlapping generations (OLG) model without uncertainty."" - ""There is a fixed supply of land, which produces some output but also serves as a means of saving. There is no aggregate uncertainty. This is all that is required to obtain our main results.""",paraphrase,1. Introduction,medium
CLM_PDF014_Q07_005,PDF014,PDF014_Q07,Hirano_Toda_2026,"4, 8, 9",mechanism,land,,land changes R versus G and debt-rollover conditions,"Latin American fiscal and financialized-land regimes are defined by high aggregate uncertainty, open-economy capital flows, sovereign risk premiums, and dollarization.",,critical_interpretation,"Latin American fiscal and financialized-land regimes are defined by high aggregate uncertainty, open-economy capital flows, sovereign risk premiums, and dollarization.",Latin American applicability,validated_paraphrase,NotebookLM-backed paraphrase from completed note; verify exact wording before final quotation.,03_notes/questions/PDF014_Q07.md,C5,,"- Page(s): 4, 8, 9 - Key passage(s), paraphrased or short quote only: - ""We consider a standard two-period overlapping generations (OLG) model without uncertainty."" - ""There is a fixed supply of land, which produces some output but also serves as a means of saving. There is no aggregate uncertainty. This is all that is required to obtain our main results.""",paraphrase,3. Conceptual objects,medium
CLM_PDF014_Q07_006,PDF014,PDF014_Q07,Hirano_Toda_2026,"4, 8, 9",variables_parameters,land,,leverage creates land-bubble phase transition,,D_t/r_t,model_based_synthesis,"Consequently, it remains an open question whether the state can sustainably capture land-bubble rents to roll over debt in a volatile peripheral economy exposed to external shocks.",debt rollover / R versus G,validated_paraphrase,NotebookLM-backed paraphrase from completed note; verify exact wording before final quotation.,03_notes/questions/PDF014_Q07.md,C5,,"- Page(s): 4, 8, 9 - Key passage(s), paraphrased or short quote only: - ""We consider a standard two-period overlapping generations (OLG) model without uncertainty."" - ""There is a fixed supply of land, which produces some output but also serves as a means of saving. There is no aggregate uncertainty. This is all that is required to obtain our main results.""",paraphrase,7. Mechanism IV,medium
