claim_id,synthesis_cluster,source_id,note_id,dimension,validation_status,memo_section_target
CLM_C1_Q01_001,Definitions and conceptual separations,MULTI,C1_Q01,variables_parameters,needs_page,3. Conceptual objects
CLM_C1_Q01_001,Asset-price and wealth-measurement claims,MULTI,C1_Q01,variables_parameters,needs_page,3. Conceptual objects
CLM_C1_Q01_001,Growth and capital-formation mechanisms,MULTI,C1_Q01,variables_parameters,needs_page,3. Conceptual objects
CLM_C1_Q01_001,Unbalanced growth and overvaluation,MULTI,C1_Q01,variables_parameters,needs_page,3. Conceptual objects
CLM_C1_Q01_001,Debt rollover and dynamic efficiency,MULTI,C1_Q01,variables_parameters,needs_page,3. Conceptual objects
CLM_C1_Q01_001,Critical adaptation to urban land-rent financialization in Latin America,MULTI,C1_Q01,variables_parameters,needs_page,3. Conceptual objects
CLM_C1_Q01_002,Definitions and conceptual separations,PDF009,C1_Q01,causality,validated_paraphrase,3. Conceptual objects
CLM_C1_Q01_002,Asset-price and wealth-measurement claims,PDF009,C1_Q01,causality,validated_paraphrase,3. Conceptual objects
CLM_C1_Q01_002,Growth and capital-formation mechanisms,PDF009,C1_Q01,causality,validated_paraphrase,3. Conceptual objects
CLM_C1_Q01_002,"Credit, leverage, collateral, and monetary policy",PDF009,C1_Q01,causality,validated_paraphrase,3. Conceptual objects
CLM_C1_Q01_002,Unbalanced growth and overvaluation,PDF009,C1_Q01,causality,validated_paraphrase,3. Conceptual objects
CLM_C1_Q01_002,Debt rollover and dynamic efficiency,PDF009,C1_Q01,causality,validated_paraphrase,3. Conceptual objects
CLM_C1_Q01_003,Definitions and conceptual separations,PDF010,C1_Q01,variables_parameters,validated_paraphrase,3. Conceptual objects
CLM_C1_Q01_003,Asset-price and wealth-measurement claims,PDF010,C1_Q01,variables_parameters,validated_paraphrase,3. Conceptual objects
CLM_C1_Q01_003,Growth and capital-formation mechanisms,PDF010,C1_Q01,variables_parameters,validated_paraphrase,3. Conceptual objects
CLM_C1_Q01_003,"Credit, leverage, collateral, and monetary policy",PDF010,C1_Q01,variables_parameters,validated_paraphrase,3. Conceptual objects
CLM_C1_Q01_003,Debt rollover and dynamic efficiency,PDF010,C1_Q01,variables_parameters,validated_paraphrase,3. Conceptual objects
CLM_C1_Q01_004,Definitions and conceptual separations,PDF011,C1_Q01,variables_parameters,validated_paraphrase,3. Conceptual objects
CLM_C1_Q01_004,Asset-price and wealth-measurement claims,PDF011,C1_Q01,variables_parameters,validated_paraphrase,3. Conceptual objects
CLM_C1_Q01_004,Growth and capital-formation mechanisms,PDF011,C1_Q01,variables_parameters,validated_paraphrase,3. Conceptual objects
CLM_C1_Q01_004,"Credit, leverage, collateral, and monetary policy",PDF011,C1_Q01,variables_parameters,validated_paraphrase,3. Conceptual objects
CLM_C1_Q01_004,Debt rollover and dynamic efficiency,PDF011,C1_Q01,variables_parameters,validated_paraphrase,3. Conceptual objects
CLM_C1_Q02_001,Definitions and conceptual separations,MULTI,C1_Q02,variables_parameters,needs_page,1. Introduction
CLM_C1_Q02_001,Growth and capital-formation mechanisms,MULTI,C1_Q02,variables_parameters,needs_page,1. Introduction
CLM_C1_Q02_001,Unbalanced growth and overvaluation,MULTI,C1_Q02,variables_parameters,needs_page,1. Introduction
CLM_C1_Q02_001,Debt rollover and dynamic efficiency,MULTI,C1_Q02,variables_parameters,needs_page,1. Introduction
CLM_C1_Q02_001,Critical adaptation to urban land-rent financialization in Latin America,MULTI,C1_Q02,variables_parameters,needs_page,1. Introduction
CLM_C1_Q02_002,Definitions and conceptual separations,PDF009,C1_Q02,causality,validated_paraphrase,3. Conceptual objects
CLM_C1_Q02_002,Asset-price and wealth-measurement claims,PDF009,C1_Q02,causality,validated_paraphrase,3. Conceptual objects
CLM_C1_Q02_002,Growth and capital-formation mechanisms,PDF009,C1_Q02,causality,validated_paraphrase,3. Conceptual objects
CLM_C1_Q02_002,"Credit, leverage, collateral, and monetary policy",PDF009,C1_Q02,causality,validated_paraphrase,3. Conceptual objects
CLM_C1_Q02_002,Unbalanced growth and overvaluation,PDF009,C1_Q02,causality,validated_paraphrase,3. Conceptual objects
CLM_C1_Q02_002,Debt rollover and dynamic efficiency,PDF009,C1_Q02,causality,validated_paraphrase,3. Conceptual objects
CLM_C1_Q02_003,Definitions and conceptual separations,PDF010,C1_Q02,variables_parameters,validated_paraphrase,3. Conceptual objects
CLM_C1_Q02_003,Asset-price and wealth-measurement claims,PDF010,C1_Q02,variables_parameters,validated_paraphrase,3. Conceptual objects
CLM_C1_Q02_003,Growth and capital-formation mechanisms,PDF010,C1_Q02,variables_parameters,validated_paraphrase,3. Conceptual objects
CLM_C1_Q02_003,"Credit, leverage, collateral, and monetary policy",PDF010,C1_Q02,variables_parameters,validated_paraphrase,3. Conceptual objects
CLM_C1_Q02_003,Debt rollover and dynamic efficiency,PDF010,C1_Q02,variables_parameters,validated_paraphrase,3. Conceptual objects
CLM_C1_Q02_004,Definitions and conceptual separations,PDF011,C1_Q02,variables_parameters,validated_paraphrase,3. Conceptual objects
CLM_C1_Q02_004,Asset-price and wealth-measurement claims,PDF011,C1_Q02,variables_parameters,validated_paraphrase,3. Conceptual objects
CLM_C1_Q02_004,Growth and capital-formation mechanisms,PDF011,C1_Q02,variables_parameters,validated_paraphrase,3. Conceptual objects
CLM_C1_Q02_004,"Credit, leverage, collateral, and monetary policy",PDF011,C1_Q02,variables_parameters,validated_paraphrase,3. Conceptual objects
CLM_C1_Q02_004,Debt rollover and dynamic efficiency,PDF011,C1_Q02,variables_parameters,validated_paraphrase,3. Conceptual objects
CLM_C1_Q03_001,Growth and capital-formation mechanisms,MULTI,C1_Q03,variables_parameters,needs_page,1. Introduction
CLM_C1_Q03_001,"Credit, leverage, collateral, and monetary policy",MULTI,C1_Q03,variables_parameters,needs_page,1. Introduction
CLM_C1_Q03_001,Debt rollover and dynamic efficiency,MULTI,C1_Q03,variables_parameters,needs_page,1. Introduction
CLM_C1_Q03_002,Definitions and conceptual separations,PDF009,C1_Q03,causality,validated_paraphrase,3. Conceptual objects
CLM_C1_Q03_002,Asset-price and wealth-measurement claims,PDF009,C1_Q03,causality,validated_paraphrase,3. Conceptual objects
CLM_C1_Q03_002,Growth and capital-formation mechanisms,PDF009,C1_Q03,causality,validated_paraphrase,3. Conceptual objects
CLM_C1_Q03_002,"Credit, leverage, collateral, and monetary policy",PDF009,C1_Q03,causality,validated_paraphrase,3. Conceptual objects
CLM_C1_Q03_002,Unbalanced growth and overvaluation,PDF009,C1_Q03,causality,validated_paraphrase,3. Conceptual objects
CLM_C1_Q03_002,Debt rollover and dynamic efficiency,PDF009,C1_Q03,causality,validated_paraphrase,3. Conceptual objects
CLM_C1_Q03_003,Definitions and conceptual separations,PDF010,C1_Q03,variables_parameters,validated_paraphrase,3. Conceptual objects
CLM_C1_Q03_003,Asset-price and wealth-measurement claims,PDF010,C1_Q03,variables_parameters,validated_paraphrase,3. Conceptual objects
CLM_C1_Q03_003,Growth and capital-formation mechanisms,PDF010,C1_Q03,variables_parameters,validated_paraphrase,3. Conceptual objects
CLM_C1_Q03_003,"Credit, leverage, collateral, and monetary policy",PDF010,C1_Q03,variables_parameters,validated_paraphrase,3. Conceptual objects
CLM_C1_Q03_003,Debt rollover and dynamic efficiency,PDF010,C1_Q03,variables_parameters,validated_paraphrase,3. Conceptual objects
CLM_C1_Q03_004,Definitions and conceptual separations,PDF011,C1_Q03,variables_parameters,validated_paraphrase,3. Conceptual objects
CLM_C1_Q03_004,Asset-price and wealth-measurement claims,PDF011,C1_Q03,variables_parameters,validated_paraphrase,3. Conceptual objects
CLM_C1_Q03_004,Growth and capital-formation mechanisms,PDF011,C1_Q03,variables_parameters,validated_paraphrase,3. Conceptual objects
CLM_C1_Q03_004,"Credit, leverage, collateral, and monetary policy",PDF011,C1_Q03,variables_parameters,validated_paraphrase,3. Conceptual objects
CLM_C1_Q03_004,Debt rollover and dynamic efficiency,PDF011,C1_Q03,variables_parameters,validated_paraphrase,3. Conceptual objects
CLM_C1_Q04_001,Growth and capital-formation mechanisms,MULTI,C1_Q04,variables_parameters,needs_page,1. Introduction
CLM_C1_Q04_001,"Credit, leverage, collateral, and monetary policy",MULTI,C1_Q04,variables_parameters,needs_page,1. Introduction
CLM_C1_Q04_001,Debt rollover and dynamic efficiency,MULTI,C1_Q04,variables_parameters,needs_page,1. Introduction
CLM_C1_Q04_002,Definitions and conceptual separations,PDF009,C1_Q04,causality,validated_paraphrase,3. Conceptual objects
CLM_C1_Q04_002,Asset-price and wealth-measurement claims,PDF009,C1_Q04,causality,validated_paraphrase,3. Conceptual objects
CLM_C1_Q04_002,Growth and capital-formation mechanisms,PDF009,C1_Q04,causality,validated_paraphrase,3. Conceptual objects
CLM_C1_Q04_002,"Credit, leverage, collateral, and monetary policy",PDF009,C1_Q04,causality,validated_paraphrase,3. Conceptual objects
CLM_C1_Q04_002,Unbalanced growth and overvaluation,PDF009,C1_Q04,causality,validated_paraphrase,3. Conceptual objects
CLM_C1_Q04_002,Debt rollover and dynamic efficiency,PDF009,C1_Q04,causality,validated_paraphrase,3. Conceptual objects
CLM_C1_Q04_003,Definitions and conceptual separations,PDF010,C1_Q04,variables_parameters,validated_paraphrase,3. Conceptual objects
CLM_C1_Q04_003,Asset-price and wealth-measurement claims,PDF010,C1_Q04,variables_parameters,validated_paraphrase,3. Conceptual objects
CLM_C1_Q04_003,Growth and capital-formation mechanisms,PDF010,C1_Q04,variables_parameters,validated_paraphrase,3. Conceptual objects
CLM_C1_Q04_003,"Credit, leverage, collateral, and monetary policy",PDF010,C1_Q04,variables_parameters,validated_paraphrase,3. Conceptual objects
CLM_C1_Q04_003,Debt rollover and dynamic efficiency,PDF010,C1_Q04,variables_parameters,validated_paraphrase,3. Conceptual objects
CLM_C1_Q04_004,Definitions and conceptual separations,PDF011,C1_Q04,variables_parameters,validated_paraphrase,3. Conceptual objects
CLM_C1_Q04_004,Asset-price and wealth-measurement claims,PDF011,C1_Q04,variables_parameters,validated_paraphrase,3. Conceptual objects
CLM_C1_Q04_004,Growth and capital-formation mechanisms,PDF011,C1_Q04,variables_parameters,validated_paraphrase,3. Conceptual objects
CLM_C1_Q04_004,"Credit, leverage, collateral, and monetary policy",PDF011,C1_Q04,variables_parameters,validated_paraphrase,3. Conceptual objects
CLM_C1_Q04_004,Debt rollover and dynamic efficiency,PDF011,C1_Q04,variables_parameters,validated_paraphrase,3. Conceptual objects
CLM_C1_Q05_001,Growth and capital-formation mechanisms,MULTI,C1_Q05,variables_parameters,needs_page,1. Introduction
CLM_C1_Q05_001,"Credit, leverage, collateral, and monetary policy",MULTI,C1_Q05,variables_parameters,needs_page,1. Introduction
CLM_C1_Q05_001,Debt rollover and dynamic efficiency,MULTI,C1_Q05,variables_parameters,needs_page,1. Introduction
CLM_C1_Q05_002,Definitions and conceptual separations,PDF009,C1_Q05,causality,validated_paraphrase,3. Conceptual objects
CLM_C1_Q05_002,Asset-price and wealth-measurement claims,PDF009,C1_Q05,causality,validated_paraphrase,3. Conceptual objects
CLM_C1_Q05_002,Growth and capital-formation mechanisms,PDF009,C1_Q05,causality,validated_paraphrase,3. Conceptual objects
CLM_C1_Q05_002,"Credit, leverage, collateral, and monetary policy",PDF009,C1_Q05,causality,validated_paraphrase,3. Conceptual objects
CLM_C1_Q05_002,Unbalanced growth and overvaluation,PDF009,C1_Q05,causality,validated_paraphrase,3. Conceptual objects
CLM_C1_Q05_002,Debt rollover and dynamic efficiency,PDF009,C1_Q05,causality,validated_paraphrase,3. Conceptual objects
CLM_C1_Q05_003,Definitions and conceptual separations,PDF010,C1_Q05,variables_parameters,validated_paraphrase,3. Conceptual objects
CLM_C1_Q05_003,Asset-price and wealth-measurement claims,PDF010,C1_Q05,variables_parameters,validated_paraphrase,3. Conceptual objects
CLM_C1_Q05_003,Growth and capital-formation mechanisms,PDF010,C1_Q05,variables_parameters,validated_paraphrase,3. Conceptual objects
CLM_C1_Q05_003,"Credit, leverage, collateral, and monetary policy",PDF010,C1_Q05,variables_parameters,validated_paraphrase,3. Conceptual objects
CLM_C1_Q05_003,Debt rollover and dynamic efficiency,PDF010,C1_Q05,variables_parameters,validated_paraphrase,3. Conceptual objects
CLM_C1_Q05_004,Definitions and conceptual separations,PDF011,C1_Q05,variables_parameters,validated_paraphrase,3. Conceptual objects
CLM_C1_Q05_004,Asset-price and wealth-measurement claims,PDF011,C1_Q05,variables_parameters,validated_paraphrase,3. Conceptual objects
CLM_C1_Q05_004,Growth and capital-formation mechanisms,PDF011,C1_Q05,variables_parameters,validated_paraphrase,3. Conceptual objects
CLM_C1_Q05_004,"Credit, leverage, collateral, and monetary policy",PDF011,C1_Q05,variables_parameters,validated_paraphrase,3. Conceptual objects
CLM_C1_Q05_004,Debt rollover and dynamic efficiency,PDF011,C1_Q05,variables_parameters,validated_paraphrase,3. Conceptual objects
CLM_C2_Q01_001,Growth and capital-formation mechanisms,MULTI,C2_Q01,variables_parameters,needs_page,1. Introduction
CLM_C2_Q01_001,"Credit, leverage, collateral, and monetary policy",MULTI,C2_Q01,variables_parameters,needs_page,1. Introduction
CLM_C2_Q01_001,Debt rollover and dynamic efficiency,MULTI,C2_Q01,variables_parameters,needs_page,1. Introduction
CLM_C2_Q01_002,Growth and capital-formation mechanisms,PDF004,C2_Q01,variables_parameters,validated_paraphrase,5. Mechanism II
CLM_C2_Q01_002,"Credit, leverage, collateral, and monetary policy",PDF004,C2_Q01,variables_parameters,validated_paraphrase,5. Mechanism II
CLM_C2_Q01_002,Debt rollover and dynamic efficiency,PDF004,C2_Q01,variables_parameters,validated_paraphrase,5. Mechanism II
CLM_C2_Q01_002,Wobbly dynamics and endogenous instability,PDF004,C2_Q01,variables_parameters,validated_paraphrase,5. Mechanism II
CLM_C2_Q01_003,Unbalanced growth and overvaluation,PDF006,C2_Q01,variables_parameters,validated_paraphrase,8. Wobbly dynamics
CLM_C2_Q01_003,Debt rollover and dynamic efficiency,PDF006,C2_Q01,variables_parameters,validated_paraphrase,8. Wobbly dynamics
CLM_C2_Q01_003,Wobbly dynamics and endogenous instability,PDF006,C2_Q01,variables_parameters,validated_paraphrase,8. Wobbly dynamics
CLM_C2_Q01_004,Definitions and conceptual separations,PDF007,C2_Q01,causality,validated_paraphrase,3. Conceptual objects
CLM_C2_Q01_004,Growth and capital-formation mechanisms,PDF007,C2_Q01,causality,validated_paraphrase,3. Conceptual objects
CLM_C2_Q01_004,"Credit, leverage, collateral, and monetary policy",PDF007,C2_Q01,causality,validated_paraphrase,3. Conceptual objects
CLM_C2_Q01_004,Unbalanced growth and overvaluation,PDF007,C2_Q01,causality,validated_paraphrase,3. Conceptual objects
CLM_C2_Q01_004,Debt rollover and dynamic efficiency,PDF007,C2_Q01,causality,validated_paraphrase,3. Conceptual objects
CLM_C2_Q02_001,Debt rollover and dynamic efficiency,MULTI,C2_Q02,variables_parameters,needs_page,8. Wobbly dynamics
CLM_C2_Q02_001,Wobbly dynamics and endogenous instability,MULTI,C2_Q02,variables_parameters,needs_page,8. Wobbly dynamics
CLM_C2_Q02_002,Growth and capital-formation mechanisms,PDF004,C2_Q02,variables_parameters,validated_paraphrase,5. Mechanism II
CLM_C2_Q02_002,"Credit, leverage, collateral, and monetary policy",PDF004,C2_Q02,variables_parameters,validated_paraphrase,5. Mechanism II
CLM_C2_Q02_002,Debt rollover and dynamic efficiency,PDF004,C2_Q02,variables_parameters,validated_paraphrase,5. Mechanism II
CLM_C2_Q02_002,Wobbly dynamics and endogenous instability,PDF004,C2_Q02,variables_parameters,validated_paraphrase,5. Mechanism II
CLM_C2_Q02_003,Unbalanced growth and overvaluation,PDF006,C2_Q02,variables_parameters,validated_paraphrase,8. Wobbly dynamics
CLM_C2_Q02_003,Debt rollover and dynamic efficiency,PDF006,C2_Q02,variables_parameters,validated_paraphrase,8. Wobbly dynamics
CLM_C2_Q02_003,Wobbly dynamics and endogenous instability,PDF006,C2_Q02,variables_parameters,validated_paraphrase,8. Wobbly dynamics
CLM_C2_Q02_004,Definitions and conceptual separations,PDF007,C2_Q02,causality,validated_paraphrase,3. Conceptual objects
CLM_C2_Q02_004,Growth and capital-formation mechanisms,PDF007,C2_Q02,causality,validated_paraphrase,3. Conceptual objects
CLM_C2_Q02_004,"Credit, leverage, collateral, and monetary policy",PDF007,C2_Q02,causality,validated_paraphrase,3. Conceptual objects
CLM_C2_Q02_004,Unbalanced growth and overvaluation,PDF007,C2_Q02,causality,validated_paraphrase,3. Conceptual objects
CLM_C2_Q02_004,Debt rollover and dynamic efficiency,PDF007,C2_Q02,causality,validated_paraphrase,3. Conceptual objects
CLM_C2_Q03_001,"Credit, leverage, collateral, and monetary policy",MULTI,C2_Q03,variables_parameters,needs_page,1. Introduction
CLM_C2_Q03_001,Debt rollover and dynamic efficiency,MULTI,C2_Q03,variables_parameters,needs_page,1. Introduction
CLM_C2_Q03_001,Wobbly dynamics and endogenous instability,MULTI,C2_Q03,variables_parameters,needs_page,1. Introduction
CLM_C2_Q03_001,Critical adaptation to urban land-rent financialization in Latin America,MULTI,C2_Q03,variables_parameters,needs_page,1. Introduction
CLM_C2_Q03_002,Growth and capital-formation mechanisms,PDF004,C2_Q03,variables_parameters,validated_paraphrase,5. Mechanism II
CLM_C2_Q03_002,"Credit, leverage, collateral, and monetary policy",PDF004,C2_Q03,variables_parameters,validated_paraphrase,5. Mechanism II
CLM_C2_Q03_002,Debt rollover and dynamic efficiency,PDF004,C2_Q03,variables_parameters,validated_paraphrase,5. Mechanism II
CLM_C2_Q03_002,Wobbly dynamics and endogenous instability,PDF004,C2_Q03,variables_parameters,validated_paraphrase,5. Mechanism II
CLM_C2_Q03_003,Unbalanced growth and overvaluation,PDF006,C2_Q03,variables_parameters,validated_paraphrase,8. Wobbly dynamics
CLM_C2_Q03_003,Debt rollover and dynamic efficiency,PDF006,C2_Q03,variables_parameters,validated_paraphrase,8. Wobbly dynamics
CLM_C2_Q03_003,Wobbly dynamics and endogenous instability,PDF006,C2_Q03,variables_parameters,validated_paraphrase,8. Wobbly dynamics
CLM_C2_Q03_004,Definitions and conceptual separations,PDF007,C2_Q03,causality,validated_paraphrase,3. Conceptual objects
CLM_C2_Q03_004,Growth and capital-formation mechanisms,PDF007,C2_Q03,causality,validated_paraphrase,3. Conceptual objects
CLM_C2_Q03_004,"Credit, leverage, collateral, and monetary policy",PDF007,C2_Q03,causality,validated_paraphrase,3. Conceptual objects
CLM_C2_Q03_004,Unbalanced growth and overvaluation,PDF007,C2_Q03,causality,validated_paraphrase,3. Conceptual objects
CLM_C2_Q03_004,Debt rollover and dynamic efficiency,PDF007,C2_Q03,causality,validated_paraphrase,3. Conceptual objects
CLM_C2_Q04_001,Definitions and conceptual separations,MULTI,C2_Q04,variables_parameters,needs_page,4. Mechanism I
CLM_C2_Q04_001,Growth and capital-formation mechanisms,MULTI,C2_Q04,variables_parameters,needs_page,4. Mechanism I
CLM_C2_Q04_001,Unbalanced growth and overvaluation,MULTI,C2_Q04,variables_parameters,needs_page,4. Mechanism I
CLM_C2_Q04_001,Debt rollover and dynamic efficiency,MULTI,C2_Q04,variables_parameters,needs_page,4. Mechanism I
CLM_C2_Q04_001,Critical adaptation to urban land-rent financialization in Latin America,MULTI,C2_Q04,variables_parameters,needs_page,4. Mechanism I
CLM_C2_Q04_002,Growth and capital-formation mechanisms,PDF004,C2_Q04,variables_parameters,validated_paraphrase,5. Mechanism II
CLM_C2_Q04_002,"Credit, leverage, collateral, and monetary policy",PDF004,C2_Q04,variables_parameters,validated_paraphrase,5. Mechanism II
CLM_C2_Q04_002,Debt rollover and dynamic efficiency,PDF004,C2_Q04,variables_parameters,validated_paraphrase,5. Mechanism II
CLM_C2_Q04_002,Wobbly dynamics and endogenous instability,PDF004,C2_Q04,variables_parameters,validated_paraphrase,5. Mechanism II
CLM_C2_Q04_003,Unbalanced growth and overvaluation,PDF006,C2_Q04,variables_parameters,validated_paraphrase,8. Wobbly dynamics
CLM_C2_Q04_003,Debt rollover and dynamic efficiency,PDF006,C2_Q04,variables_parameters,validated_paraphrase,8. Wobbly dynamics
CLM_C2_Q04_003,Wobbly dynamics and endogenous instability,PDF006,C2_Q04,variables_parameters,validated_paraphrase,8. Wobbly dynamics
CLM_C2_Q04_004,Definitions and conceptual separations,PDF007,C2_Q04,causality,validated_paraphrase,3. Conceptual objects
CLM_C2_Q04_004,Growth and capital-formation mechanisms,PDF007,C2_Q04,causality,validated_paraphrase,3. Conceptual objects
CLM_C2_Q04_004,"Credit, leverage, collateral, and monetary policy",PDF007,C2_Q04,causality,validated_paraphrase,3. Conceptual objects
CLM_C2_Q04_004,Unbalanced growth and overvaluation,PDF007,C2_Q04,causality,validated_paraphrase,3. Conceptual objects
CLM_C2_Q04_004,Debt rollover and dynamic efficiency,PDF007,C2_Q04,causality,validated_paraphrase,3. Conceptual objects
CLM_C2_Q05_001,"Credit, leverage, collateral, and monetary policy",MULTI,C2_Q05,variables_parameters,needs_page,8. Wobbly dynamics
CLM_C2_Q05_001,Debt rollover and dynamic efficiency,MULTI,C2_Q05,variables_parameters,needs_page,8. Wobbly dynamics
CLM_C2_Q05_001,Wobbly dynamics and endogenous instability,MULTI,C2_Q05,variables_parameters,needs_page,8. Wobbly dynamics
CLM_C2_Q05_001,Critical adaptation to urban land-rent financialization in Latin America,MULTI,C2_Q05,variables_parameters,needs_page,8. Wobbly dynamics
CLM_C2_Q05_002,Growth and capital-formation mechanisms,PDF004,C2_Q05,variables_parameters,validated_paraphrase,5. Mechanism II
CLM_C2_Q05_002,"Credit, leverage, collateral, and monetary policy",PDF004,C2_Q05,variables_parameters,validated_paraphrase,5. Mechanism II
CLM_C2_Q05_002,Debt rollover and dynamic efficiency,PDF004,C2_Q05,variables_parameters,validated_paraphrase,5. Mechanism II
CLM_C2_Q05_002,Wobbly dynamics and endogenous instability,PDF004,C2_Q05,variables_parameters,validated_paraphrase,5. Mechanism II
CLM_C2_Q05_003,Unbalanced growth and overvaluation,PDF006,C2_Q05,variables_parameters,validated_paraphrase,8. Wobbly dynamics
CLM_C2_Q05_003,Debt rollover and dynamic efficiency,PDF006,C2_Q05,variables_parameters,validated_paraphrase,8. Wobbly dynamics
CLM_C2_Q05_003,Wobbly dynamics and endogenous instability,PDF006,C2_Q05,variables_parameters,validated_paraphrase,8. Wobbly dynamics
CLM_C2_Q05_004,Definitions and conceptual separations,PDF007,C2_Q05,causality,validated_paraphrase,3. Conceptual objects
CLM_C2_Q05_004,Growth and capital-formation mechanisms,PDF007,C2_Q05,causality,validated_paraphrase,3. Conceptual objects
CLM_C2_Q05_004,"Credit, leverage, collateral, and monetary policy",PDF007,C2_Q05,causality,validated_paraphrase,3. Conceptual objects
CLM_C2_Q05_004,Unbalanced growth and overvaluation,PDF007,C2_Q05,causality,validated_paraphrase,3. Conceptual objects
CLM_C2_Q05_004,Debt rollover and dynamic efficiency,PDF007,C2_Q05,causality,validated_paraphrase,3. Conceptual objects
CLM_C3_Q01_001,Growth and capital-formation mechanisms,MULTI,C3_Q01,variables_parameters,needs_page,1. Introduction
CLM_C3_Q01_001,"Credit, leverage, collateral, and monetary policy",MULTI,C3_Q01,variables_parameters,needs_page,1. Introduction
CLM_C3_Q01_001,Debt rollover and dynamic efficiency,MULTI,C3_Q01,variables_parameters,needs_page,1. Introduction
CLM_C3_Q01_002,Definitions and conceptual separations,PDF003,C3_Q01,variables_parameters,validated_paraphrase,4. Mechanism I
CLM_C3_Q01_002,Growth and capital-formation mechanisms,PDF003,C3_Q01,variables_parameters,validated_paraphrase,4. Mechanism I
CLM_C3_Q01_002,"Credit, leverage, collateral, and monetary policy",PDF003,C3_Q01,variables_parameters,validated_paraphrase,4. Mechanism I
CLM_C3_Q01_002,Debt rollover and dynamic efficiency,PDF003,C3_Q01,variables_parameters,validated_paraphrase,4. Mechanism I
CLM_C3_Q01_002,Wobbly dynamics and endogenous instability,PDF003,C3_Q01,variables_parameters,validated_paraphrase,4. Mechanism I
CLM_C3_Q01_003,Growth and capital-formation mechanisms,PDF013,C3_Q01,variables_parameters,validated_paraphrase,5. Mechanism II
CLM_C3_Q01_003,"Credit, leverage, collateral, and monetary policy",PDF013,C3_Q01,variables_parameters,validated_paraphrase,5. Mechanism II
CLM_C3_Q01_003,Debt rollover and dynamic efficiency,PDF013,C3_Q01,variables_parameters,validated_paraphrase,5. Mechanism II
CLM_C3_Q02_001,Growth and capital-formation mechanisms,MULTI,C3_Q02,variables_parameters,needs_page,1. Introduction
CLM_C3_Q02_001,"Credit, leverage, collateral, and monetary policy",MULTI,C3_Q02,variables_parameters,needs_page,1. Introduction
CLM_C3_Q02_001,Debt rollover and dynamic efficiency,MULTI,C3_Q02,variables_parameters,needs_page,1. Introduction
CLM_C3_Q02_002,Definitions and conceptual separations,PDF003,C3_Q02,variables_parameters,validated_paraphrase,4. Mechanism I
CLM_C3_Q02_002,Growth and capital-formation mechanisms,PDF003,C3_Q02,variables_parameters,validated_paraphrase,4. Mechanism I
CLM_C3_Q02_002,"Credit, leverage, collateral, and monetary policy",PDF003,C3_Q02,variables_parameters,validated_paraphrase,4. Mechanism I
CLM_C3_Q02_002,Debt rollover and dynamic efficiency,PDF003,C3_Q02,variables_parameters,validated_paraphrase,4. Mechanism I
CLM_C3_Q02_002,Wobbly dynamics and endogenous instability,PDF003,C3_Q02,variables_parameters,validated_paraphrase,4. Mechanism I
CLM_C3_Q02_003,Growth and capital-formation mechanisms,PDF013,C3_Q02,variables_parameters,validated_paraphrase,5. Mechanism II
CLM_C3_Q02_003,"Credit, leverage, collateral, and monetary policy",PDF013,C3_Q02,variables_parameters,validated_paraphrase,5. Mechanism II
CLM_C3_Q02_003,Debt rollover and dynamic efficiency,PDF013,C3_Q02,variables_parameters,validated_paraphrase,5. Mechanism II
CLM_C3_Q03_001,Growth and capital-formation mechanisms,MULTI,C3_Q03,variables_parameters,needs_page,1. Introduction
CLM_C3_Q03_001,"Credit, leverage, collateral, and monetary policy",MULTI,C3_Q03,variables_parameters,needs_page,1. Introduction
CLM_C3_Q03_001,Debt rollover and dynamic efficiency,MULTI,C3_Q03,variables_parameters,needs_page,1. Introduction
CLM_C3_Q03_002,Definitions and conceptual separations,PDF003,C3_Q03,variables_parameters,validated_paraphrase,4. Mechanism I
CLM_C3_Q03_002,Growth and capital-formation mechanisms,PDF003,C3_Q03,variables_parameters,validated_paraphrase,4. Mechanism I
CLM_C3_Q03_002,"Credit, leverage, collateral, and monetary policy",PDF003,C3_Q03,variables_parameters,validated_paraphrase,4. Mechanism I
CLM_C3_Q03_002,Debt rollover and dynamic efficiency,PDF003,C3_Q03,variables_parameters,validated_paraphrase,4. Mechanism I
CLM_C3_Q03_002,Wobbly dynamics and endogenous instability,PDF003,C3_Q03,variables_parameters,validated_paraphrase,4. Mechanism I
CLM_C3_Q03_003,Growth and capital-formation mechanisms,PDF013,C3_Q03,variables_parameters,validated_paraphrase,5. Mechanism II
CLM_C3_Q03_003,"Credit, leverage, collateral, and monetary policy",PDF013,C3_Q03,variables_parameters,validated_paraphrase,5. Mechanism II
CLM_C3_Q03_003,Debt rollover and dynamic efficiency,PDF013,C3_Q03,variables_parameters,validated_paraphrase,5. Mechanism II
CLM_C3_Q04_001,Growth and capital-formation mechanisms,MULTI,C3_Q04,variables_parameters,needs_page,1. Introduction
CLM_C3_Q04_001,"Credit, leverage, collateral, and monetary policy",MULTI,C3_Q04,variables_parameters,needs_page,1. Introduction
CLM_C3_Q04_001,Debt rollover and dynamic efficiency,MULTI,C3_Q04,variables_parameters,needs_page,1. Introduction
CLM_C3_Q04_002,Definitions and conceptual separations,PDF003,C3_Q04,variables_parameters,validated_paraphrase,4. Mechanism I
CLM_C3_Q04_002,Growth and capital-formation mechanisms,PDF003,C3_Q04,variables_parameters,validated_paraphrase,4. Mechanism I
CLM_C3_Q04_002,"Credit, leverage, collateral, and monetary policy",PDF003,C3_Q04,variables_parameters,validated_paraphrase,4. Mechanism I
CLM_C3_Q04_002,Debt rollover and dynamic efficiency,PDF003,C3_Q04,variables_parameters,validated_paraphrase,4. Mechanism I
CLM_C3_Q04_002,Wobbly dynamics and endogenous instability,PDF003,C3_Q04,variables_parameters,validated_paraphrase,4. Mechanism I
CLM_C3_Q04_003,Growth and capital-formation mechanisms,PDF013,C3_Q04,variables_parameters,validated_paraphrase,5. Mechanism II
CLM_C3_Q04_003,"Credit, leverage, collateral, and monetary policy",PDF013,C3_Q04,variables_parameters,validated_paraphrase,5. Mechanism II
CLM_C3_Q04_003,Debt rollover and dynamic efficiency,PDF013,C3_Q04,variables_parameters,validated_paraphrase,5. Mechanism II
CLM_C3_Q05_001,Growth and capital-formation mechanisms,MULTI,C3_Q05,variables_parameters,needs_page,5. Mechanism II
CLM_C3_Q05_001,"Credit, leverage, collateral, and monetary policy",MULTI,C3_Q05,variables_parameters,needs_page,5. Mechanism II
CLM_C3_Q05_001,Debt rollover and dynamic efficiency,MULTI,C3_Q05,variables_parameters,needs_page,5. Mechanism II
CLM_C3_Q05_002,Definitions and conceptual separations,PDF003,C3_Q05,variables_parameters,validated_paraphrase,4. Mechanism I
CLM_C3_Q05_002,Growth and capital-formation mechanisms,PDF003,C3_Q05,variables_parameters,validated_paraphrase,4. Mechanism I
CLM_C3_Q05_002,"Credit, leverage, collateral, and monetary policy",PDF003,C3_Q05,variables_parameters,validated_paraphrase,4. Mechanism I
CLM_C3_Q05_002,Debt rollover and dynamic efficiency,PDF003,C3_Q05,variables_parameters,validated_paraphrase,4. Mechanism I
CLM_C3_Q05_002,Wobbly dynamics and endogenous instability,PDF003,C3_Q05,variables_parameters,validated_paraphrase,4. Mechanism I
CLM_C3_Q05_003,Growth and capital-formation mechanisms,PDF013,C3_Q05,variables_parameters,validated_paraphrase,5. Mechanism II
CLM_C3_Q05_003,"Credit, leverage, collateral, and monetary policy",PDF013,C3_Q05,variables_parameters,validated_paraphrase,5. Mechanism II
CLM_C3_Q05_003,Debt rollover and dynamic efficiency,PDF013,C3_Q05,variables_parameters,validated_paraphrase,5. Mechanism II
CLM_C3_Q06_001,Growth and capital-formation mechanisms,MULTI,C3_Q06,variables_parameters,needs_page,1. Introduction
CLM_C3_Q06_001,"Credit, leverage, collateral, and monetary policy",MULTI,C3_Q06,variables_parameters,needs_page,1. Introduction
CLM_C3_Q06_001,Debt rollover and dynamic efficiency,MULTI,C3_Q06,variables_parameters,needs_page,1. Introduction
CLM_C3_Q06_002,Definitions and conceptual separations,PDF003,C3_Q06,variables_parameters,validated_paraphrase,4. Mechanism I
CLM_C3_Q06_002,Growth and capital-formation mechanisms,PDF003,C3_Q06,variables_parameters,validated_paraphrase,4. Mechanism I
CLM_C3_Q06_002,"Credit, leverage, collateral, and monetary policy",PDF003,C3_Q06,variables_parameters,validated_paraphrase,4. Mechanism I
CLM_C3_Q06_002,Debt rollover and dynamic efficiency,PDF003,C3_Q06,variables_parameters,validated_paraphrase,4. Mechanism I
CLM_C3_Q06_002,Wobbly dynamics and endogenous instability,PDF003,C3_Q06,variables_parameters,validated_paraphrase,4. Mechanism I
CLM_C3_Q06_003,Growth and capital-formation mechanisms,PDF013,C3_Q06,variables_parameters,validated_paraphrase,5. Mechanism II
CLM_C3_Q06_003,"Credit, leverage, collateral, and monetary policy",PDF013,C3_Q06,variables_parameters,validated_paraphrase,5. Mechanism II
CLM_C3_Q06_003,Debt rollover and dynamic efficiency,PDF013,C3_Q06,variables_parameters,validated_paraphrase,5. Mechanism II
CLM_C4_Q01_001,Growth and capital-formation mechanisms,MULTI,C4_Q01,variables_parameters,needs_page,1. Introduction
CLM_C4_Q01_001,"Credit, leverage, collateral, and monetary policy",MULTI,C4_Q01,variables_parameters,needs_page,1. Introduction
CLM_C4_Q01_001,Debt rollover and dynamic efficiency,MULTI,C4_Q01,variables_parameters,needs_page,1. Introduction
CLM_C4_Q01_002,"Credit, leverage, collateral, and monetary policy",PDF001,C4_Q01,variables_parameters,validated_paraphrase,6. Mechanism III
CLM_C4_Q01_002,Unbalanced growth and overvaluation,PDF001,C4_Q01,variables_parameters,validated_paraphrase,6. Mechanism III
CLM_C4_Q01_002,Debt rollover and dynamic efficiency,PDF001,C4_Q01,variables_parameters,validated_paraphrase,6. Mechanism III
CLM_C4_Q01_003,Definitions and conceptual separations,PDF008,C4_Q01,variables_parameters,validated_paraphrase,3. Conceptual objects
CLM_C4_Q01_003,Asset-price and wealth-measurement claims,PDF008,C4_Q01,variables_parameters,validated_paraphrase,3. Conceptual objects
CLM_C4_Q01_003,Growth and capital-formation mechanisms,PDF008,C4_Q01,variables_parameters,validated_paraphrase,3. Conceptual objects
CLM_C4_Q01_003,"Credit, leverage, collateral, and monetary policy",PDF008,C4_Q01,variables_parameters,validated_paraphrase,3. Conceptual objects
CLM_C4_Q01_003,Unbalanced growth and overvaluation,PDF008,C4_Q01,variables_parameters,validated_paraphrase,3. Conceptual objects
CLM_C4_Q01_003,Debt rollover and dynamic efficiency,PDF008,C4_Q01,variables_parameters,validated_paraphrase,3. Conceptual objects
CLM_C4_Q01_004,Definitions and conceptual separations,PDF012,C4_Q01,variables_parameters,validated_paraphrase,1. Introduction
CLM_C4_Q01_004,Growth and capital-formation mechanisms,PDF012,C4_Q01,variables_parameters,validated_paraphrase,1. Introduction
CLM_C4_Q01_004,"Credit, leverage, collateral, and monetary policy",PDF012,C4_Q01,variables_parameters,validated_paraphrase,1. Introduction
CLM_C4_Q01_004,Unbalanced growth and overvaluation,PDF012,C4_Q01,variables_parameters,validated_paraphrase,1. Introduction
CLM_C4_Q01_004,Debt rollover and dynamic efficiency,PDF012,C4_Q01,variables_parameters,validated_paraphrase,1. Introduction
CLM_C4_Q01_004,Wobbly dynamics and endogenous instability,PDF012,C4_Q01,variables_parameters,validated_paraphrase,1. Introduction
CLM_C4_Q02_001,Growth and capital-formation mechanisms,MULTI,C4_Q02,variables_parameters,needs_page,1. Introduction
CLM_C4_Q02_001,"Credit, leverage, collateral, and monetary policy",MULTI,C4_Q02,variables_parameters,needs_page,1. Introduction
CLM_C4_Q02_001,Debt rollover and dynamic efficiency,MULTI,C4_Q02,variables_parameters,needs_page,1. Introduction
CLM_C4_Q02_002,"Credit, leverage, collateral, and monetary policy",PDF001,C4_Q02,variables_parameters,validated_paraphrase,6. Mechanism III
CLM_C4_Q02_002,Unbalanced growth and overvaluation,PDF001,C4_Q02,variables_parameters,validated_paraphrase,6. Mechanism III
CLM_C4_Q02_002,Debt rollover and dynamic efficiency,PDF001,C4_Q02,variables_parameters,validated_paraphrase,6. Mechanism III
CLM_C4_Q02_003,Definitions and conceptual separations,PDF008,C4_Q02,variables_parameters,validated_paraphrase,3. Conceptual objects
CLM_C4_Q02_003,Asset-price and wealth-measurement claims,PDF008,C4_Q02,variables_parameters,validated_paraphrase,3. Conceptual objects
CLM_C4_Q02_003,Growth and capital-formation mechanisms,PDF008,C4_Q02,variables_parameters,validated_paraphrase,3. Conceptual objects
CLM_C4_Q02_003,"Credit, leverage, collateral, and monetary policy",PDF008,C4_Q02,variables_parameters,validated_paraphrase,3. Conceptual objects
CLM_C4_Q02_003,Unbalanced growth and overvaluation,PDF008,C4_Q02,variables_parameters,validated_paraphrase,3. Conceptual objects
CLM_C4_Q02_003,Debt rollover and dynamic efficiency,PDF008,C4_Q02,variables_parameters,validated_paraphrase,3. Conceptual objects
CLM_C4_Q02_004,Definitions and conceptual separations,PDF012,C4_Q02,variables_parameters,validated_paraphrase,1. Introduction
CLM_C4_Q02_004,Growth and capital-formation mechanisms,PDF012,C4_Q02,variables_parameters,validated_paraphrase,1. Introduction
CLM_C4_Q02_004,"Credit, leverage, collateral, and monetary policy",PDF012,C4_Q02,variables_parameters,validated_paraphrase,1. Introduction
CLM_C4_Q02_004,Unbalanced growth and overvaluation,PDF012,C4_Q02,variables_parameters,validated_paraphrase,1. Introduction
CLM_C4_Q02_004,Debt rollover and dynamic efficiency,PDF012,C4_Q02,variables_parameters,validated_paraphrase,1. Introduction
CLM_C4_Q02_004,Wobbly dynamics and endogenous instability,PDF012,C4_Q02,variables_parameters,validated_paraphrase,1. Introduction
CLM_C4_Q03_001,Growth and capital-formation mechanisms,MULTI,C4_Q03,variables_parameters,needs_page,1. Introduction
CLM_C4_Q03_001,"Credit, leverage, collateral, and monetary policy",MULTI,C4_Q03,variables_parameters,needs_page,1. Introduction
CLM_C4_Q03_001,Debt rollover and dynamic efficiency,MULTI,C4_Q03,variables_parameters,needs_page,1. Introduction
CLM_C4_Q03_002,"Credit, leverage, collateral, and monetary policy",PDF001,C4_Q03,variables_parameters,validated_paraphrase,6. Mechanism III
CLM_C4_Q03_002,Unbalanced growth and overvaluation,PDF001,C4_Q03,variables_parameters,validated_paraphrase,6. Mechanism III
CLM_C4_Q03_002,Debt rollover and dynamic efficiency,PDF001,C4_Q03,variables_parameters,validated_paraphrase,6. Mechanism III
CLM_C4_Q03_003,Definitions and conceptual separations,PDF008,C4_Q03,variables_parameters,validated_paraphrase,3. Conceptual objects
CLM_C4_Q03_003,Asset-price and wealth-measurement claims,PDF008,C4_Q03,variables_parameters,validated_paraphrase,3. Conceptual objects
CLM_C4_Q03_003,Growth and capital-formation mechanisms,PDF008,C4_Q03,variables_parameters,validated_paraphrase,3. Conceptual objects
CLM_C4_Q03_003,"Credit, leverage, collateral, and monetary policy",PDF008,C4_Q03,variables_parameters,validated_paraphrase,3. Conceptual objects
CLM_C4_Q03_003,Unbalanced growth and overvaluation,PDF008,C4_Q03,variables_parameters,validated_paraphrase,3. Conceptual objects
CLM_C4_Q03_003,Debt rollover and dynamic efficiency,PDF008,C4_Q03,variables_parameters,validated_paraphrase,3. Conceptual objects
CLM_C4_Q03_004,Definitions and conceptual separations,PDF012,C4_Q03,variables_parameters,validated_paraphrase,1. Introduction
CLM_C4_Q03_004,Growth and capital-formation mechanisms,PDF012,C4_Q03,variables_parameters,validated_paraphrase,1. Introduction
CLM_C4_Q03_004,"Credit, leverage, collateral, and monetary policy",PDF012,C4_Q03,variables_parameters,validated_paraphrase,1. Introduction
CLM_C4_Q03_004,Unbalanced growth and overvaluation,PDF012,C4_Q03,variables_parameters,validated_paraphrase,1. Introduction
CLM_C4_Q03_004,Debt rollover and dynamic efficiency,PDF012,C4_Q03,variables_parameters,validated_paraphrase,1. Introduction
CLM_C4_Q03_004,Wobbly dynamics and endogenous instability,PDF012,C4_Q03,variables_parameters,validated_paraphrase,1. Introduction
CLM_C4_Q04_001,Growth and capital-formation mechanisms,MULTI,C4_Q04,variables_parameters,needs_page,1. Introduction
CLM_C4_Q04_001,"Credit, leverage, collateral, and monetary policy",MULTI,C4_Q04,variables_parameters,needs_page,1. Introduction
CLM_C4_Q04_001,Debt rollover and dynamic efficiency,MULTI,C4_Q04,variables_parameters,needs_page,1. Introduction
CLM_C4_Q04_002,"Credit, leverage, collateral, and monetary policy",PDF001,C4_Q04,variables_parameters,validated_paraphrase,6. Mechanism III
CLM_C4_Q04_002,Unbalanced growth and overvaluation,PDF001,C4_Q04,variables_parameters,validated_paraphrase,6. Mechanism III
CLM_C4_Q04_002,Debt rollover and dynamic efficiency,PDF001,C4_Q04,variables_parameters,validated_paraphrase,6. Mechanism III
CLM_C4_Q04_003,Definitions and conceptual separations,PDF008,C4_Q04,variables_parameters,validated_paraphrase,3. Conceptual objects
CLM_C4_Q04_003,Asset-price and wealth-measurement claims,PDF008,C4_Q04,variables_parameters,validated_paraphrase,3. Conceptual objects
CLM_C4_Q04_003,Growth and capital-formation mechanisms,PDF008,C4_Q04,variables_parameters,validated_paraphrase,3. Conceptual objects
CLM_C4_Q04_003,"Credit, leverage, collateral, and monetary policy",PDF008,C4_Q04,variables_parameters,validated_paraphrase,3. Conceptual objects
CLM_C4_Q04_003,Unbalanced growth and overvaluation,PDF008,C4_Q04,variables_parameters,validated_paraphrase,3. Conceptual objects
CLM_C4_Q04_003,Debt rollover and dynamic efficiency,PDF008,C4_Q04,variables_parameters,validated_paraphrase,3. Conceptual objects
CLM_C4_Q04_004,Definitions and conceptual separations,PDF012,C4_Q04,variables_parameters,validated_paraphrase,1. Introduction
CLM_C4_Q04_004,Growth and capital-formation mechanisms,PDF012,C4_Q04,variables_parameters,validated_paraphrase,1. Introduction
CLM_C4_Q04_004,"Credit, leverage, collateral, and monetary policy",PDF012,C4_Q04,variables_parameters,validated_paraphrase,1. Introduction
CLM_C4_Q04_004,Unbalanced growth and overvaluation,PDF012,C4_Q04,variables_parameters,validated_paraphrase,1. Introduction
CLM_C4_Q04_004,Debt rollover and dynamic efficiency,PDF012,C4_Q04,variables_parameters,validated_paraphrase,1. Introduction
CLM_C4_Q04_004,Wobbly dynamics and endogenous instability,PDF012,C4_Q04,variables_parameters,validated_paraphrase,1. Introduction
CLM_C4_Q05_001,Debt rollover and dynamic efficiency,MULTI,C4_Q05,variables_parameters,needs_page,1. Introduction
CLM_C4_Q05_001,Critical adaptation to urban land-rent financialization in Latin America,MULTI,C4_Q05,variables_parameters,needs_page,1. Introduction
CLM_C4_Q05_002,"Credit, leverage, collateral, and monetary policy",PDF001,C4_Q05,variables_parameters,validated_paraphrase,6. Mechanism III
CLM_C4_Q05_002,Unbalanced growth and overvaluation,PDF001,C4_Q05,variables_parameters,validated_paraphrase,6. Mechanism III
CLM_C4_Q05_002,Debt rollover and dynamic efficiency,PDF001,C4_Q05,variables_parameters,validated_paraphrase,6. Mechanism III
CLM_C4_Q05_003,Definitions and conceptual separations,PDF008,C4_Q05,variables_parameters,validated_paraphrase,3. Conceptual objects
CLM_C4_Q05_003,Asset-price and wealth-measurement claims,PDF008,C4_Q05,variables_parameters,validated_paraphrase,3. Conceptual objects
CLM_C4_Q05_003,Growth and capital-formation mechanisms,PDF008,C4_Q05,variables_parameters,validated_paraphrase,3. Conceptual objects
CLM_C4_Q05_003,"Credit, leverage, collateral, and monetary policy",PDF008,C4_Q05,variables_parameters,validated_paraphrase,3. Conceptual objects
CLM_C4_Q05_003,Unbalanced growth and overvaluation,PDF008,C4_Q05,variables_parameters,validated_paraphrase,3. Conceptual objects
CLM_C4_Q05_003,Debt rollover and dynamic efficiency,PDF008,C4_Q05,variables_parameters,validated_paraphrase,3. Conceptual objects
CLM_C4_Q05_004,Definitions and conceptual separations,PDF012,C4_Q05,variables_parameters,validated_paraphrase,1. Introduction
CLM_C4_Q05_004,Growth and capital-formation mechanisms,PDF012,C4_Q05,variables_parameters,validated_paraphrase,1. Introduction
CLM_C4_Q05_004,"Credit, leverage, collateral, and monetary policy",PDF012,C4_Q05,variables_parameters,validated_paraphrase,1. Introduction
CLM_C4_Q05_004,Unbalanced growth and overvaluation,PDF012,C4_Q05,variables_parameters,validated_paraphrase,1. Introduction
CLM_C4_Q05_004,Debt rollover and dynamic efficiency,PDF012,C4_Q05,variables_parameters,validated_paraphrase,1. Introduction
CLM_C4_Q05_004,Wobbly dynamics and endogenous instability,PDF012,C4_Q05,variables_parameters,validated_paraphrase,1. Introduction
CLM_C5_Q01_001,Growth and capital-formation mechanisms,MULTI,C5_Q01,variables_parameters,needs_page,1. Introduction
CLM_C5_Q01_001,"Credit, leverage, collateral, and monetary policy",MULTI,C5_Q01,variables_parameters,needs_page,1. Introduction
CLM_C5_Q01_001,Debt rollover and dynamic efficiency,MULTI,C5_Q01,variables_parameters,needs_page,1. Introduction
CLM_C5_Q01_002,Growth and capital-formation mechanisms,PDF002,C5_Q01,causality,validated_paraphrase,1. Introduction
CLM_C5_Q01_002,"Credit, leverage, collateral, and monetary policy",PDF002,C5_Q01,causality,validated_paraphrase,1. Introduction
CLM_C5_Q01_002,Debt rollover and dynamic efficiency,PDF002,C5_Q01,causality,validated_paraphrase,1. Introduction
CLM_C5_Q01_003,Growth and capital-formation mechanisms,PDF014,C5_Q01,causality,validated_paraphrase,1. Introduction
CLM_C5_Q01_003,"Credit, leverage, collateral, and monetary policy",PDF014,C5_Q01,causality,validated_paraphrase,1. Introduction
CLM_C5_Q01_003,Debt rollover and dynamic efficiency,PDF014,C5_Q01,causality,validated_paraphrase,1. Introduction
CLM_C5_Q02_001,Debt rollover and dynamic efficiency,MULTI,C5_Q02,variables_parameters,needs_page,7. Mechanism IV
CLM_C5_Q02_002,Growth and capital-formation mechanisms,PDF002,C5_Q02,causality,validated_paraphrase,1. Introduction
CLM_C5_Q02_002,"Credit, leverage, collateral, and monetary policy",PDF002,C5_Q02,causality,validated_paraphrase,1. Introduction
CLM_C5_Q02_002,Debt rollover and dynamic efficiency,PDF002,C5_Q02,causality,validated_paraphrase,1. Introduction
CLM_C5_Q02_003,Growth and capital-formation mechanisms,PDF014,C5_Q02,causality,validated_paraphrase,1. Introduction
CLM_C5_Q02_003,"Credit, leverage, collateral, and monetary policy",PDF014,C5_Q02,causality,validated_paraphrase,1. Introduction
CLM_C5_Q02_003,Debt rollover and dynamic efficiency,PDF014,C5_Q02,causality,validated_paraphrase,1. Introduction
CLM_C5_Q03_001,Growth and capital-formation mechanisms,MULTI,C5_Q03,variables_parameters,needs_page,1. Introduction
CLM_C5_Q03_001,"Credit, leverage, collateral, and monetary policy",MULTI,C5_Q03,variables_parameters,needs_page,1. Introduction
CLM_C5_Q03_001,Debt rollover and dynamic efficiency,MULTI,C5_Q03,variables_parameters,needs_page,1. Introduction
CLM_C5_Q03_002,Growth and capital-formation mechanisms,PDF002,C5_Q03,causality,validated_paraphrase,1. Introduction
CLM_C5_Q03_002,"Credit, leverage, collateral, and monetary policy",PDF002,C5_Q03,causality,validated_paraphrase,1. Introduction
CLM_C5_Q03_002,Debt rollover and dynamic efficiency,PDF002,C5_Q03,causality,validated_paraphrase,1. Introduction
CLM_C5_Q03_003,Growth and capital-formation mechanisms,PDF014,C5_Q03,causality,validated_paraphrase,1. Introduction
CLM_C5_Q03_003,"Credit, leverage, collateral, and monetary policy",PDF014,C5_Q03,causality,validated_paraphrase,1. Introduction
CLM_C5_Q03_003,Debt rollover and dynamic efficiency,PDF014,C5_Q03,causality,validated_paraphrase,1. Introduction
CLM_C5_Q04_001,Growth and capital-formation mechanisms,MULTI,C5_Q04,variables_parameters,needs_page,1. Introduction
CLM_C5_Q04_001,"Credit, leverage, collateral, and monetary policy",MULTI,C5_Q04,variables_parameters,needs_page,1. Introduction
CLM_C5_Q04_001,Debt rollover and dynamic efficiency,MULTI,C5_Q04,variables_parameters,needs_page,1. Introduction
CLM_C5_Q04_002,Growth and capital-formation mechanisms,PDF002,C5_Q04,causality,validated_paraphrase,1. Introduction
CLM_C5_Q04_002,"Credit, leverage, collateral, and monetary policy",PDF002,C5_Q04,causality,validated_paraphrase,1. Introduction
CLM_C5_Q04_002,Debt rollover and dynamic efficiency,PDF002,C5_Q04,causality,validated_paraphrase,1. Introduction
CLM_C5_Q04_003,Growth and capital-formation mechanisms,PDF014,C5_Q04,causality,validated_paraphrase,1. Introduction
CLM_C5_Q04_003,"Credit, leverage, collateral, and monetary policy",PDF014,C5_Q04,causality,validated_paraphrase,1. Introduction
CLM_C5_Q04_003,Debt rollover and dynamic efficiency,PDF014,C5_Q04,causality,validated_paraphrase,1. Introduction
CLM_C5_Q05_001,Growth and capital-formation mechanisms,MULTI,C5_Q05,variables_parameters,needs_page,1. Introduction
CLM_C5_Q05_001,"Credit, leverage, collateral, and monetary policy",MULTI,C5_Q05,variables_parameters,needs_page,1. Introduction
CLM_C5_Q05_001,Debt rollover and dynamic efficiency,MULTI,C5_Q05,variables_parameters,needs_page,1. Introduction
CLM_C5_Q05_002,Growth and capital-formation mechanisms,PDF002,C5_Q05,causality,validated_paraphrase,1. Introduction
CLM_C5_Q05_002,"Credit, leverage, collateral, and monetary policy",PDF002,C5_Q05,causality,validated_paraphrase,1. Introduction
CLM_C5_Q05_002,Debt rollover and dynamic efficiency,PDF002,C5_Q05,causality,validated_paraphrase,1. Introduction
CLM_C5_Q05_003,Growth and capital-formation mechanisms,PDF014,C5_Q05,causality,validated_paraphrase,1. Introduction
CLM_C5_Q05_003,"Credit, leverage, collateral, and monetary policy",PDF014,C5_Q05,causality,validated_paraphrase,1. Introduction
CLM_C5_Q05_003,Debt rollover and dynamic efficiency,PDF014,C5_Q05,causality,validated_paraphrase,1. Introduction
CLM_C6_Q01_001,Growth and capital-formation mechanisms,MULTI,C6_Q01,variables_parameters,needs_page,1. Introduction
CLM_C6_Q01_001,"Credit, leverage, collateral, and monetary policy",MULTI,C6_Q01,variables_parameters,needs_page,1. Introduction
CLM_C6_Q01_001,Debt rollover and dynamic efficiency,MULTI,C6_Q01,variables_parameters,needs_page,1. Introduction
CLM_C6_Q01_002,"Credit, leverage, collateral, and monetary policy",PDF001,C6_Q01,variables_parameters,validated_paraphrase,6. Mechanism III
CLM_C6_Q01_002,Unbalanced growth and overvaluation,PDF001,C6_Q01,variables_parameters,validated_paraphrase,6. Mechanism III
CLM_C6_Q01_002,Debt rollover and dynamic efficiency,PDF001,C6_Q01,variables_parameters,validated_paraphrase,6. Mechanism III
CLM_C6_Q01_003,Growth and capital-formation mechanisms,PDF002,C6_Q01,causality,validated_paraphrase,1. Introduction
CLM_C6_Q01_003,"Credit, leverage, collateral, and monetary policy",PDF002,C6_Q01,causality,validated_paraphrase,1. Introduction
CLM_C6_Q01_003,Debt rollover and dynamic efficiency,PDF002,C6_Q01,causality,validated_paraphrase,1. Introduction
CLM_C6_Q01_004,Definitions and conceptual separations,PDF003,C6_Q01,variables_parameters,validated_paraphrase,4. Mechanism I
CLM_C6_Q01_004,Growth and capital-formation mechanisms,PDF003,C6_Q01,variables_parameters,validated_paraphrase,4. Mechanism I
CLM_C6_Q01_004,"Credit, leverage, collateral, and monetary policy",PDF003,C6_Q01,variables_parameters,validated_paraphrase,4. Mechanism I
CLM_C6_Q01_004,Debt rollover and dynamic efficiency,PDF003,C6_Q01,variables_parameters,validated_paraphrase,4. Mechanism I
CLM_C6_Q01_004,Wobbly dynamics and endogenous instability,PDF003,C6_Q01,variables_parameters,validated_paraphrase,4. Mechanism I
CLM_C6_Q01_005,Growth and capital-formation mechanisms,PDF004,C6_Q01,variables_parameters,validated_paraphrase,5. Mechanism II
CLM_C6_Q01_005,"Credit, leverage, collateral, and monetary policy",PDF004,C6_Q01,variables_parameters,validated_paraphrase,5. Mechanism II
CLM_C6_Q01_005,Debt rollover and dynamic efficiency,PDF004,C6_Q01,variables_parameters,validated_paraphrase,5. Mechanism II
CLM_C6_Q01_005,Wobbly dynamics and endogenous instability,PDF004,C6_Q01,variables_parameters,validated_paraphrase,5. Mechanism II
CLM_C6_Q01_006,Definitions and conceptual separations,PDF005,C6_Q01,variables_parameters,validated_paraphrase,3. Conceptual objects
CLM_C6_Q01_006,Growth and capital-formation mechanisms,PDF005,C6_Q01,variables_parameters,validated_paraphrase,3. Conceptual objects
CLM_C6_Q01_006,Debt rollover and dynamic efficiency,PDF005,C6_Q01,variables_parameters,validated_paraphrase,3. Conceptual objects
CLM_C6_Q01_006,Policy and institutional implications,PDF005,C6_Q01,variables_parameters,validated_paraphrase,3. Conceptual objects
CLM_C6_Q01_007,Unbalanced growth and overvaluation,PDF006,C6_Q01,variables_parameters,validated_paraphrase,8. Wobbly dynamics
CLM_C6_Q01_007,Debt rollover and dynamic efficiency,PDF006,C6_Q01,variables_parameters,validated_paraphrase,8. Wobbly dynamics
CLM_C6_Q01_007,Wobbly dynamics and endogenous instability,PDF006,C6_Q01,variables_parameters,validated_paraphrase,8. Wobbly dynamics
CLM_C6_Q01_008,Definitions and conceptual separations,PDF007,C6_Q01,causality,validated_paraphrase,3. Conceptual objects
CLM_C6_Q01_008,Growth and capital-formation mechanisms,PDF007,C6_Q01,causality,validated_paraphrase,3. Conceptual objects
CLM_C6_Q01_008,"Credit, leverage, collateral, and monetary policy",PDF007,C6_Q01,causality,validated_paraphrase,3. Conceptual objects
CLM_C6_Q01_008,Unbalanced growth and overvaluation,PDF007,C6_Q01,causality,validated_paraphrase,3. Conceptual objects
CLM_C6_Q01_008,Debt rollover and dynamic efficiency,PDF007,C6_Q01,causality,validated_paraphrase,3. Conceptual objects
CLM_C6_Q01_009,Definitions and conceptual separations,PDF008,C6_Q01,variables_parameters,validated_paraphrase,3. Conceptual objects
CLM_C6_Q01_009,Asset-price and wealth-measurement claims,PDF008,C6_Q01,variables_parameters,validated_paraphrase,3. Conceptual objects
CLM_C6_Q01_009,Growth and capital-formation mechanisms,PDF008,C6_Q01,variables_parameters,validated_paraphrase,3. Conceptual objects
CLM_C6_Q01_009,"Credit, leverage, collateral, and monetary policy",PDF008,C6_Q01,variables_parameters,validated_paraphrase,3. Conceptual objects
CLM_C6_Q01_009,Unbalanced growth and overvaluation,PDF008,C6_Q01,variables_parameters,validated_paraphrase,3. Conceptual objects
CLM_C6_Q01_009,Debt rollover and dynamic efficiency,PDF008,C6_Q01,variables_parameters,validated_paraphrase,3. Conceptual objects
CLM_C6_Q01_010,Definitions and conceptual separations,PDF009,C6_Q01,causality,validated_paraphrase,3. Conceptual objects
CLM_C6_Q01_010,Asset-price and wealth-measurement claims,PDF009,C6_Q01,causality,validated_paraphrase,3. Conceptual objects
CLM_C6_Q01_010,Growth and capital-formation mechanisms,PDF009,C6_Q01,causality,validated_paraphrase,3. Conceptual objects
CLM_C6_Q01_010,"Credit, leverage, collateral, and monetary policy",PDF009,C6_Q01,causality,validated_paraphrase,3. Conceptual objects
CLM_C6_Q01_010,Unbalanced growth and overvaluation,PDF009,C6_Q01,causality,validated_paraphrase,3. Conceptual objects
CLM_C6_Q01_010,Debt rollover and dynamic efficiency,PDF009,C6_Q01,causality,validated_paraphrase,3. Conceptual objects
CLM_C6_Q01_011,Definitions and conceptual separations,PDF010,C6_Q01,variables_parameters,validated_paraphrase,3. Conceptual objects
CLM_C6_Q01_011,Asset-price and wealth-measurement claims,PDF010,C6_Q01,variables_parameters,validated_paraphrase,3. Conceptual objects
CLM_C6_Q01_011,Growth and capital-formation mechanisms,PDF010,C6_Q01,variables_parameters,validated_paraphrase,3. Conceptual objects
CLM_C6_Q01_011,"Credit, leverage, collateral, and monetary policy",PDF010,C6_Q01,variables_parameters,validated_paraphrase,3. Conceptual objects
CLM_C6_Q01_011,Debt rollover and dynamic efficiency,PDF010,C6_Q01,variables_parameters,validated_paraphrase,3. Conceptual objects
CLM_C6_Q01_012,Definitions and conceptual separations,PDF011,C6_Q01,variables_parameters,validated_paraphrase,3. Conceptual objects
CLM_C6_Q01_012,Asset-price and wealth-measurement claims,PDF011,C6_Q01,variables_parameters,validated_paraphrase,3. Conceptual objects
CLM_C6_Q01_012,Growth and capital-formation mechanisms,PDF011,C6_Q01,variables_parameters,validated_paraphrase,3. Conceptual objects
CLM_C6_Q01_012,"Credit, leverage, collateral, and monetary policy",PDF011,C6_Q01,variables_parameters,validated_paraphrase,3. Conceptual objects
CLM_C6_Q01_012,Debt rollover and dynamic efficiency,PDF011,C6_Q01,variables_parameters,validated_paraphrase,3. Conceptual objects
CLM_C6_Q01_013,Definitions and conceptual separations,PDF012,C6_Q01,variables_parameters,validated_paraphrase,1. Introduction
CLM_C6_Q01_013,Growth and capital-formation mechanisms,PDF012,C6_Q01,variables_parameters,validated_paraphrase,1. Introduction
CLM_C6_Q01_013,"Credit, leverage, collateral, and monetary policy",PDF012,C6_Q01,variables_parameters,validated_paraphrase,1. Introduction
CLM_C6_Q01_013,Unbalanced growth and overvaluation,PDF012,C6_Q01,variables_parameters,validated_paraphrase,1. Introduction
CLM_C6_Q01_013,Debt rollover and dynamic efficiency,PDF012,C6_Q01,variables_parameters,validated_paraphrase,1. Introduction
CLM_C6_Q01_013,Wobbly dynamics and endogenous instability,PDF012,C6_Q01,variables_parameters,validated_paraphrase,1. Introduction
CLM_C6_Q01_014,Growth and capital-formation mechanisms,PDF013,C6_Q01,variables_parameters,validated_paraphrase,5. Mechanism II
CLM_C6_Q01_014,"Credit, leverage, collateral, and monetary policy",PDF013,C6_Q01,variables_parameters,validated_paraphrase,5. Mechanism II
CLM_C6_Q01_014,Debt rollover and dynamic efficiency,PDF013,C6_Q01,variables_parameters,validated_paraphrase,5. Mechanism II
CLM_C6_Q01_015,Growth and capital-formation mechanisms,PDF014,C6_Q01,causality,validated_paraphrase,1. Introduction
CLM_C6_Q01_015,"Credit, leverage, collateral, and monetary policy",PDF014,C6_Q01,causality,validated_paraphrase,1. Introduction
CLM_C6_Q01_015,Debt rollover and dynamic efficiency,PDF014,C6_Q01,causality,validated_paraphrase,1. Introduction
CLM_C6_Q02_001,Growth and capital-formation mechanisms,MULTI,C6_Q02,variables_parameters,needs_page,1. Introduction
CLM_C6_Q02_001,"Credit, leverage, collateral, and monetary policy",MULTI,C6_Q02,variables_parameters,needs_page,1. Introduction
CLM_C6_Q02_001,Debt rollover and dynamic efficiency,MULTI,C6_Q02,variables_parameters,needs_page,1. Introduction
CLM_C6_Q02_002,"Credit, leverage, collateral, and monetary policy",PDF001,C6_Q02,variables_parameters,validated_paraphrase,6. Mechanism III
CLM_C6_Q02_002,Unbalanced growth and overvaluation,PDF001,C6_Q02,variables_parameters,validated_paraphrase,6. Mechanism III
CLM_C6_Q02_002,Debt rollover and dynamic efficiency,PDF001,C6_Q02,variables_parameters,validated_paraphrase,6. Mechanism III
CLM_C6_Q02_003,Growth and capital-formation mechanisms,PDF002,C6_Q02,causality,validated_paraphrase,1. Introduction
CLM_C6_Q02_003,"Credit, leverage, collateral, and monetary policy",PDF002,C6_Q02,causality,validated_paraphrase,1. Introduction
CLM_C6_Q02_003,Debt rollover and dynamic efficiency,PDF002,C6_Q02,causality,validated_paraphrase,1. Introduction
CLM_C6_Q02_004,Definitions and conceptual separations,PDF003,C6_Q02,variables_parameters,validated_paraphrase,4. Mechanism I
CLM_C6_Q02_004,Growth and capital-formation mechanisms,PDF003,C6_Q02,variables_parameters,validated_paraphrase,4. Mechanism I
CLM_C6_Q02_004,"Credit, leverage, collateral, and monetary policy",PDF003,C6_Q02,variables_parameters,validated_paraphrase,4. Mechanism I
CLM_C6_Q02_004,Debt rollover and dynamic efficiency,PDF003,C6_Q02,variables_parameters,validated_paraphrase,4. Mechanism I
CLM_C6_Q02_004,Wobbly dynamics and endogenous instability,PDF003,C6_Q02,variables_parameters,validated_paraphrase,4. Mechanism I
CLM_C6_Q02_005,Growth and capital-formation mechanisms,PDF004,C6_Q02,variables_parameters,validated_paraphrase,5. Mechanism II
CLM_C6_Q02_005,"Credit, leverage, collateral, and monetary policy",PDF004,C6_Q02,variables_parameters,validated_paraphrase,5. Mechanism II
CLM_C6_Q02_005,Debt rollover and dynamic efficiency,PDF004,C6_Q02,variables_parameters,validated_paraphrase,5. Mechanism II
CLM_C6_Q02_005,Wobbly dynamics and endogenous instability,PDF004,C6_Q02,variables_parameters,validated_paraphrase,5. Mechanism II
CLM_C6_Q02_006,Definitions and conceptual separations,PDF005,C6_Q02,variables_parameters,validated_paraphrase,3. Conceptual objects
CLM_C6_Q02_006,Growth and capital-formation mechanisms,PDF005,C6_Q02,variables_parameters,validated_paraphrase,3. Conceptual objects
CLM_C6_Q02_006,Debt rollover and dynamic efficiency,PDF005,C6_Q02,variables_parameters,validated_paraphrase,3. Conceptual objects
CLM_C6_Q02_006,Policy and institutional implications,PDF005,C6_Q02,variables_parameters,validated_paraphrase,3. Conceptual objects
CLM_C6_Q02_007,Unbalanced growth and overvaluation,PDF006,C6_Q02,variables_parameters,validated_paraphrase,8. Wobbly dynamics
CLM_C6_Q02_007,Debt rollover and dynamic efficiency,PDF006,C6_Q02,variables_parameters,validated_paraphrase,8. Wobbly dynamics
CLM_C6_Q02_007,Wobbly dynamics and endogenous instability,PDF006,C6_Q02,variables_parameters,validated_paraphrase,8. Wobbly dynamics
CLM_C6_Q02_008,Definitions and conceptual separations,PDF007,C6_Q02,causality,validated_paraphrase,3. Conceptual objects
CLM_C6_Q02_008,Growth and capital-formation mechanisms,PDF007,C6_Q02,causality,validated_paraphrase,3. Conceptual objects
CLM_C6_Q02_008,"Credit, leverage, collateral, and monetary policy",PDF007,C6_Q02,causality,validated_paraphrase,3. Conceptual objects
CLM_C6_Q02_008,Unbalanced growth and overvaluation,PDF007,C6_Q02,causality,validated_paraphrase,3. Conceptual objects
CLM_C6_Q02_008,Debt rollover and dynamic efficiency,PDF007,C6_Q02,causality,validated_paraphrase,3. Conceptual objects
CLM_C6_Q02_009,Definitions and conceptual separations,PDF008,C6_Q02,variables_parameters,validated_paraphrase,3. Conceptual objects
CLM_C6_Q02_009,Asset-price and wealth-measurement claims,PDF008,C6_Q02,variables_parameters,validated_paraphrase,3. Conceptual objects
CLM_C6_Q02_009,Growth and capital-formation mechanisms,PDF008,C6_Q02,variables_parameters,validated_paraphrase,3. Conceptual objects
CLM_C6_Q02_009,"Credit, leverage, collateral, and monetary policy",PDF008,C6_Q02,variables_parameters,validated_paraphrase,3. Conceptual objects
CLM_C6_Q02_009,Unbalanced growth and overvaluation,PDF008,C6_Q02,variables_parameters,validated_paraphrase,3. Conceptual objects
CLM_C6_Q02_009,Debt rollover and dynamic efficiency,PDF008,C6_Q02,variables_parameters,validated_paraphrase,3. Conceptual objects
CLM_C6_Q02_010,Definitions and conceptual separations,PDF009,C6_Q02,causality,validated_paraphrase,3. Conceptual objects
CLM_C6_Q02_010,Asset-price and wealth-measurement claims,PDF009,C6_Q02,causality,validated_paraphrase,3. Conceptual objects
CLM_C6_Q02_010,Growth and capital-formation mechanisms,PDF009,C6_Q02,causality,validated_paraphrase,3. Conceptual objects
CLM_C6_Q02_010,"Credit, leverage, collateral, and monetary policy",PDF009,C6_Q02,causality,validated_paraphrase,3. Conceptual objects
CLM_C6_Q02_010,Unbalanced growth and overvaluation,PDF009,C6_Q02,causality,validated_paraphrase,3. Conceptual objects
CLM_C6_Q02_010,Debt rollover and dynamic efficiency,PDF009,C6_Q02,causality,validated_paraphrase,3. Conceptual objects
CLM_C6_Q02_011,Definitions and conceptual separations,PDF010,C6_Q02,variables_parameters,validated_paraphrase,3. Conceptual objects
CLM_C6_Q02_011,Asset-price and wealth-measurement claims,PDF010,C6_Q02,variables_parameters,validated_paraphrase,3. Conceptual objects
CLM_C6_Q02_011,Growth and capital-formation mechanisms,PDF010,C6_Q02,variables_parameters,validated_paraphrase,3. Conceptual objects
CLM_C6_Q02_011,"Credit, leverage, collateral, and monetary policy",PDF010,C6_Q02,variables_parameters,validated_paraphrase,3. Conceptual objects
CLM_C6_Q02_011,Debt rollover and dynamic efficiency,PDF010,C6_Q02,variables_parameters,validated_paraphrase,3. Conceptual objects
CLM_C6_Q02_012,Definitions and conceptual separations,PDF011,C6_Q02,variables_parameters,validated_paraphrase,3. Conceptual objects
CLM_C6_Q02_012,Asset-price and wealth-measurement claims,PDF011,C6_Q02,variables_parameters,validated_paraphrase,3. Conceptual objects
CLM_C6_Q02_012,Growth and capital-formation mechanisms,PDF011,C6_Q02,variables_parameters,validated_paraphrase,3. Conceptual objects
CLM_C6_Q02_012,"Credit, leverage, collateral, and monetary policy",PDF011,C6_Q02,variables_parameters,validated_paraphrase,3. Conceptual objects
CLM_C6_Q02_012,Debt rollover and dynamic efficiency,PDF011,C6_Q02,variables_parameters,validated_paraphrase,3. Conceptual objects
CLM_C6_Q02_013,Definitions and conceptual separations,PDF012,C6_Q02,variables_parameters,validated_paraphrase,1. Introduction
CLM_C6_Q02_013,Growth and capital-formation mechanisms,PDF012,C6_Q02,variables_parameters,validated_paraphrase,1. Introduction
CLM_C6_Q02_013,"Credit, leverage, collateral, and monetary policy",PDF012,C6_Q02,variables_parameters,validated_paraphrase,1. Introduction
CLM_C6_Q02_013,Unbalanced growth and overvaluation,PDF012,C6_Q02,variables_parameters,validated_paraphrase,1. Introduction
CLM_C6_Q02_013,Debt rollover and dynamic efficiency,PDF012,C6_Q02,variables_parameters,validated_paraphrase,1. Introduction
CLM_C6_Q02_013,Wobbly dynamics and endogenous instability,PDF012,C6_Q02,variables_parameters,validated_paraphrase,1. Introduction
CLM_C6_Q02_014,Growth and capital-formation mechanisms,PDF013,C6_Q02,variables_parameters,validated_paraphrase,5. Mechanism II
CLM_C6_Q02_014,"Credit, leverage, collateral, and monetary policy",PDF013,C6_Q02,variables_parameters,validated_paraphrase,5. Mechanism II
CLM_C6_Q02_014,Debt rollover and dynamic efficiency,PDF013,C6_Q02,variables_parameters,validated_paraphrase,5. Mechanism II
CLM_C6_Q02_015,Growth and capital-formation mechanisms,PDF014,C6_Q02,causality,validated_paraphrase,1. Introduction
CLM_C6_Q02_015,"Credit, leverage, collateral, and monetary policy",PDF014,C6_Q02,causality,validated_paraphrase,1. Introduction
CLM_C6_Q02_015,Debt rollover and dynamic efficiency,PDF014,C6_Q02,causality,validated_paraphrase,1. Introduction
CLM_C6_Q03_001,Growth and capital-formation mechanisms,MULTI,C6_Q03,variables_parameters,needs_page,1. Introduction
CLM_C6_Q03_001,"Credit, leverage, collateral, and monetary policy",MULTI,C6_Q03,variables_parameters,needs_page,1. Introduction
CLM_C6_Q03_001,Debt rollover and dynamic efficiency,MULTI,C6_Q03,variables_parameters,needs_page,1. Introduction
CLM_C6_Q03_002,"Credit, leverage, collateral, and monetary policy",PDF001,C6_Q03,variables_parameters,validated_paraphrase,6. Mechanism III
CLM_C6_Q03_002,Unbalanced growth and overvaluation,PDF001,C6_Q03,variables_parameters,validated_paraphrase,6. Mechanism III
CLM_C6_Q03_002,Debt rollover and dynamic efficiency,PDF001,C6_Q03,variables_parameters,validated_paraphrase,6. Mechanism III
CLM_C6_Q03_003,Growth and capital-formation mechanisms,PDF002,C6_Q03,causality,validated_paraphrase,1. Introduction
CLM_C6_Q03_003,"Credit, leverage, collateral, and monetary policy",PDF002,C6_Q03,causality,validated_paraphrase,1. Introduction
CLM_C6_Q03_003,Debt rollover and dynamic efficiency,PDF002,C6_Q03,causality,validated_paraphrase,1. Introduction
CLM_C6_Q03_004,Definitions and conceptual separations,PDF003,C6_Q03,variables_parameters,validated_paraphrase,4. Mechanism I
CLM_C6_Q03_004,Growth and capital-formation mechanisms,PDF003,C6_Q03,variables_parameters,validated_paraphrase,4. Mechanism I
CLM_C6_Q03_004,"Credit, leverage, collateral, and monetary policy",PDF003,C6_Q03,variables_parameters,validated_paraphrase,4. Mechanism I
CLM_C6_Q03_004,Debt rollover and dynamic efficiency,PDF003,C6_Q03,variables_parameters,validated_paraphrase,4. Mechanism I
CLM_C6_Q03_004,Wobbly dynamics and endogenous instability,PDF003,C6_Q03,variables_parameters,validated_paraphrase,4. Mechanism I
CLM_C6_Q03_005,Growth and capital-formation mechanisms,PDF004,C6_Q03,variables_parameters,validated_paraphrase,5. Mechanism II
CLM_C6_Q03_005,"Credit, leverage, collateral, and monetary policy",PDF004,C6_Q03,variables_parameters,validated_paraphrase,5. Mechanism II
CLM_C6_Q03_005,Debt rollover and dynamic efficiency,PDF004,C6_Q03,variables_parameters,validated_paraphrase,5. Mechanism II
CLM_C6_Q03_005,Wobbly dynamics and endogenous instability,PDF004,C6_Q03,variables_parameters,validated_paraphrase,5. Mechanism II
CLM_C6_Q03_006,Definitions and conceptual separations,PDF005,C6_Q03,variables_parameters,validated_paraphrase,3. Conceptual objects
CLM_C6_Q03_006,Growth and capital-formation mechanisms,PDF005,C6_Q03,variables_parameters,validated_paraphrase,3. Conceptual objects
CLM_C6_Q03_006,Debt rollover and dynamic efficiency,PDF005,C6_Q03,variables_parameters,validated_paraphrase,3. Conceptual objects
CLM_C6_Q03_006,Policy and institutional implications,PDF005,C6_Q03,variables_parameters,validated_paraphrase,3. Conceptual objects
CLM_C6_Q03_007,Unbalanced growth and overvaluation,PDF006,C6_Q03,variables_parameters,validated_paraphrase,8. Wobbly dynamics
CLM_C6_Q03_007,Debt rollover and dynamic efficiency,PDF006,C6_Q03,variables_parameters,validated_paraphrase,8. Wobbly dynamics
CLM_C6_Q03_007,Wobbly dynamics and endogenous instability,PDF006,C6_Q03,variables_parameters,validated_paraphrase,8. Wobbly dynamics
CLM_C6_Q03_008,Definitions and conceptual separations,PDF007,C6_Q03,causality,validated_paraphrase,3. Conceptual objects
CLM_C6_Q03_008,Growth and capital-formation mechanisms,PDF007,C6_Q03,causality,validated_paraphrase,3. Conceptual objects
CLM_C6_Q03_008,"Credit, leverage, collateral, and monetary policy",PDF007,C6_Q03,causality,validated_paraphrase,3. Conceptual objects
CLM_C6_Q03_008,Unbalanced growth and overvaluation,PDF007,C6_Q03,causality,validated_paraphrase,3. Conceptual objects
CLM_C6_Q03_008,Debt rollover and dynamic efficiency,PDF007,C6_Q03,causality,validated_paraphrase,3. Conceptual objects
CLM_C6_Q03_009,Definitions and conceptual separations,PDF008,C6_Q03,variables_parameters,validated_paraphrase,3. Conceptual objects
CLM_C6_Q03_009,Asset-price and wealth-measurement claims,PDF008,C6_Q03,variables_parameters,validated_paraphrase,3. Conceptual objects
CLM_C6_Q03_009,Growth and capital-formation mechanisms,PDF008,C6_Q03,variables_parameters,validated_paraphrase,3. Conceptual objects
CLM_C6_Q03_009,"Credit, leverage, collateral, and monetary policy",PDF008,C6_Q03,variables_parameters,validated_paraphrase,3. Conceptual objects
CLM_C6_Q03_009,Unbalanced growth and overvaluation,PDF008,C6_Q03,variables_parameters,validated_paraphrase,3. Conceptual objects
CLM_C6_Q03_009,Debt rollover and dynamic efficiency,PDF008,C6_Q03,variables_parameters,validated_paraphrase,3. Conceptual objects
CLM_C6_Q03_010,Definitions and conceptual separations,PDF009,C6_Q03,causality,validated_paraphrase,3. Conceptual objects
CLM_C6_Q03_010,Asset-price and wealth-measurement claims,PDF009,C6_Q03,causality,validated_paraphrase,3. Conceptual objects
CLM_C6_Q03_010,Growth and capital-formation mechanisms,PDF009,C6_Q03,causality,validated_paraphrase,3. Conceptual objects
CLM_C6_Q03_010,"Credit, leverage, collateral, and monetary policy",PDF009,C6_Q03,causality,validated_paraphrase,3. Conceptual objects
CLM_C6_Q03_010,Unbalanced growth and overvaluation,PDF009,C6_Q03,causality,validated_paraphrase,3. Conceptual objects
CLM_C6_Q03_010,Debt rollover and dynamic efficiency,PDF009,C6_Q03,causality,validated_paraphrase,3. Conceptual objects
CLM_C6_Q03_011,Definitions and conceptual separations,PDF010,C6_Q03,variables_parameters,validated_paraphrase,3. Conceptual objects
CLM_C6_Q03_011,Asset-price and wealth-measurement claims,PDF010,C6_Q03,variables_parameters,validated_paraphrase,3. Conceptual objects
CLM_C6_Q03_011,Growth and capital-formation mechanisms,PDF010,C6_Q03,variables_parameters,validated_paraphrase,3. Conceptual objects
CLM_C6_Q03_011,"Credit, leverage, collateral, and monetary policy",PDF010,C6_Q03,variables_parameters,validated_paraphrase,3. Conceptual objects
CLM_C6_Q03_011,Debt rollover and dynamic efficiency,PDF010,C6_Q03,variables_parameters,validated_paraphrase,3. Conceptual objects
CLM_C6_Q03_012,Definitions and conceptual separations,PDF011,C6_Q03,variables_parameters,validated_paraphrase,3. Conceptual objects
CLM_C6_Q03_012,Asset-price and wealth-measurement claims,PDF011,C6_Q03,variables_parameters,validated_paraphrase,3. Conceptual objects
CLM_C6_Q03_012,Growth and capital-formation mechanisms,PDF011,C6_Q03,variables_parameters,validated_paraphrase,3. Conceptual objects
CLM_C6_Q03_012,"Credit, leverage, collateral, and monetary policy",PDF011,C6_Q03,variables_parameters,validated_paraphrase,3. Conceptual objects
CLM_C6_Q03_012,Debt rollover and dynamic efficiency,PDF011,C6_Q03,variables_parameters,validated_paraphrase,3. Conceptual objects
CLM_C6_Q03_013,Definitions and conceptual separations,PDF012,C6_Q03,variables_parameters,validated_paraphrase,1. Introduction
CLM_C6_Q03_013,Growth and capital-formation mechanisms,PDF012,C6_Q03,variables_parameters,validated_paraphrase,1. Introduction
CLM_C6_Q03_013,"Credit, leverage, collateral, and monetary policy",PDF012,C6_Q03,variables_parameters,validated_paraphrase,1. Introduction
CLM_C6_Q03_013,Unbalanced growth and overvaluation,PDF012,C6_Q03,variables_parameters,validated_paraphrase,1. Introduction
CLM_C6_Q03_013,Debt rollover and dynamic efficiency,PDF012,C6_Q03,variables_parameters,validated_paraphrase,1. Introduction
CLM_C6_Q03_013,Wobbly dynamics and endogenous instability,PDF012,C6_Q03,variables_parameters,validated_paraphrase,1. Introduction
CLM_C6_Q03_014,Growth and capital-formation mechanisms,PDF013,C6_Q03,variables_parameters,validated_paraphrase,5. Mechanism II
CLM_C6_Q03_014,"Credit, leverage, collateral, and monetary policy",PDF013,C6_Q03,variables_parameters,validated_paraphrase,5. Mechanism II
CLM_C6_Q03_014,Debt rollover and dynamic efficiency,PDF013,C6_Q03,variables_parameters,validated_paraphrase,5. Mechanism II
CLM_C6_Q03_015,Growth and capital-formation mechanisms,PDF014,C6_Q03,causality,validated_paraphrase,1. Introduction
CLM_C6_Q03_015,"Credit, leverage, collateral, and monetary policy",PDF014,C6_Q03,causality,validated_paraphrase,1. Introduction
CLM_C6_Q03_015,Debt rollover and dynamic efficiency,PDF014,C6_Q03,causality,validated_paraphrase,1. Introduction
CLM_C6_Q04_001,Debt rollover and dynamic efficiency,MULTI,C6_Q04,variables_parameters,needs_page,10. Research agenda
CLM_C6_Q04_001,Policy and institutional implications,MULTI,C6_Q04,variables_parameters,needs_page,10. Research agenda
CLM_C6_Q04_001,Critical adaptation to urban land-rent financialization in Latin America,MULTI,C6_Q04,variables_parameters,needs_page,10. Research agenda
CLM_C6_Q04_002,"Credit, leverage, collateral, and monetary policy",PDF001,C6_Q04,variables_parameters,validated_paraphrase,6. Mechanism III
CLM_C6_Q04_002,Unbalanced growth and overvaluation,PDF001,C6_Q04,variables_parameters,validated_paraphrase,6. Mechanism III
CLM_C6_Q04_002,Debt rollover and dynamic efficiency,PDF001,C6_Q04,variables_parameters,validated_paraphrase,6. Mechanism III
CLM_C6_Q04_003,Growth and capital-formation mechanisms,PDF002,C6_Q04,causality,validated_paraphrase,1. Introduction
CLM_C6_Q04_003,"Credit, leverage, collateral, and monetary policy",PDF002,C6_Q04,causality,validated_paraphrase,1. Introduction
CLM_C6_Q04_003,Debt rollover and dynamic efficiency,PDF002,C6_Q04,causality,validated_paraphrase,1. Introduction
CLM_C6_Q04_004,Definitions and conceptual separations,PDF003,C6_Q04,variables_parameters,validated_paraphrase,4. Mechanism I
CLM_C6_Q04_004,Growth and capital-formation mechanisms,PDF003,C6_Q04,variables_parameters,validated_paraphrase,4. Mechanism I
CLM_C6_Q04_004,"Credit, leverage, collateral, and monetary policy",PDF003,C6_Q04,variables_parameters,validated_paraphrase,4. Mechanism I
CLM_C6_Q04_004,Debt rollover and dynamic efficiency,PDF003,C6_Q04,variables_parameters,validated_paraphrase,4. Mechanism I
CLM_C6_Q04_004,Wobbly dynamics and endogenous instability,PDF003,C6_Q04,variables_parameters,validated_paraphrase,4. Mechanism I
CLM_C6_Q04_005,Growth and capital-formation mechanisms,PDF004,C6_Q04,variables_parameters,validated_paraphrase,5. Mechanism II
CLM_C6_Q04_005,"Credit, leverage, collateral, and monetary policy",PDF004,C6_Q04,variables_parameters,validated_paraphrase,5. Mechanism II
CLM_C6_Q04_005,Debt rollover and dynamic efficiency,PDF004,C6_Q04,variables_parameters,validated_paraphrase,5. Mechanism II
CLM_C6_Q04_005,Wobbly dynamics and endogenous instability,PDF004,C6_Q04,variables_parameters,validated_paraphrase,5. Mechanism II
CLM_C6_Q04_006,Definitions and conceptual separations,PDF005,C6_Q04,variables_parameters,validated_paraphrase,3. Conceptual objects
CLM_C6_Q04_006,Growth and capital-formation mechanisms,PDF005,C6_Q04,variables_parameters,validated_paraphrase,3. Conceptual objects
CLM_C6_Q04_006,Debt rollover and dynamic efficiency,PDF005,C6_Q04,variables_parameters,validated_paraphrase,3. Conceptual objects
CLM_C6_Q04_006,Policy and institutional implications,PDF005,C6_Q04,variables_parameters,validated_paraphrase,3. Conceptual objects
CLM_C6_Q04_007,Unbalanced growth and overvaluation,PDF006,C6_Q04,variables_parameters,validated_paraphrase,8. Wobbly dynamics
CLM_C6_Q04_007,Debt rollover and dynamic efficiency,PDF006,C6_Q04,variables_parameters,validated_paraphrase,8. Wobbly dynamics
CLM_C6_Q04_007,Wobbly dynamics and endogenous instability,PDF006,C6_Q04,variables_parameters,validated_paraphrase,8. Wobbly dynamics
CLM_C6_Q04_008,Definitions and conceptual separations,PDF007,C6_Q04,causality,validated_paraphrase,3. Conceptual objects
CLM_C6_Q04_008,Growth and capital-formation mechanisms,PDF007,C6_Q04,causality,validated_paraphrase,3. Conceptual objects
CLM_C6_Q04_008,"Credit, leverage, collateral, and monetary policy",PDF007,C6_Q04,causality,validated_paraphrase,3. Conceptual objects
CLM_C6_Q04_008,Unbalanced growth and overvaluation,PDF007,C6_Q04,causality,validated_paraphrase,3. Conceptual objects
CLM_C6_Q04_008,Debt rollover and dynamic efficiency,PDF007,C6_Q04,causality,validated_paraphrase,3. Conceptual objects
CLM_C6_Q04_009,Definitions and conceptual separations,PDF008,C6_Q04,variables_parameters,validated_paraphrase,3. Conceptual objects
CLM_C6_Q04_009,Asset-price and wealth-measurement claims,PDF008,C6_Q04,variables_parameters,validated_paraphrase,3. Conceptual objects
CLM_C6_Q04_009,Growth and capital-formation mechanisms,PDF008,C6_Q04,variables_parameters,validated_paraphrase,3. Conceptual objects
CLM_C6_Q04_009,"Credit, leverage, collateral, and monetary policy",PDF008,C6_Q04,variables_parameters,validated_paraphrase,3. Conceptual objects
CLM_C6_Q04_009,Unbalanced growth and overvaluation,PDF008,C6_Q04,variables_parameters,validated_paraphrase,3. Conceptual objects
CLM_C6_Q04_009,Debt rollover and dynamic efficiency,PDF008,C6_Q04,variables_parameters,validated_paraphrase,3. Conceptual objects
CLM_C6_Q04_010,Definitions and conceptual separations,PDF009,C6_Q04,causality,validated_paraphrase,3. Conceptual objects
CLM_C6_Q04_010,Asset-price and wealth-measurement claims,PDF009,C6_Q04,causality,validated_paraphrase,3. Conceptual objects
CLM_C6_Q04_010,Growth and capital-formation mechanisms,PDF009,C6_Q04,causality,validated_paraphrase,3. Conceptual objects
CLM_C6_Q04_010,"Credit, leverage, collateral, and monetary policy",PDF009,C6_Q04,causality,validated_paraphrase,3. Conceptual objects
CLM_C6_Q04_010,Unbalanced growth and overvaluation,PDF009,C6_Q04,causality,validated_paraphrase,3. Conceptual objects
CLM_C6_Q04_010,Debt rollover and dynamic efficiency,PDF009,C6_Q04,causality,validated_paraphrase,3. Conceptual objects
CLM_C6_Q04_011,Definitions and conceptual separations,PDF010,C6_Q04,variables_parameters,validated_paraphrase,3. Conceptual objects
CLM_C6_Q04_011,Asset-price and wealth-measurement claims,PDF010,C6_Q04,variables_parameters,validated_paraphrase,3. Conceptual objects
CLM_C6_Q04_011,Growth and capital-formation mechanisms,PDF010,C6_Q04,variables_parameters,validated_paraphrase,3. Conceptual objects
CLM_C6_Q04_011,"Credit, leverage, collateral, and monetary policy",PDF010,C6_Q04,variables_parameters,validated_paraphrase,3. Conceptual objects
CLM_C6_Q04_011,Debt rollover and dynamic efficiency,PDF010,C6_Q04,variables_parameters,validated_paraphrase,3. Conceptual objects
CLM_C6_Q04_012,Definitions and conceptual separations,PDF011,C6_Q04,variables_parameters,validated_paraphrase,3. Conceptual objects
CLM_C6_Q04_012,Asset-price and wealth-measurement claims,PDF011,C6_Q04,variables_parameters,validated_paraphrase,3. Conceptual objects
CLM_C6_Q04_012,Growth and capital-formation mechanisms,PDF011,C6_Q04,variables_parameters,validated_paraphrase,3. Conceptual objects
CLM_C6_Q04_012,"Credit, leverage, collateral, and monetary policy",PDF011,C6_Q04,variables_parameters,validated_paraphrase,3. Conceptual objects
CLM_C6_Q04_012,Debt rollover and dynamic efficiency,PDF011,C6_Q04,variables_parameters,validated_paraphrase,3. Conceptual objects
CLM_C6_Q04_013,Definitions and conceptual separations,PDF012,C6_Q04,variables_parameters,validated_paraphrase,1. Introduction
CLM_C6_Q04_013,Growth and capital-formation mechanisms,PDF012,C6_Q04,variables_parameters,validated_paraphrase,1. Introduction
CLM_C6_Q04_013,"Credit, leverage, collateral, and monetary policy",PDF012,C6_Q04,variables_parameters,validated_paraphrase,1. Introduction
CLM_C6_Q04_013,Unbalanced growth and overvaluation,PDF012,C6_Q04,variables_parameters,validated_paraphrase,1. Introduction
CLM_C6_Q04_013,Debt rollover and dynamic efficiency,PDF012,C6_Q04,variables_parameters,validated_paraphrase,1. Introduction
CLM_C6_Q04_013,Wobbly dynamics and endogenous instability,PDF012,C6_Q04,variables_parameters,validated_paraphrase,1. Introduction
CLM_C6_Q04_014,Growth and capital-formation mechanisms,PDF013,C6_Q04,variables_parameters,validated_paraphrase,5. Mechanism II
CLM_C6_Q04_014,"Credit, leverage, collateral, and monetary policy",PDF013,C6_Q04,variables_parameters,validated_paraphrase,5. Mechanism II
CLM_C6_Q04_014,Debt rollover and dynamic efficiency,PDF013,C6_Q04,variables_parameters,validated_paraphrase,5. Mechanism II
CLM_C6_Q04_015,Growth and capital-formation mechanisms,PDF014,C6_Q04,causality,validated_paraphrase,1. Introduction
CLM_C6_Q04_015,"Credit, leverage, collateral, and monetary policy",PDF014,C6_Q04,causality,validated_paraphrase,1. Introduction
CLM_C6_Q04_015,Debt rollover and dynamic efficiency,PDF014,C6_Q04,causality,validated_paraphrase,1. Introduction
CLM_C6_Q05_001,Definitions and conceptual separations,MULTI,C6_Q05,variables_parameters,needs_page,1. Introduction
CLM_C6_Q05_001,Growth and capital-formation mechanisms,MULTI,C6_Q05,variables_parameters,needs_page,1. Introduction
CLM_C6_Q05_001,Unbalanced growth and overvaluation,MULTI,C6_Q05,variables_parameters,needs_page,1. Introduction
CLM_C6_Q05_001,Debt rollover and dynamic efficiency,MULTI,C6_Q05,variables_parameters,needs_page,1. Introduction
CLM_C6_Q05_001,Critical adaptation to urban land-rent financialization in Latin America,MULTI,C6_Q05,variables_parameters,needs_page,1. Introduction
CLM_C6_Q05_002,"Credit, leverage, collateral, and monetary policy",PDF001,C6_Q05,variables_parameters,validated_paraphrase,6. Mechanism III
CLM_C6_Q05_002,Unbalanced growth and overvaluation,PDF001,C6_Q05,variables_parameters,validated_paraphrase,6. Mechanism III
CLM_C6_Q05_002,Debt rollover and dynamic efficiency,PDF001,C6_Q05,variables_parameters,validated_paraphrase,6. Mechanism III
CLM_C6_Q05_003,Growth and capital-formation mechanisms,PDF002,C6_Q05,causality,validated_paraphrase,1. Introduction
CLM_C6_Q05_003,"Credit, leverage, collateral, and monetary policy",PDF002,C6_Q05,causality,validated_paraphrase,1. Introduction
CLM_C6_Q05_003,Debt rollover and dynamic efficiency,PDF002,C6_Q05,causality,validated_paraphrase,1. Introduction
CLM_C6_Q05_004,Definitions and conceptual separations,PDF003,C6_Q05,variables_parameters,validated_paraphrase,4. Mechanism I
CLM_C6_Q05_004,Growth and capital-formation mechanisms,PDF003,C6_Q05,variables_parameters,validated_paraphrase,4. Mechanism I
CLM_C6_Q05_004,"Credit, leverage, collateral, and monetary policy",PDF003,C6_Q05,variables_parameters,validated_paraphrase,4. Mechanism I
CLM_C6_Q05_004,Debt rollover and dynamic efficiency,PDF003,C6_Q05,variables_parameters,validated_paraphrase,4. Mechanism I
CLM_C6_Q05_004,Wobbly dynamics and endogenous instability,PDF003,C6_Q05,variables_parameters,validated_paraphrase,4. Mechanism I
CLM_C6_Q05_005,Growth and capital-formation mechanisms,PDF004,C6_Q05,variables_parameters,validated_paraphrase,5. Mechanism II
CLM_C6_Q05_005,"Credit, leverage, collateral, and monetary policy",PDF004,C6_Q05,variables_parameters,validated_paraphrase,5. Mechanism II
CLM_C6_Q05_005,Debt rollover and dynamic efficiency,PDF004,C6_Q05,variables_parameters,validated_paraphrase,5. Mechanism II
CLM_C6_Q05_005,Wobbly dynamics and endogenous instability,PDF004,C6_Q05,variables_parameters,validated_paraphrase,5. Mechanism II
CLM_C6_Q05_006,Definitions and conceptual separations,PDF005,C6_Q05,variables_parameters,validated_paraphrase,3. Conceptual objects
CLM_C6_Q05_006,Growth and capital-formation mechanisms,PDF005,C6_Q05,variables_parameters,validated_paraphrase,3. Conceptual objects
CLM_C6_Q05_006,Debt rollover and dynamic efficiency,PDF005,C6_Q05,variables_parameters,validated_paraphrase,3. Conceptual objects
CLM_C6_Q05_006,Policy and institutional implications,PDF005,C6_Q05,variables_parameters,validated_paraphrase,3. Conceptual objects
CLM_C6_Q05_007,Unbalanced growth and overvaluation,PDF006,C6_Q05,variables_parameters,validated_paraphrase,8. Wobbly dynamics
CLM_C6_Q05_007,Debt rollover and dynamic efficiency,PDF006,C6_Q05,variables_parameters,validated_paraphrase,8. Wobbly dynamics
CLM_C6_Q05_007,Wobbly dynamics and endogenous instability,PDF006,C6_Q05,variables_parameters,validated_paraphrase,8. Wobbly dynamics
CLM_C6_Q05_008,Definitions and conceptual separations,PDF007,C6_Q05,causality,validated_paraphrase,3. Conceptual objects
CLM_C6_Q05_008,Growth and capital-formation mechanisms,PDF007,C6_Q05,causality,validated_paraphrase,3. Conceptual objects
CLM_C6_Q05_008,"Credit, leverage, collateral, and monetary policy",PDF007,C6_Q05,causality,validated_paraphrase,3. Conceptual objects
CLM_C6_Q05_008,Unbalanced growth and overvaluation,PDF007,C6_Q05,causality,validated_paraphrase,3. Conceptual objects
CLM_C6_Q05_008,Debt rollover and dynamic efficiency,PDF007,C6_Q05,causality,validated_paraphrase,3. Conceptual objects
CLM_C6_Q05_009,Definitions and conceptual separations,PDF008,C6_Q05,variables_parameters,validated_paraphrase,3. Conceptual objects
CLM_C6_Q05_009,Asset-price and wealth-measurement claims,PDF008,C6_Q05,variables_parameters,validated_paraphrase,3. Conceptual objects
CLM_C6_Q05_009,Growth and capital-formation mechanisms,PDF008,C6_Q05,variables_parameters,validated_paraphrase,3. Conceptual objects
CLM_C6_Q05_009,"Credit, leverage, collateral, and monetary policy",PDF008,C6_Q05,variables_parameters,validated_paraphrase,3. Conceptual objects
CLM_C6_Q05_009,Unbalanced growth and overvaluation,PDF008,C6_Q05,variables_parameters,validated_paraphrase,3. Conceptual objects
CLM_C6_Q05_009,Debt rollover and dynamic efficiency,PDF008,C6_Q05,variables_parameters,validated_paraphrase,3. Conceptual objects
CLM_C6_Q05_010,Definitions and conceptual separations,PDF009,C6_Q05,causality,validated_paraphrase,3. Conceptual objects
CLM_C6_Q05_010,Asset-price and wealth-measurement claims,PDF009,C6_Q05,causality,validated_paraphrase,3. Conceptual objects
CLM_C6_Q05_010,Growth and capital-formation mechanisms,PDF009,C6_Q05,causality,validated_paraphrase,3. Conceptual objects
CLM_C6_Q05_010,"Credit, leverage, collateral, and monetary policy",PDF009,C6_Q05,causality,validated_paraphrase,3. Conceptual objects
CLM_C6_Q05_010,Unbalanced growth and overvaluation,PDF009,C6_Q05,causality,validated_paraphrase,3. Conceptual objects
CLM_C6_Q05_010,Debt rollover and dynamic efficiency,PDF009,C6_Q05,causality,validated_paraphrase,3. Conceptual objects
CLM_C6_Q05_011,Definitions and conceptual separations,PDF010,C6_Q05,variables_parameters,validated_paraphrase,3. Conceptual objects
CLM_C6_Q05_011,Asset-price and wealth-measurement claims,PDF010,C6_Q05,variables_parameters,validated_paraphrase,3. Conceptual objects
CLM_C6_Q05_011,Growth and capital-formation mechanisms,PDF010,C6_Q05,variables_parameters,validated_paraphrase,3. Conceptual objects
CLM_C6_Q05_011,"Credit, leverage, collateral, and monetary policy",PDF010,C6_Q05,variables_parameters,validated_paraphrase,3. Conceptual objects
CLM_C6_Q05_011,Debt rollover and dynamic efficiency,PDF010,C6_Q05,variables_parameters,validated_paraphrase,3. Conceptual objects
CLM_C6_Q05_012,Definitions and conceptual separations,PDF011,C6_Q05,variables_parameters,validated_paraphrase,3. Conceptual objects
CLM_C6_Q05_012,Asset-price and wealth-measurement claims,PDF011,C6_Q05,variables_parameters,validated_paraphrase,3. Conceptual objects
CLM_C6_Q05_012,Growth and capital-formation mechanisms,PDF011,C6_Q05,variables_parameters,validated_paraphrase,3. Conceptual objects
CLM_C6_Q05_012,"Credit, leverage, collateral, and monetary policy",PDF011,C6_Q05,variables_parameters,validated_paraphrase,3. Conceptual objects
CLM_C6_Q05_012,Debt rollover and dynamic efficiency,PDF011,C6_Q05,variables_parameters,validated_paraphrase,3. Conceptual objects
CLM_C6_Q05_013,Definitions and conceptual separations,PDF012,C6_Q05,variables_parameters,validated_paraphrase,1. Introduction
CLM_C6_Q05_013,Growth and capital-formation mechanisms,PDF012,C6_Q05,variables_parameters,validated_paraphrase,1. Introduction
CLM_C6_Q05_013,"Credit, leverage, collateral, and monetary policy",PDF012,C6_Q05,variables_parameters,validated_paraphrase,1. Introduction
CLM_C6_Q05_013,Unbalanced growth and overvaluation,PDF012,C6_Q05,variables_parameters,validated_paraphrase,1. Introduction
CLM_C6_Q05_013,Debt rollover and dynamic efficiency,PDF012,C6_Q05,variables_parameters,validated_paraphrase,1. Introduction
CLM_C6_Q05_013,Wobbly dynamics and endogenous instability,PDF012,C6_Q05,variables_parameters,validated_paraphrase,1. Introduction
CLM_C6_Q05_014,Growth and capital-formation mechanisms,PDF013,C6_Q05,variables_parameters,validated_paraphrase,5. Mechanism II
CLM_C6_Q05_014,"Credit, leverage, collateral, and monetary policy",PDF013,C6_Q05,variables_parameters,validated_paraphrase,5. Mechanism II
CLM_C6_Q05_014,Debt rollover and dynamic efficiency,PDF013,C6_Q05,variables_parameters,validated_paraphrase,5. Mechanism II
CLM_C6_Q05_015,Growth and capital-formation mechanisms,PDF014,C6_Q05,causality,validated_paraphrase,1. Introduction
CLM_C6_Q05_015,"Credit, leverage, collateral, and monetary policy",PDF014,C6_Q05,causality,validated_paraphrase,1. Introduction
CLM_C6_Q05_015,Debt rollover and dynamic efficiency,PDF014,C6_Q05,causality,validated_paraphrase,1. Introduction
CLM_C6_Q06_001,Debt rollover and dynamic efficiency,MULTI,C6_Q06,variables_parameters,needs_page,1. Introduction
CLM_C6_Q06_001,Critical adaptation to urban land-rent financialization in Latin America,MULTI,C6_Q06,variables_parameters,needs_page,1. Introduction
CLM_C6_Q06_002,"Credit, leverage, collateral, and monetary policy",PDF001,C6_Q06,variables_parameters,validated_paraphrase,6. Mechanism III
CLM_C6_Q06_002,Unbalanced growth and overvaluation,PDF001,C6_Q06,variables_parameters,validated_paraphrase,6. Mechanism III
CLM_C6_Q06_002,Debt rollover and dynamic efficiency,PDF001,C6_Q06,variables_parameters,validated_paraphrase,6. Mechanism III
CLM_C6_Q06_003,Growth and capital-formation mechanisms,PDF002,C6_Q06,causality,validated_paraphrase,1. Introduction
CLM_C6_Q06_003,"Credit, leverage, collateral, and monetary policy",PDF002,C6_Q06,causality,validated_paraphrase,1. Introduction
CLM_C6_Q06_003,Debt rollover and dynamic efficiency,PDF002,C6_Q06,causality,validated_paraphrase,1. Introduction
CLM_C6_Q06_004,Definitions and conceptual separations,PDF003,C6_Q06,variables_parameters,validated_paraphrase,4. Mechanism I
CLM_C6_Q06_004,Growth and capital-formation mechanisms,PDF003,C6_Q06,variables_parameters,validated_paraphrase,4. Mechanism I
CLM_C6_Q06_004,"Credit, leverage, collateral, and monetary policy",PDF003,C6_Q06,variables_parameters,validated_paraphrase,4. Mechanism I
CLM_C6_Q06_004,Debt rollover and dynamic efficiency,PDF003,C6_Q06,variables_parameters,validated_paraphrase,4. Mechanism I
CLM_C6_Q06_004,Wobbly dynamics and endogenous instability,PDF003,C6_Q06,variables_parameters,validated_paraphrase,4. Mechanism I
CLM_C6_Q06_005,Growth and capital-formation mechanisms,PDF004,C6_Q06,variables_parameters,validated_paraphrase,5. Mechanism II
CLM_C6_Q06_005,"Credit, leverage, collateral, and monetary policy",PDF004,C6_Q06,variables_parameters,validated_paraphrase,5. Mechanism II
CLM_C6_Q06_005,Debt rollover and dynamic efficiency,PDF004,C6_Q06,variables_parameters,validated_paraphrase,5. Mechanism II
CLM_C6_Q06_005,Wobbly dynamics and endogenous instability,PDF004,C6_Q06,variables_parameters,validated_paraphrase,5. Mechanism II
CLM_C6_Q06_006,Definitions and conceptual separations,PDF005,C6_Q06,variables_parameters,validated_paraphrase,3. Conceptual objects
CLM_C6_Q06_006,Growth and capital-formation mechanisms,PDF005,C6_Q06,variables_parameters,validated_paraphrase,3. Conceptual objects
CLM_C6_Q06_006,Debt rollover and dynamic efficiency,PDF005,C6_Q06,variables_parameters,validated_paraphrase,3. Conceptual objects
CLM_C6_Q06_006,Policy and institutional implications,PDF005,C6_Q06,variables_parameters,validated_paraphrase,3. Conceptual objects
CLM_C6_Q06_007,Unbalanced growth and overvaluation,PDF006,C6_Q06,variables_parameters,validated_paraphrase,8. Wobbly dynamics
CLM_C6_Q06_007,Debt rollover and dynamic efficiency,PDF006,C6_Q06,variables_parameters,validated_paraphrase,8. Wobbly dynamics
CLM_C6_Q06_007,Wobbly dynamics and endogenous instability,PDF006,C6_Q06,variables_parameters,validated_paraphrase,8. Wobbly dynamics
CLM_C6_Q06_008,Definitions and conceptual separations,PDF007,C6_Q06,causality,validated_paraphrase,3. Conceptual objects
CLM_C6_Q06_008,Growth and capital-formation mechanisms,PDF007,C6_Q06,causality,validated_paraphrase,3. Conceptual objects
CLM_C6_Q06_008,"Credit, leverage, collateral, and monetary policy",PDF007,C6_Q06,causality,validated_paraphrase,3. Conceptual objects
CLM_C6_Q06_008,Unbalanced growth and overvaluation,PDF007,C6_Q06,causality,validated_paraphrase,3. Conceptual objects
CLM_C6_Q06_008,Debt rollover and dynamic efficiency,PDF007,C6_Q06,causality,validated_paraphrase,3. Conceptual objects
CLM_C6_Q06_009,Definitions and conceptual separations,PDF008,C6_Q06,variables_parameters,validated_paraphrase,3. Conceptual objects
CLM_C6_Q06_009,Asset-price and wealth-measurement claims,PDF008,C6_Q06,variables_parameters,validated_paraphrase,3. Conceptual objects
CLM_C6_Q06_009,Growth and capital-formation mechanisms,PDF008,C6_Q06,variables_parameters,validated_paraphrase,3. Conceptual objects
CLM_C6_Q06_009,"Credit, leverage, collateral, and monetary policy",PDF008,C6_Q06,variables_parameters,validated_paraphrase,3. Conceptual objects
CLM_C6_Q06_009,Unbalanced growth and overvaluation,PDF008,C6_Q06,variables_parameters,validated_paraphrase,3. Conceptual objects
CLM_C6_Q06_009,Debt rollover and dynamic efficiency,PDF008,C6_Q06,variables_parameters,validated_paraphrase,3. Conceptual objects
CLM_C6_Q06_010,Definitions and conceptual separations,PDF009,C6_Q06,causality,validated_paraphrase,3. Conceptual objects
CLM_C6_Q06_010,Asset-price and wealth-measurement claims,PDF009,C6_Q06,causality,validated_paraphrase,3. Conceptual objects
CLM_C6_Q06_010,Growth and capital-formation mechanisms,PDF009,C6_Q06,causality,validated_paraphrase,3. Conceptual objects
CLM_C6_Q06_010,"Credit, leverage, collateral, and monetary policy",PDF009,C6_Q06,causality,validated_paraphrase,3. Conceptual objects
CLM_C6_Q06_010,Unbalanced growth and overvaluation,PDF009,C6_Q06,causality,validated_paraphrase,3. Conceptual objects
CLM_C6_Q06_010,Debt rollover and dynamic efficiency,PDF009,C6_Q06,causality,validated_paraphrase,3. Conceptual objects
CLM_C6_Q06_011,Definitions and conceptual separations,PDF010,C6_Q06,variables_parameters,validated_paraphrase,3. Conceptual objects
CLM_C6_Q06_011,Asset-price and wealth-measurement claims,PDF010,C6_Q06,variables_parameters,validated_paraphrase,3. Conceptual objects
CLM_C6_Q06_011,Growth and capital-formation mechanisms,PDF010,C6_Q06,variables_parameters,validated_paraphrase,3. Conceptual objects
CLM_C6_Q06_011,"Credit, leverage, collateral, and monetary policy",PDF010,C6_Q06,variables_parameters,validated_paraphrase,3. Conceptual objects
CLM_C6_Q06_011,Debt rollover and dynamic efficiency,PDF010,C6_Q06,variables_parameters,validated_paraphrase,3. Conceptual objects
CLM_C6_Q06_012,Definitions and conceptual separations,PDF011,C6_Q06,variables_parameters,validated_paraphrase,3. Conceptual objects
CLM_C6_Q06_012,Asset-price and wealth-measurement claims,PDF011,C6_Q06,variables_parameters,validated_paraphrase,3. Conceptual objects
CLM_C6_Q06_012,Growth and capital-formation mechanisms,PDF011,C6_Q06,variables_parameters,validated_paraphrase,3. Conceptual objects
CLM_C6_Q06_012,"Credit, leverage, collateral, and monetary policy",PDF011,C6_Q06,variables_parameters,validated_paraphrase,3. Conceptual objects
CLM_C6_Q06_012,Debt rollover and dynamic efficiency,PDF011,C6_Q06,variables_parameters,validated_paraphrase,3. Conceptual objects
CLM_C6_Q06_013,Definitions and conceptual separations,PDF012,C6_Q06,variables_parameters,validated_paraphrase,1. Introduction
CLM_C6_Q06_013,Growth and capital-formation mechanisms,PDF012,C6_Q06,variables_parameters,validated_paraphrase,1. Introduction
CLM_C6_Q06_013,"Credit, leverage, collateral, and monetary policy",PDF012,C6_Q06,variables_parameters,validated_paraphrase,1. Introduction
CLM_C6_Q06_013,Unbalanced growth and overvaluation,PDF012,C6_Q06,variables_parameters,validated_paraphrase,1. Introduction
CLM_C6_Q06_013,Debt rollover and dynamic efficiency,PDF012,C6_Q06,variables_parameters,validated_paraphrase,1. Introduction
CLM_C6_Q06_013,Wobbly dynamics and endogenous instability,PDF012,C6_Q06,variables_parameters,validated_paraphrase,1. Introduction
CLM_C6_Q06_014,Growth and capital-formation mechanisms,PDF013,C6_Q06,variables_parameters,validated_paraphrase,5. Mechanism II
CLM_C6_Q06_014,"Credit, leverage, collateral, and monetary policy",PDF013,C6_Q06,variables_parameters,validated_paraphrase,5. Mechanism II
CLM_C6_Q06_014,Debt rollover and dynamic efficiency,PDF013,C6_Q06,variables_parameters,validated_paraphrase,5. Mechanism II
CLM_C6_Q06_015,Growth and capital-formation mechanisms,PDF014,C6_Q06,causality,validated_paraphrase,1. Introduction
CLM_C6_Q06_015,"Credit, leverage, collateral, and monetary policy",PDF014,C6_Q06,causality,validated_paraphrase,1. Introduction
CLM_C6_Q06_015,Debt rollover and dynamic efficiency,PDF014,C6_Q06,causality,validated_paraphrase,1. Introduction
CLM_PDF001_Q01_001,Definitions and conceptual separations,PDF001,PDF001_Q01,variables_parameters,validated_paraphrase,6. Mechanism III
CLM_PDF001_Q01_001,"Credit, leverage, collateral, and monetary policy",PDF001,PDF001_Q01,variables_parameters,validated_paraphrase,6. Mechanism III
CLM_PDF001_Q01_001,Unbalanced growth and overvaluation,PDF001,PDF001_Q01,variables_parameters,validated_paraphrase,6. Mechanism III
CLM_PDF001_Q01_001,Debt rollover and dynamic efficiency,PDF001,PDF001_Q01,variables_parameters,validated_paraphrase,6. Mechanism III
CLM_PDF001_Q01_002,Definitions and conceptual separations,PDF001,PDF001_Q01,variables_parameters,validated_paraphrase,6. Mechanism III
CLM_PDF001_Q01_002,Growth and capital-formation mechanisms,PDF001,PDF001_Q01,variables_parameters,validated_paraphrase,6. Mechanism III
CLM_PDF001_Q01_002,Unbalanced growth and overvaluation,PDF001,PDF001_Q01,variables_parameters,validated_paraphrase,6. Mechanism III
CLM_PDF001_Q01_002,Debt rollover and dynamic efficiency,PDF001,PDF001_Q01,variables_parameters,validated_paraphrase,6. Mechanism III
CLM_PDF001_Q01_003,Definitions and conceptual separations,PDF001,PDF001_Q01,theory_evidence,validated_paraphrase,3. Conceptual objects
CLM_PDF001_Q01_003,"Credit, leverage, collateral, and monetary policy",PDF001,PDF001_Q01,theory_evidence,validated_paraphrase,3. Conceptual objects
CLM_PDF001_Q01_003,Unbalanced growth and overvaluation,PDF001,PDF001_Q01,theory_evidence,validated_paraphrase,3. Conceptual objects
CLM_PDF001_Q01_003,Debt rollover and dynamic efficiency,PDF001,PDF001_Q01,theory_evidence,validated_paraphrase,3. Conceptual objects
CLM_PDF001_Q01_003,Critical adaptation to urban land-rent financialization in Latin America,PDF001,PDF001_Q01,theory_evidence,validated_paraphrase,3. Conceptual objects
CLM_PDF001_Q01_004,Definitions and conceptual separations,PDF001,PDF001_Q01,variables_parameters,validated_paraphrase,6. Mechanism III
CLM_PDF001_Q01_004,Growth and capital-formation mechanisms,PDF001,PDF001_Q01,variables_parameters,validated_paraphrase,6. Mechanism III
CLM_PDF001_Q01_004,Unbalanced growth and overvaluation,PDF001,PDF001_Q01,variables_parameters,validated_paraphrase,6. Mechanism III
CLM_PDF001_Q01_004,Debt rollover and dynamic efficiency,PDF001,PDF001_Q01,variables_parameters,validated_paraphrase,6. Mechanism III
CLM_PDF001_Q01_005,Definitions and conceptual separations,PDF001,PDF001_Q01,variables_parameters,validated_paraphrase,1. Introduction
CLM_PDF001_Q01_005,Growth and capital-formation mechanisms,PDF001,PDF001_Q01,variables_parameters,validated_paraphrase,1. Introduction
CLM_PDF001_Q01_005,"Credit, leverage, collateral, and monetary policy",PDF001,PDF001_Q01,variables_parameters,validated_paraphrase,1. Introduction
CLM_PDF001_Q01_005,Unbalanced growth and overvaluation,PDF001,PDF001_Q01,variables_parameters,validated_paraphrase,1. Introduction
CLM_PDF001_Q01_005,Debt rollover and dynamic efficiency,PDF001,PDF001_Q01,variables_parameters,validated_paraphrase,1. Introduction
CLM_PDF001_Q01_006,Growth and capital-formation mechanisms,PDF001,PDF001_Q01,causality,validated_paraphrase,1. Introduction
CLM_PDF001_Q01_006,"Credit, leverage, collateral, and monetary policy",PDF001,PDF001_Q01,causality,validated_paraphrase,1. Introduction
CLM_PDF001_Q01_006,Debt rollover and dynamic efficiency,PDF001,PDF001_Q01,causality,validated_paraphrase,1. Introduction
CLM_PDF001_Q01_007,Definitions and conceptual separations,PDF001,PDF001_Q01,variables_parameters,validated_paraphrase,6. Mechanism III
CLM_PDF001_Q01_007,Growth and capital-formation mechanisms,PDF001,PDF001_Q01,variables_parameters,validated_paraphrase,6. Mechanism III
CLM_PDF001_Q01_007,Unbalanced growth and overvaluation,PDF001,PDF001_Q01,variables_parameters,validated_paraphrase,6. Mechanism III
CLM_PDF001_Q01_007,Debt rollover and dynamic efficiency,PDF001,PDF001_Q01,variables_parameters,validated_paraphrase,6. Mechanism III
CLM_PDF001_Q02_001,Definitions and conceptual separations,PDF001,PDF001_Q02,variables_parameters,validated_paraphrase,6. Mechanism III
CLM_PDF001_Q02_001,Growth and capital-formation mechanisms,PDF001,PDF001_Q02,variables_parameters,validated_paraphrase,6. Mechanism III
CLM_PDF001_Q02_001,Unbalanced growth and overvaluation,PDF001,PDF001_Q02,variables_parameters,validated_paraphrase,6. Mechanism III
CLM_PDF001_Q02_001,Debt rollover and dynamic efficiency,PDF001,PDF001_Q02,variables_parameters,validated_paraphrase,6. Mechanism III
CLM_PDF001_Q02_002,Definitions and conceptual separations,PDF001,PDF001_Q02,variables_parameters,validated_paraphrase,6. Mechanism III
CLM_PDF001_Q02_002,Growth and capital-formation mechanisms,PDF001,PDF001_Q02,variables_parameters,validated_paraphrase,6. Mechanism III
CLM_PDF001_Q02_002,Unbalanced growth and overvaluation,PDF001,PDF001_Q02,variables_parameters,validated_paraphrase,6. Mechanism III
CLM_PDF001_Q02_002,Debt rollover and dynamic efficiency,PDF001,PDF001_Q02,variables_parameters,validated_paraphrase,6. Mechanism III
CLM_PDF001_Q02_003,Definitions and conceptual separations,PDF001,PDF001_Q02,causality,validated_paraphrase,9. Critical appraisal
CLM_PDF001_Q02_003,"Credit, leverage, collateral, and monetary policy",PDF001,PDF001_Q02,causality,validated_paraphrase,9. Critical appraisal
CLM_PDF001_Q02_003,Debt rollover and dynamic efficiency,PDF001,PDF001_Q02,causality,validated_paraphrase,9. Critical appraisal
CLM_PDF001_Q02_003,Critical adaptation to urban land-rent financialization in Latin America,PDF001,PDF001_Q02,causality,validated_paraphrase,9. Critical appraisal
CLM_PDF001_Q02_004,Definitions and conceptual separations,PDF001,PDF001_Q02,variables_parameters,validated_paraphrase,3. Conceptual objects
CLM_PDF001_Q02_004,Growth and capital-formation mechanisms,PDF001,PDF001_Q02,variables_parameters,validated_paraphrase,3. Conceptual objects
CLM_PDF001_Q02_004,Unbalanced growth and overvaluation,PDF001,PDF001_Q02,variables_parameters,validated_paraphrase,3. Conceptual objects
CLM_PDF001_Q02_004,Debt rollover and dynamic efficiency,PDF001,PDF001_Q02,variables_parameters,validated_paraphrase,3. Conceptual objects
CLM_PDF001_Q02_005,Definitions and conceptual separations,PDF001,PDF001_Q02,causality,validated_paraphrase,1. Introduction
CLM_PDF001_Q02_005,Growth and capital-formation mechanisms,PDF001,PDF001_Q02,causality,validated_paraphrase,1. Introduction
CLM_PDF001_Q02_005,"Credit, leverage, collateral, and monetary policy",PDF001,PDF001_Q02,causality,validated_paraphrase,1. Introduction
CLM_PDF001_Q02_005,Unbalanced growth and overvaluation,PDF001,PDF001_Q02,causality,validated_paraphrase,1. Introduction
CLM_PDF001_Q02_005,Debt rollover and dynamic efficiency,PDF001,PDF001_Q02,causality,validated_paraphrase,1. Introduction
CLM_PDF001_Q02_006,Growth and capital-formation mechanisms,PDF001,PDF001_Q02,variables_parameters,validated_paraphrase,1. Introduction
CLM_PDF001_Q02_006,"Credit, leverage, collateral, and monetary policy",PDF001,PDF001_Q02,variables_parameters,validated_paraphrase,1. Introduction
CLM_PDF001_Q02_006,Debt rollover and dynamic efficiency,PDF001,PDF001_Q02,variables_parameters,validated_paraphrase,1. Introduction
CLM_PDF001_Q02_007,Definitions and conceptual separations,PDF001,PDF001_Q02,variables_parameters,validated_paraphrase,6. Mechanism III
CLM_PDF001_Q02_007,Growth and capital-formation mechanisms,PDF001,PDF001_Q02,variables_parameters,validated_paraphrase,6. Mechanism III
CLM_PDF001_Q02_007,Unbalanced growth and overvaluation,PDF001,PDF001_Q02,variables_parameters,validated_paraphrase,6. Mechanism III
CLM_PDF001_Q02_007,Debt rollover and dynamic efficiency,PDF001,PDF001_Q02,variables_parameters,validated_paraphrase,6. Mechanism III
CLM_PDF001_Q03_001,Definitions and conceptual separations,PDF001,PDF001_Q03,causality,validated_paraphrase,6. Mechanism III
CLM_PDF001_Q03_001,"Credit, leverage, collateral, and monetary policy",PDF001,PDF001_Q03,causality,validated_paraphrase,6. Mechanism III
CLM_PDF001_Q03_001,Unbalanced growth and overvaluation,PDF001,PDF001_Q03,causality,validated_paraphrase,6. Mechanism III
CLM_PDF001_Q03_001,Debt rollover and dynamic efficiency,PDF001,PDF001_Q03,causality,validated_paraphrase,6. Mechanism III
CLM_PDF001_Q03_001,Wobbly dynamics and endogenous instability,PDF001,PDF001_Q03,causality,validated_paraphrase,6. Mechanism III
CLM_PDF001_Q03_002,Asset-price and wealth-measurement claims,PDF001,PDF001_Q03,variables_parameters,validated_paraphrase,1. Introduction
CLM_PDF001_Q03_002,Growth and capital-formation mechanisms,PDF001,PDF001_Q03,variables_parameters,validated_paraphrase,1. Introduction
CLM_PDF001_Q03_002,"Credit, leverage, collateral, and monetary policy",PDF001,PDF001_Q03,variables_parameters,validated_paraphrase,1. Introduction
CLM_PDF001_Q03_002,Unbalanced growth and overvaluation,PDF001,PDF001_Q03,variables_parameters,validated_paraphrase,1. Introduction
CLM_PDF001_Q03_002,Debt rollover and dynamic efficiency,PDF001,PDF001_Q03,variables_parameters,validated_paraphrase,1. Introduction
CLM_PDF001_Q03_002,Wobbly dynamics and endogenous instability,PDF001,PDF001_Q03,variables_parameters,validated_paraphrase,1. Introduction
CLM_PDF001_Q03_003,Definitions and conceptual separations,PDF001,PDF001_Q03,causality,validated_paraphrase,6. Mechanism III
CLM_PDF001_Q03_003,"Credit, leverage, collateral, and monetary policy",PDF001,PDF001_Q03,causality,validated_paraphrase,6. Mechanism III
CLM_PDF001_Q03_003,Unbalanced growth and overvaluation,PDF001,PDF001_Q03,causality,validated_paraphrase,6. Mechanism III
CLM_PDF001_Q03_003,Debt rollover and dynamic efficiency,PDF001,PDF001_Q03,causality,validated_paraphrase,6. Mechanism III
CLM_PDF001_Q03_003,Critical adaptation to urban land-rent financialization in Latin America,PDF001,PDF001_Q03,causality,validated_paraphrase,6. Mechanism III
CLM_PDF001_Q03_004,Growth and capital-formation mechanisms,PDF001,PDF001_Q03,mechanism,validated_paraphrase,1. Introduction
CLM_PDF001_Q03_004,"Credit, leverage, collateral, and monetary policy",PDF001,PDF001_Q03,mechanism,validated_paraphrase,1. Introduction
CLM_PDF001_Q03_004,Unbalanced growth and overvaluation,PDF001,PDF001_Q03,mechanism,validated_paraphrase,1. Introduction
CLM_PDF001_Q03_004,Debt rollover and dynamic efficiency,PDF001,PDF001_Q03,mechanism,validated_paraphrase,1. Introduction
CLM_PDF001_Q03_005,Growth and capital-formation mechanisms,PDF001,PDF001_Q03,variables_parameters,validated_paraphrase,1. Introduction
CLM_PDF001_Q03_005,"Credit, leverage, collateral, and monetary policy",PDF001,PDF001_Q03,variables_parameters,validated_paraphrase,1. Introduction
CLM_PDF001_Q03_005,Unbalanced growth and overvaluation,PDF001,PDF001_Q03,variables_parameters,validated_paraphrase,1. Introduction
CLM_PDF001_Q03_005,Debt rollover and dynamic efficiency,PDF001,PDF001_Q03,variables_parameters,validated_paraphrase,1. Introduction
CLM_PDF001_Q03_005,Wobbly dynamics and endogenous instability,PDF001,PDF001_Q03,variables_parameters,validated_paraphrase,1. Introduction
CLM_PDF001_Q03_006,Growth and capital-formation mechanisms,PDF001,PDF001_Q03,theory_evidence,validated_paraphrase,1. Introduction
CLM_PDF001_Q03_006,"Credit, leverage, collateral, and monetary policy",PDF001,PDF001_Q03,theory_evidence,validated_paraphrase,1. Introduction
CLM_PDF001_Q03_006,Debt rollover and dynamic efficiency,PDF001,PDF001_Q03,theory_evidence,validated_paraphrase,1. Introduction
CLM_PDF001_Q03_006,Wobbly dynamics and endogenous instability,PDF001,PDF001_Q03,theory_evidence,validated_paraphrase,1. Introduction
CLM_PDF001_Q03_007,Definitions and conceptual separations,PDF001,PDF001_Q03,causality,validated_paraphrase,6. Mechanism III
CLM_PDF001_Q03_007,Growth and capital-formation mechanisms,PDF001,PDF001_Q03,causality,validated_paraphrase,6. Mechanism III
CLM_PDF001_Q03_007,Unbalanced growth and overvaluation,PDF001,PDF001_Q03,causality,validated_paraphrase,6. Mechanism III
CLM_PDF001_Q03_007,Debt rollover and dynamic efficiency,PDF001,PDF001_Q03,causality,validated_paraphrase,6. Mechanism III
CLM_PDF001_Q04_001,Definitions and conceptual separations,PDF001,PDF001_Q04,variables_parameters,validated_paraphrase,3. Conceptual objects
CLM_PDF001_Q04_001,Asset-price and wealth-measurement claims,PDF001,PDF001_Q04,variables_parameters,validated_paraphrase,3. Conceptual objects
CLM_PDF001_Q04_001,Growth and capital-formation mechanisms,PDF001,PDF001_Q04,variables_parameters,validated_paraphrase,3. Conceptual objects
CLM_PDF001_Q04_001,"Credit, leverage, collateral, and monetary policy",PDF001,PDF001_Q04,variables_parameters,validated_paraphrase,3. Conceptual objects
CLM_PDF001_Q04_001,Debt rollover and dynamic efficiency,PDF001,PDF001_Q04,variables_parameters,validated_paraphrase,3. Conceptual objects
CLM_PDF001_Q04_002,Definitions and conceptual separations,PDF001,PDF001_Q04,variables_parameters,validated_paraphrase,3. Conceptual objects
CLM_PDF001_Q04_002,Asset-price and wealth-measurement claims,PDF001,PDF001_Q04,variables_parameters,validated_paraphrase,3. Conceptual objects
CLM_PDF001_Q04_002,Growth and capital-formation mechanisms,PDF001,PDF001_Q04,variables_parameters,validated_paraphrase,3. Conceptual objects
CLM_PDF001_Q04_002,"Credit, leverage, collateral, and monetary policy",PDF001,PDF001_Q04,variables_parameters,validated_paraphrase,3. Conceptual objects
CLM_PDF001_Q04_002,Debt rollover and dynamic efficiency,PDF001,PDF001_Q04,variables_parameters,validated_paraphrase,3. Conceptual objects
CLM_PDF001_Q04_003,Definitions and conceptual separations,PDF001,PDF001_Q04,causality,validated_paraphrase,3. Conceptual objects
CLM_PDF001_Q04_003,Asset-price and wealth-measurement claims,PDF001,PDF001_Q04,causality,validated_paraphrase,3. Conceptual objects
CLM_PDF001_Q04_003,Debt rollover and dynamic efficiency,PDF001,PDF001_Q04,causality,validated_paraphrase,3. Conceptual objects
CLM_PDF001_Q04_003,Critical adaptation to urban land-rent financialization in Latin America,PDF001,PDF001_Q04,causality,validated_paraphrase,3. Conceptual objects
CLM_PDF001_Q04_004,Growth and capital-formation mechanisms,PDF001,PDF001_Q04,variables_parameters,validated_paraphrase,1. Introduction
CLM_PDF001_Q04_004,"Credit, leverage, collateral, and monetary policy",PDF001,PDF001_Q04,variables_parameters,validated_paraphrase,1. Introduction
CLM_PDF001_Q04_004,Debt rollover and dynamic efficiency,PDF001,PDF001_Q04,variables_parameters,validated_paraphrase,1. Introduction
CLM_PDF001_Q04_005,Growth and capital-formation mechanisms,PDF001,PDF001_Q04,theory_evidence,validated_paraphrase,1. Introduction
CLM_PDF001_Q04_005,"Credit, leverage, collateral, and monetary policy",PDF001,PDF001_Q04,theory_evidence,validated_paraphrase,1. Introduction
CLM_PDF001_Q04_005,Debt rollover and dynamic efficiency,PDF001,PDF001_Q04,theory_evidence,validated_paraphrase,1. Introduction
CLM_PDF001_Q04_006,Definitions and conceptual separations,PDF001,PDF001_Q04,theory_evidence,validated_paraphrase,3. Conceptual objects
CLM_PDF001_Q04_006,Asset-price and wealth-measurement claims,PDF001,PDF001_Q04,theory_evidence,validated_paraphrase,3. Conceptual objects
CLM_PDF001_Q04_006,Growth and capital-formation mechanisms,PDF001,PDF001_Q04,theory_evidence,validated_paraphrase,3. Conceptual objects
CLM_PDF001_Q04_006,"Credit, leverage, collateral, and monetary policy",PDF001,PDF001_Q04,theory_evidence,validated_paraphrase,3. Conceptual objects
CLM_PDF001_Q04_006,Debt rollover and dynamic efficiency,PDF001,PDF001_Q04,theory_evidence,validated_paraphrase,3. Conceptual objects
CLM_PDF001_Q04_007,Definitions and conceptual separations,PDF001,PDF001_Q04,variables_parameters,validated_paraphrase,6. Mechanism III
CLM_PDF001_Q04_007,Growth and capital-formation mechanisms,PDF001,PDF001_Q04,variables_parameters,validated_paraphrase,6. Mechanism III
CLM_PDF001_Q04_007,Unbalanced growth and overvaluation,PDF001,PDF001_Q04,variables_parameters,validated_paraphrase,6. Mechanism III
CLM_PDF001_Q04_007,Debt rollover and dynamic efficiency,PDF001,PDF001_Q04,variables_parameters,validated_paraphrase,6. Mechanism III
CLM_PDF001_Q05_001,Definitions and conceptual separations,PDF001,PDF001_Q05,variables_parameters,validated_paraphrase,6. Mechanism III
CLM_PDF001_Q05_001,"Credit, leverage, collateral, and monetary policy",PDF001,PDF001_Q05,variables_parameters,validated_paraphrase,6. Mechanism III
CLM_PDF001_Q05_001,Unbalanced growth and overvaluation,PDF001,PDF001_Q05,variables_parameters,validated_paraphrase,6. Mechanism III
CLM_PDF001_Q05_001,Debt rollover and dynamic efficiency,PDF001,PDF001_Q05,variables_parameters,validated_paraphrase,6. Mechanism III
CLM_PDF001_Q05_002,Growth and capital-formation mechanisms,PDF001,PDF001_Q05,variables_parameters,validated_paraphrase,1. Introduction
CLM_PDF001_Q05_002,"Credit, leverage, collateral, and monetary policy",PDF001,PDF001_Q05,variables_parameters,validated_paraphrase,1. Introduction
CLM_PDF001_Q05_002,Debt rollover and dynamic efficiency,PDF001,PDF001_Q05,variables_parameters,validated_paraphrase,1. Introduction
CLM_PDF001_Q05_003,Debt rollover and dynamic efficiency,PDF001,PDF001_Q05,theory_evidence,validated_paraphrase,9. Critical appraisal
CLM_PDF001_Q05_003,Critical adaptation to urban land-rent financialization in Latin America,PDF001,PDF001_Q05,theory_evidence,validated_paraphrase,9. Critical appraisal
CLM_PDF001_Q05_004,Definitions and conceptual separations,PDF001,PDF001_Q05,variables_parameters,validated_paraphrase,1. Introduction
CLM_PDF001_Q05_004,Growth and capital-formation mechanisms,PDF001,PDF001_Q05,variables_parameters,validated_paraphrase,1. Introduction
CLM_PDF001_Q05_004,"Credit, leverage, collateral, and monetary policy",PDF001,PDF001_Q05,variables_parameters,validated_paraphrase,1. Introduction
CLM_PDF001_Q05_004,Debt rollover and dynamic efficiency,PDF001,PDF001_Q05,variables_parameters,validated_paraphrase,1. Introduction
CLM_PDF001_Q05_005,Growth and capital-formation mechanisms,PDF001,PDF001_Q05,variables_parameters,validated_paraphrase,1. Introduction
CLM_PDF001_Q05_005,"Credit, leverage, collateral, and monetary policy",PDF001,PDF001_Q05,variables_parameters,validated_paraphrase,1. Introduction
CLM_PDF001_Q05_005,Debt rollover and dynamic efficiency,PDF001,PDF001_Q05,variables_parameters,validated_paraphrase,1. Introduction
CLM_PDF001_Q05_006,Definitions and conceptual separations,PDF001,PDF001_Q05,variables_parameters,validated_paraphrase,1. Introduction
CLM_PDF001_Q05_006,Growth and capital-formation mechanisms,PDF001,PDF001_Q05,variables_parameters,validated_paraphrase,1. Introduction
CLM_PDF001_Q05_006,"Credit, leverage, collateral, and monetary policy",PDF001,PDF001_Q05,variables_parameters,validated_paraphrase,1. Introduction
CLM_PDF001_Q05_006,Debt rollover and dynamic efficiency,PDF001,PDF001_Q05,variables_parameters,validated_paraphrase,1. Introduction
CLM_PDF001_Q05_007,Definitions and conceptual separations,PDF001,PDF001_Q05,variables_parameters,validated_paraphrase,6. Mechanism III
CLM_PDF001_Q05_007,Growth and capital-formation mechanisms,PDF001,PDF001_Q05,variables_parameters,validated_paraphrase,6. Mechanism III
CLM_PDF001_Q05_007,"Credit, leverage, collateral, and monetary policy",PDF001,PDF001_Q05,variables_parameters,validated_paraphrase,6. Mechanism III
CLM_PDF001_Q05_007,Unbalanced growth and overvaluation,PDF001,PDF001_Q05,variables_parameters,validated_paraphrase,6. Mechanism III
CLM_PDF001_Q05_007,Debt rollover and dynamic efficiency,PDF001,PDF001_Q05,variables_parameters,validated_paraphrase,6. Mechanism III
CLM_PDF001_Q06_001,Definitions and conceptual separations,PDF001,PDF001_Q06,definition,validated_paraphrase,3. Conceptual objects
CLM_PDF001_Q06_001,Growth and capital-formation mechanisms,PDF001,PDF001_Q06,definition,validated_paraphrase,3. Conceptual objects
CLM_PDF001_Q06_001,Unbalanced growth and overvaluation,PDF001,PDF001_Q06,definition,validated_paraphrase,3. Conceptual objects
CLM_PDF001_Q06_001,Debt rollover and dynamic efficiency,PDF001,PDF001_Q06,definition,validated_paraphrase,3. Conceptual objects
CLM_PDF001_Q06_002,Growth and capital-formation mechanisms,PDF001,PDF001_Q06,causality,validated_paraphrase,1. Introduction
CLM_PDF001_Q06_002,"Credit, leverage, collateral, and monetary policy",PDF001,PDF001_Q06,causality,validated_paraphrase,1. Introduction
CLM_PDF001_Q06_002,Debt rollover and dynamic efficiency,PDF001,PDF001_Q06,causality,validated_paraphrase,1. Introduction
CLM_PDF001_Q06_003,Debt rollover and dynamic efficiency,PDF001,PDF001_Q06,causality,validated_paraphrase,9. Critical appraisal
CLM_PDF001_Q06_003,Policy and institutional implications,PDF001,PDF001_Q06,causality,validated_paraphrase,9. Critical appraisal
CLM_PDF001_Q06_003,Critical adaptation to urban land-rent financialization in Latin America,PDF001,PDF001_Q06,causality,validated_paraphrase,9. Critical appraisal
CLM_PDF001_Q06_004,Definitions and conceptual separations,PDF001,PDF001_Q06,definition,validated_paraphrase,3. Conceptual objects
CLM_PDF001_Q06_004,Growth and capital-formation mechanisms,PDF001,PDF001_Q06,definition,validated_paraphrase,3. Conceptual objects
CLM_PDF001_Q06_004,"Credit, leverage, collateral, and monetary policy",PDF001,PDF001_Q06,definition,validated_paraphrase,3. Conceptual objects
CLM_PDF001_Q06_004,Unbalanced growth and overvaluation,PDF001,PDF001_Q06,definition,validated_paraphrase,3. Conceptual objects
CLM_PDF001_Q06_004,Debt rollover and dynamic efficiency,PDF001,PDF001_Q06,definition,validated_paraphrase,3. Conceptual objects
CLM_PDF001_Q06_004,Wobbly dynamics and endogenous instability,PDF001,PDF001_Q06,definition,validated_paraphrase,3. Conceptual objects
CLM_PDF001_Q06_005,Definitions and conceptual separations,PDF001,PDF001_Q06,causality,validated_paraphrase,6. Mechanism III
CLM_PDF001_Q06_005,Growth and capital-formation mechanisms,PDF001,PDF001_Q06,causality,validated_paraphrase,6. Mechanism III
CLM_PDF001_Q06_005,"Credit, leverage, collateral, and monetary policy",PDF001,PDF001_Q06,causality,validated_paraphrase,6. Mechanism III
CLM_PDF001_Q06_005,Unbalanced growth and overvaluation,PDF001,PDF001_Q06,causality,validated_paraphrase,6. Mechanism III
CLM_PDF001_Q06_005,Debt rollover and dynamic efficiency,PDF001,PDF001_Q06,causality,validated_paraphrase,6. Mechanism III
CLM_PDF001_Q06_006,Growth and capital-formation mechanisms,PDF001,PDF001_Q06,variables_parameters,validated_paraphrase,1. Introduction
CLM_PDF001_Q06_006,"Credit, leverage, collateral, and monetary policy",PDF001,PDF001_Q06,variables_parameters,validated_paraphrase,1. Introduction
CLM_PDF001_Q06_006,Debt rollover and dynamic efficiency,PDF001,PDF001_Q06,variables_parameters,validated_paraphrase,1. Introduction
CLM_PDF001_Q06_007,Growth and capital-formation mechanisms,PDF001,PDF001_Q06,mechanism,validated_paraphrase,1. Introduction
CLM_PDF001_Q06_007,"Credit, leverage, collateral, and monetary policy",PDF001,PDF001_Q06,mechanism,validated_paraphrase,1. Introduction
CLM_PDF001_Q06_007,Debt rollover and dynamic efficiency,PDF001,PDF001_Q06,mechanism,validated_paraphrase,1. Introduction
CLM_PDF001_Q07_001,"Credit, leverage, collateral, and monetary policy",PDF001,PDF001_Q07,causality,validated_paraphrase,5. Mechanism II
CLM_PDF001_Q07_001,Unbalanced growth and overvaluation,PDF001,PDF001_Q07,causality,validated_paraphrase,5. Mechanism II
CLM_PDF001_Q07_001,Debt rollover and dynamic efficiency,PDF001,PDF001_Q07,causality,validated_paraphrase,5. Mechanism II
CLM_PDF001_Q07_002,Definitions and conceptual separations,PDF001,PDF001_Q07,variables_parameters,validated_paraphrase,3. Conceptual objects
CLM_PDF001_Q07_002,Growth and capital-formation mechanisms,PDF001,PDF001_Q07,variables_parameters,validated_paraphrase,3. Conceptual objects
CLM_PDF001_Q07_002,"Credit, leverage, collateral, and monetary policy",PDF001,PDF001_Q07,variables_parameters,validated_paraphrase,3. Conceptual objects
CLM_PDF001_Q07_002,Unbalanced growth and overvaluation,PDF001,PDF001_Q07,variables_parameters,validated_paraphrase,3. Conceptual objects
CLM_PDF001_Q07_002,Debt rollover and dynamic efficiency,PDF001,PDF001_Q07,variables_parameters,validated_paraphrase,3. Conceptual objects
CLM_PDF001_Q07_002,Critical adaptation to urban land-rent financialization in Latin America,PDF001,PDF001_Q07,variables_parameters,validated_paraphrase,3. Conceptual objects
CLM_PDF001_Q07_003,Definitions and conceptual separations,PDF001,PDF001_Q07,variables_parameters,validated_paraphrase,6. Mechanism III
CLM_PDF001_Q07_003,Growth and capital-formation mechanisms,PDF001,PDF001_Q07,variables_parameters,validated_paraphrase,6. Mechanism III
CLM_PDF001_Q07_003,Unbalanced growth and overvaluation,PDF001,PDF001_Q07,variables_parameters,validated_paraphrase,6. Mechanism III
CLM_PDF001_Q07_003,Debt rollover and dynamic efficiency,PDF001,PDF001_Q07,variables_parameters,validated_paraphrase,6. Mechanism III
CLM_PDF001_Q07_004,Definitions and conceptual separations,PDF001,PDF001_Q07,causality,validated_paraphrase,1. Introduction
CLM_PDF001_Q07_004,Growth and capital-formation mechanisms,PDF001,PDF001_Q07,causality,validated_paraphrase,1. Introduction
CLM_PDF001_Q07_004,"Credit, leverage, collateral, and monetary policy",PDF001,PDF001_Q07,causality,validated_paraphrase,1. Introduction
CLM_PDF001_Q07_004,Unbalanced growth and overvaluation,PDF001,PDF001_Q07,causality,validated_paraphrase,1. Introduction
CLM_PDF001_Q07_004,Debt rollover and dynamic efficiency,PDF001,PDF001_Q07,causality,validated_paraphrase,1. Introduction
CLM_PDF001_Q07_005,Definitions and conceptual separations,PDF001,PDF001_Q07,variables_parameters,validated_paraphrase,6. Mechanism III
CLM_PDF001_Q07_005,Growth and capital-formation mechanisms,PDF001,PDF001_Q07,variables_parameters,validated_paraphrase,6. Mechanism III
CLM_PDF001_Q07_005,Unbalanced growth and overvaluation,PDF001,PDF001_Q07,variables_parameters,validated_paraphrase,6. Mechanism III
CLM_PDF001_Q07_005,Debt rollover and dynamic efficiency,PDF001,PDF001_Q07,variables_parameters,validated_paraphrase,6. Mechanism III
CLM_PDF001_Q07_006,Definitions and conceptual separations,PDF001,PDF001_Q07,causality,validated_paraphrase,5. Mechanism II
CLM_PDF001_Q07_006,Growth and capital-formation mechanisms,PDF001,PDF001_Q07,causality,validated_paraphrase,5. Mechanism II
CLM_PDF001_Q07_006,"Credit, leverage, collateral, and monetary policy",PDF001,PDF001_Q07,causality,validated_paraphrase,5. Mechanism II
CLM_PDF001_Q07_006,Unbalanced growth and overvaluation,PDF001,PDF001_Q07,causality,validated_paraphrase,5. Mechanism II
CLM_PDF001_Q07_006,Debt rollover and dynamic efficiency,PDF001,PDF001_Q07,causality,validated_paraphrase,5. Mechanism II
CLM_PDF002_Q01_001,Definitions and conceptual separations,PDF002,PDF002_Q01,causality,validated_paraphrase,6. Mechanism III
CLM_PDF002_Q01_001,Growth and capital-formation mechanisms,PDF002,PDF002_Q01,causality,validated_paraphrase,6. Mechanism III
CLM_PDF002_Q01_001,Unbalanced growth and overvaluation,PDF002,PDF002_Q01,causality,validated_paraphrase,6. Mechanism III
CLM_PDF002_Q01_001,Debt rollover and dynamic efficiency,PDF002,PDF002_Q01,causality,validated_paraphrase,6. Mechanism III
CLM_PDF002_Q01_002,Definitions and conceptual separations,PDF002,PDF002_Q01,variables_parameters,validated_paraphrase,6. Mechanism III
CLM_PDF002_Q01_002,Growth and capital-formation mechanisms,PDF002,PDF002_Q01,variables_parameters,validated_paraphrase,6. Mechanism III
CLM_PDF002_Q01_002,Unbalanced growth and overvaluation,PDF002,PDF002_Q01,variables_parameters,validated_paraphrase,6. Mechanism III
CLM_PDF002_Q01_002,Debt rollover and dynamic efficiency,PDF002,PDF002_Q01,variables_parameters,validated_paraphrase,6. Mechanism III
CLM_PDF002_Q01_003,Definitions and conceptual separations,PDF002,PDF002_Q01,theory_evidence,validated_paraphrase,3. Conceptual objects
CLM_PDF002_Q01_003,Debt rollover and dynamic efficiency,PDF002,PDF002_Q01,theory_evidence,validated_paraphrase,3. Conceptual objects
CLM_PDF002_Q01_003,Critical adaptation to urban land-rent financialization in Latin America,PDF002,PDF002_Q01,theory_evidence,validated_paraphrase,3. Conceptual objects
CLM_PDF002_Q01_004,Definitions and conceptual separations,PDF002,PDF002_Q01,variables_parameters,validated_paraphrase,1. Introduction
CLM_PDF002_Q01_004,Growth and capital-formation mechanisms,PDF002,PDF002_Q01,variables_parameters,validated_paraphrase,1. Introduction
CLM_PDF002_Q01_004,"Credit, leverage, collateral, and monetary policy",PDF002,PDF002_Q01,variables_parameters,validated_paraphrase,1. Introduction
CLM_PDF002_Q01_004,Unbalanced growth and overvaluation,PDF002,PDF002_Q01,variables_parameters,validated_paraphrase,1. Introduction
CLM_PDF002_Q01_004,Debt rollover and dynamic efficiency,PDF002,PDF002_Q01,variables_parameters,validated_paraphrase,1. Introduction
CLM_PDF002_Q01_005,Definitions and conceptual separations,PDF002,PDF002_Q01,variables_parameters,validated_paraphrase,7. Mechanism IV
CLM_PDF002_Q01_005,Growth and capital-formation mechanisms,PDF002,PDF002_Q01,variables_parameters,validated_paraphrase,7. Mechanism IV
CLM_PDF002_Q01_005,"Credit, leverage, collateral, and monetary policy",PDF002,PDF002_Q01,variables_parameters,validated_paraphrase,7. Mechanism IV
CLM_PDF002_Q01_005,Unbalanced growth and overvaluation,PDF002,PDF002_Q01,variables_parameters,validated_paraphrase,7. Mechanism IV
CLM_PDF002_Q01_005,Debt rollover and dynamic efficiency,PDF002,PDF002_Q01,variables_parameters,validated_paraphrase,7. Mechanism IV
CLM_PDF002_Q01_006,Growth and capital-formation mechanisms,PDF002,PDF002_Q01,variables_parameters,validated_paraphrase,1. Introduction
CLM_PDF002_Q01_006,"Credit, leverage, collateral, and monetary policy",PDF002,PDF002_Q01,variables_parameters,validated_paraphrase,1. Introduction
CLM_PDF002_Q01_006,Debt rollover and dynamic efficiency,PDF002,PDF002_Q01,variables_parameters,validated_paraphrase,1. Introduction
CLM_PDF002_Q01_007,Definitions and conceptual separations,PDF002,PDF002_Q01,variables_parameters,validated_paraphrase,6. Mechanism III
CLM_PDF002_Q01_007,Growth and capital-formation mechanisms,PDF002,PDF002_Q01,variables_parameters,validated_paraphrase,6. Mechanism III
CLM_PDF002_Q01_007,"Credit, leverage, collateral, and monetary policy",PDF002,PDF002_Q01,variables_parameters,validated_paraphrase,6. Mechanism III
CLM_PDF002_Q01_007,Unbalanced growth and overvaluation,PDF002,PDF002_Q01,variables_parameters,validated_paraphrase,6. Mechanism III
CLM_PDF002_Q01_007,Debt rollover and dynamic efficiency,PDF002,PDF002_Q01,variables_parameters,validated_paraphrase,6. Mechanism III
CLM_PDF002_Q02_001,Growth and capital-formation mechanisms,PDF002,PDF002_Q02,variables_parameters,validated_paraphrase,6. Mechanism III
CLM_PDF002_Q02_001,"Credit, leverage, collateral, and monetary policy",PDF002,PDF002_Q02,variables_parameters,validated_paraphrase,6. Mechanism III
CLM_PDF002_Q02_001,Unbalanced growth and overvaluation,PDF002,PDF002_Q02,variables_parameters,validated_paraphrase,6. Mechanism III
CLM_PDF002_Q02_001,Debt rollover and dynamic efficiency,PDF002,PDF002_Q02,variables_parameters,validated_paraphrase,6. Mechanism III
CLM_PDF002_Q02_001,Wobbly dynamics and endogenous instability,PDF002,PDF002_Q02,variables_parameters,validated_paraphrase,6. Mechanism III
CLM_PDF002_Q02_002,Growth and capital-formation mechanisms,PDF002,PDF002_Q02,causality,validated_paraphrase,1. Introduction
CLM_PDF002_Q02_002,"Credit, leverage, collateral, and monetary policy",PDF002,PDF002_Q02,causality,validated_paraphrase,1. Introduction
CLM_PDF002_Q02_002,Debt rollover and dynamic efficiency,PDF002,PDF002_Q02,causality,validated_paraphrase,1. Introduction
CLM_PDF002_Q02_003,Definitions and conceptual separations,PDF002,PDF002_Q02,causality,validated_paraphrase,3. Conceptual objects
CLM_PDF002_Q02_003,Growth and capital-formation mechanisms,PDF002,PDF002_Q02,causality,validated_paraphrase,3. Conceptual objects
CLM_PDF002_Q02_003,"Credit, leverage, collateral, and monetary policy",PDF002,PDF002_Q02,causality,validated_paraphrase,3. Conceptual objects
CLM_PDF002_Q02_003,Unbalanced growth and overvaluation,PDF002,PDF002_Q02,causality,validated_paraphrase,3. Conceptual objects
CLM_PDF002_Q02_003,Debt rollover and dynamic efficiency,PDF002,PDF002_Q02,causality,validated_paraphrase,3. Conceptual objects
CLM_PDF002_Q02_003,Critical adaptation to urban land-rent financialization in Latin America,PDF002,PDF002_Q02,causality,validated_paraphrase,3. Conceptual objects
CLM_PDF002_Q02_004,Definitions and conceptual separations,PDF002,PDF002_Q02,variables_parameters,validated_paraphrase,6. Mechanism III
CLM_PDF002_Q02_004,Growth and capital-formation mechanisms,PDF002,PDF002_Q02,variables_parameters,validated_paraphrase,6. Mechanism III
CLM_PDF002_Q02_004,Unbalanced growth and overvaluation,PDF002,PDF002_Q02,variables_parameters,validated_paraphrase,6. Mechanism III
CLM_PDF002_Q02_004,Debt rollover and dynamic efficiency,PDF002,PDF002_Q02,variables_parameters,validated_paraphrase,6. Mechanism III
CLM_PDF002_Q02_005,Growth and capital-formation mechanisms,PDF002,PDF002_Q02,variables_parameters,validated_paraphrase,1. Introduction
CLM_PDF002_Q02_005,"Credit, leverage, collateral, and monetary policy",PDF002,PDF002_Q02,variables_parameters,validated_paraphrase,1. Introduction
CLM_PDF002_Q02_005,Debt rollover and dynamic efficiency,PDF002,PDF002_Q02,variables_parameters,validated_paraphrase,1. Introduction
CLM_PDF002_Q02_006,Growth and capital-formation mechanisms,PDF002,PDF002_Q02,variables_parameters,validated_paraphrase,1. Introduction
CLM_PDF002_Q02_006,"Credit, leverage, collateral, and monetary policy",PDF002,PDF002_Q02,variables_parameters,validated_paraphrase,1. Introduction
CLM_PDF002_Q02_006,Debt rollover and dynamic efficiency,PDF002,PDF002_Q02,variables_parameters,validated_paraphrase,1. Introduction
CLM_PDF002_Q02_007,Growth and capital-formation mechanisms,PDF002,PDF002_Q02,variables_parameters,validated_paraphrase,1. Introduction
CLM_PDF002_Q02_007,"Credit, leverage, collateral, and monetary policy",PDF002,PDF002_Q02,variables_parameters,validated_paraphrase,1. Introduction
CLM_PDF002_Q02_007,Unbalanced growth and overvaluation,PDF002,PDF002_Q02,variables_parameters,validated_paraphrase,1. Introduction
CLM_PDF002_Q02_007,Debt rollover and dynamic efficiency,PDF002,PDF002_Q02,variables_parameters,validated_paraphrase,1. Introduction
CLM_PDF002_Q03_001,"Credit, leverage, collateral, and monetary policy",PDF002,PDF002_Q03,causality,validated_paraphrase,7. Mechanism IV
CLM_PDF002_Q03_001,Debt rollover and dynamic efficiency,PDF002,PDF002_Q03,causality,validated_paraphrase,7. Mechanism IV
CLM_PDF002_Q03_002,Debt rollover and dynamic efficiency,PDF002,PDF002_Q03,variables_parameters,validated_paraphrase,7. Mechanism IV
CLM_PDF002_Q03_003,Definitions and conceptual separations,PDF002,PDF002_Q03,variables_parameters,validated_paraphrase,3. Conceptual objects
CLM_PDF002_Q03_003,Debt rollover and dynamic efficiency,PDF002,PDF002_Q03,variables_parameters,validated_paraphrase,3. Conceptual objects
CLM_PDF002_Q03_003,Critical adaptation to urban land-rent financialization in Latin America,PDF002,PDF002_Q03,variables_parameters,validated_paraphrase,3. Conceptual objects
CLM_PDF002_Q03_004,Growth and capital-formation mechanisms,PDF002,PDF002_Q03,mechanism,validated_paraphrase,1. Introduction
CLM_PDF002_Q03_004,"Credit, leverage, collateral, and monetary policy",PDF002,PDF002_Q03,mechanism,validated_paraphrase,1. Introduction
CLM_PDF002_Q03_004,Unbalanced growth and overvaluation,PDF002,PDF002_Q03,mechanism,validated_paraphrase,1. Introduction
CLM_PDF002_Q03_004,Debt rollover and dynamic efficiency,PDF002,PDF002_Q03,mechanism,validated_paraphrase,1. Introduction
CLM_PDF002_Q03_005,Growth and capital-formation mechanisms,PDF002,PDF002_Q03,variables_parameters,validated_paraphrase,1. Introduction
CLM_PDF002_Q03_005,"Credit, leverage, collateral, and monetary policy",PDF002,PDF002_Q03,variables_parameters,validated_paraphrase,1. Introduction
CLM_PDF002_Q03_005,Debt rollover and dynamic efficiency,PDF002,PDF002_Q03,variables_parameters,validated_paraphrase,1. Introduction
CLM_PDF002_Q03_006,Growth and capital-formation mechanisms,PDF002,PDF002_Q03,variables_parameters,validated_paraphrase,1. Introduction
CLM_PDF002_Q03_006,"Credit, leverage, collateral, and monetary policy",PDF002,PDF002_Q03,variables_parameters,validated_paraphrase,1. Introduction
CLM_PDF002_Q03_006,Debt rollover and dynamic efficiency,PDF002,PDF002_Q03,variables_parameters,validated_paraphrase,1. Introduction
CLM_PDF002_Q03_006,Wobbly dynamics and endogenous instability,PDF002,PDF002_Q03,variables_parameters,validated_paraphrase,1. Introduction
CLM_PDF002_Q03_007,"Credit, leverage, collateral, and monetary policy",PDF002,PDF002_Q03,mechanism,validated_paraphrase,7. Mechanism IV
CLM_PDF002_Q03_007,Debt rollover and dynamic efficiency,PDF002,PDF002_Q03,mechanism,validated_paraphrase,7. Mechanism IV
CLM_PDF002_Q03_007,Wobbly dynamics and endogenous instability,PDF002,PDF002_Q03,mechanism,validated_paraphrase,7. Mechanism IV
CLM_PDF002_Q04_001,Definitions and conceptual separations,PDF002,PDF002_Q04,causality,validated_paraphrase,6. Mechanism III
CLM_PDF002_Q04_001,Growth and capital-formation mechanisms,PDF002,PDF002_Q04,causality,validated_paraphrase,6. Mechanism III
CLM_PDF002_Q04_001,"Credit, leverage, collateral, and monetary policy",PDF002,PDF002_Q04,causality,validated_paraphrase,6. Mechanism III
CLM_PDF002_Q04_001,Unbalanced growth and overvaluation,PDF002,PDF002_Q04,causality,validated_paraphrase,6. Mechanism III
CLM_PDF002_Q04_001,Debt rollover and dynamic efficiency,PDF002,PDF002_Q04,causality,validated_paraphrase,6. Mechanism III
CLM_PDF002_Q04_002,Growth and capital-formation mechanisms,PDF002,PDF002_Q04,variables_parameters,validated_paraphrase,7. Mechanism IV
CLM_PDF002_Q04_002,Debt rollover and dynamic efficiency,PDF002,PDF002_Q04,variables_parameters,validated_paraphrase,7. Mechanism IV
CLM_PDF002_Q04_003,Definitions and conceptual separations,PDF002,PDF002_Q04,variables_parameters,validated_paraphrase,3. Conceptual objects
CLM_PDF002_Q04_003,Growth and capital-formation mechanisms,PDF002,PDF002_Q04,variables_parameters,validated_paraphrase,3. Conceptual objects
CLM_PDF002_Q04_003,Unbalanced growth and overvaluation,PDF002,PDF002_Q04,variables_parameters,validated_paraphrase,3. Conceptual objects
CLM_PDF002_Q04_003,Debt rollover and dynamic efficiency,PDF002,PDF002_Q04,variables_parameters,validated_paraphrase,3. Conceptual objects
CLM_PDF002_Q04_003,Critical adaptation to urban land-rent financialization in Latin America,PDF002,PDF002_Q04,variables_parameters,validated_paraphrase,3. Conceptual objects
CLM_PDF002_Q04_004,Definitions and conceptual separations,PDF002,PDF002_Q04,variables_parameters,validated_paraphrase,1. Introduction
CLM_PDF002_Q04_004,Growth and capital-formation mechanisms,PDF002,PDF002_Q04,variables_parameters,validated_paraphrase,1. Introduction
CLM_PDF002_Q04_004,"Credit, leverage, collateral, and monetary policy",PDF002,PDF002_Q04,variables_parameters,validated_paraphrase,1. Introduction
CLM_PDF002_Q04_004,Unbalanced growth and overvaluation,PDF002,PDF002_Q04,variables_parameters,validated_paraphrase,1. Introduction
CLM_PDF002_Q04_004,Debt rollover and dynamic efficiency,PDF002,PDF002_Q04,variables_parameters,validated_paraphrase,1. Introduction
CLM_PDF002_Q04_005,Growth and capital-formation mechanisms,PDF002,PDF002_Q04,causality,validated_paraphrase,1. Introduction
CLM_PDF002_Q04_005,"Credit, leverage, collateral, and monetary policy",PDF002,PDF002_Q04,causality,validated_paraphrase,1. Introduction
CLM_PDF002_Q04_005,Debt rollover and dynamic efficiency,PDF002,PDF002_Q04,causality,validated_paraphrase,1. Introduction
CLM_PDF002_Q04_006,"Credit, leverage, collateral, and monetary policy",PDF002,PDF002_Q04,causality,validated_paraphrase,7. Mechanism IV
CLM_PDF002_Q04_006,Debt rollover and dynamic efficiency,PDF002,PDF002_Q04,causality,validated_paraphrase,7. Mechanism IV
CLM_PDF002_Q04_007,Definitions and conceptual separations,PDF002,PDF002_Q04,variables_parameters,validated_paraphrase,6. Mechanism III
CLM_PDF002_Q04_007,Growth and capital-formation mechanisms,PDF002,PDF002_Q04,variables_parameters,validated_paraphrase,6. Mechanism III
CLM_PDF002_Q04_007,"Credit, leverage, collateral, and monetary policy",PDF002,PDF002_Q04,variables_parameters,validated_paraphrase,6. Mechanism III
CLM_PDF002_Q04_007,Unbalanced growth and overvaluation,PDF002,PDF002_Q04,variables_parameters,validated_paraphrase,6. Mechanism III
CLM_PDF002_Q04_007,Debt rollover and dynamic efficiency,PDF002,PDF002_Q04,variables_parameters,validated_paraphrase,6. Mechanism III
CLM_PDF002_Q05_001,Definitions and conceptual separations,PDF002,PDF002_Q05,variables_parameters,validated_paraphrase,6. Mechanism III
CLM_PDF002_Q05_001,Growth and capital-formation mechanisms,PDF002,PDF002_Q05,variables_parameters,validated_paraphrase,6. Mechanism III
CLM_PDF002_Q05_001,Unbalanced growth and overvaluation,PDF002,PDF002_Q05,variables_parameters,validated_paraphrase,6. Mechanism III
CLM_PDF002_Q05_001,Debt rollover and dynamic efficiency,PDF002,PDF002_Q05,variables_parameters,validated_paraphrase,6. Mechanism III
CLM_PDF002_Q05_002,Growth and capital-formation mechanisms,PDF002,PDF002_Q05,variables_parameters,validated_paraphrase,1. Introduction
CLM_PDF002_Q05_002,"Credit, leverage, collateral, and monetary policy",PDF002,PDF002_Q05,variables_parameters,validated_paraphrase,1. Introduction
CLM_PDF002_Q05_002,Debt rollover and dynamic efficiency,PDF002,PDF002_Q05,variables_parameters,validated_paraphrase,1. Introduction
CLM_PDF002_Q05_003,Debt rollover and dynamic efficiency,PDF002,PDF002_Q05,variables_parameters,validated_paraphrase,7. Mechanism IV
CLM_PDF002_Q05_003,Critical adaptation to urban land-rent financialization in Latin America,PDF002,PDF002_Q05,variables_parameters,validated_paraphrase,7. Mechanism IV
CLM_PDF002_Q05_004,Definitions and conceptual separations,PDF002,PDF002_Q05,variables_parameters,validated_paraphrase,1. Introduction
CLM_PDF002_Q05_004,Growth and capital-formation mechanisms,PDF002,PDF002_Q05,variables_parameters,validated_paraphrase,1. Introduction
CLM_PDF002_Q05_004,"Credit, leverage, collateral, and monetary policy",PDF002,PDF002_Q05,variables_parameters,validated_paraphrase,1. Introduction
CLM_PDF002_Q05_004,Unbalanced growth and overvaluation,PDF002,PDF002_Q05,variables_parameters,validated_paraphrase,1. Introduction
CLM_PDF002_Q05_004,Debt rollover and dynamic efficiency,PDF002,PDF002_Q05,variables_parameters,validated_paraphrase,1. Introduction
CLM_PDF002_Q05_005,Definitions and conceptual separations,PDF002,PDF002_Q05,variables_parameters,validated_paraphrase,6. Mechanism III
CLM_PDF002_Q05_005,Growth and capital-formation mechanisms,PDF002,PDF002_Q05,variables_parameters,validated_paraphrase,6. Mechanism III
CLM_PDF002_Q05_005,Unbalanced growth and overvaluation,PDF002,PDF002_Q05,variables_parameters,validated_paraphrase,6. Mechanism III
CLM_PDF002_Q05_005,Debt rollover and dynamic efficiency,PDF002,PDF002_Q05,variables_parameters,validated_paraphrase,6. Mechanism III
CLM_PDF002_Q05_006,Definitions and conceptual separations,PDF002,PDF002_Q05,causality,validated_paraphrase,1. Introduction
CLM_PDF002_Q05_006,Growth and capital-formation mechanisms,PDF002,PDF002_Q05,causality,validated_paraphrase,1. Introduction
CLM_PDF002_Q05_006,"Credit, leverage, collateral, and monetary policy",PDF002,PDF002_Q05,causality,validated_paraphrase,1. Introduction
CLM_PDF002_Q05_006,Unbalanced growth and overvaluation,PDF002,PDF002_Q05,causality,validated_paraphrase,1. Introduction
CLM_PDF002_Q05_006,Debt rollover and dynamic efficiency,PDF002,PDF002_Q05,causality,validated_paraphrase,1. Introduction
CLM_PDF002_Q05_007,Growth and capital-formation mechanisms,PDF002,PDF002_Q05,variables_parameters,validated_paraphrase,7. Mechanism IV
CLM_PDF002_Q05_007,"Credit, leverage, collateral, and monetary policy",PDF002,PDF002_Q05,variables_parameters,validated_paraphrase,7. Mechanism IV
CLM_PDF002_Q05_007,Debt rollover and dynamic efficiency,PDF002,PDF002_Q05,variables_parameters,validated_paraphrase,7. Mechanism IV
CLM_PDF002_Q06_001,Growth and capital-formation mechanisms,PDF002,PDF002_Q06,causality,validated_paraphrase,6. Mechanism III
CLM_PDF002_Q06_001,"Credit, leverage, collateral, and monetary policy",PDF002,PDF002_Q06,causality,validated_paraphrase,6. Mechanism III
CLM_PDF002_Q06_001,Unbalanced growth and overvaluation,PDF002,PDF002_Q06,causality,validated_paraphrase,6. Mechanism III
CLM_PDF002_Q06_001,Debt rollover and dynamic efficiency,PDF002,PDF002_Q06,causality,validated_paraphrase,6. Mechanism III
CLM_PDF002_Q06_001,Wobbly dynamics and endogenous instability,PDF002,PDF002_Q06,causality,validated_paraphrase,6. Mechanism III
CLM_PDF002_Q06_002,"Credit, leverage, collateral, and monetary policy",PDF002,PDF002_Q06,theory_evidence,validated_paraphrase,7. Mechanism IV
CLM_PDF002_Q06_002,Debt rollover and dynamic efficiency,PDF002,PDF002_Q06,theory_evidence,validated_paraphrase,7. Mechanism IV
CLM_PDF002_Q06_002,Wobbly dynamics and endogenous instability,PDF002,PDF002_Q06,theory_evidence,validated_paraphrase,7. Mechanism IV
CLM_PDF002_Q06_003,"Credit, leverage, collateral, and monetary policy",PDF002,PDF002_Q06,variables_parameters,validated_paraphrase,7. Mechanism IV
CLM_PDF002_Q06_003,Debt rollover and dynamic efficiency,PDF002,PDF002_Q06,variables_parameters,validated_paraphrase,7. Mechanism IV
CLM_PDF002_Q06_003,Wobbly dynamics and endogenous instability,PDF002,PDF002_Q06,variables_parameters,validated_paraphrase,7. Mechanism IV
CLM_PDF002_Q06_003,Policy and institutional implications,PDF002,PDF002_Q06,variables_parameters,validated_paraphrase,7. Mechanism IV
CLM_PDF002_Q06_003,Critical adaptation to urban land-rent financialization in Latin America,PDF002,PDF002_Q06,variables_parameters,validated_paraphrase,7. Mechanism IV
CLM_PDF002_Q06_004,Growth and capital-formation mechanisms,PDF002,PDF002_Q06,variables_parameters,validated_paraphrase,7. Mechanism IV
CLM_PDF002_Q06_004,"Credit, leverage, collateral, and monetary policy",PDF002,PDF002_Q06,variables_parameters,validated_paraphrase,7. Mechanism IV
CLM_PDF002_Q06_004,Debt rollover and dynamic efficiency,PDF002,PDF002_Q06,variables_parameters,validated_paraphrase,7. Mechanism IV
CLM_PDF002_Q06_005,Growth and capital-formation mechanisms,PDF002,PDF002_Q06,variables_parameters,validated_paraphrase,7. Mechanism IV
CLM_PDF002_Q06_005,Debt rollover and dynamic efficiency,PDF002,PDF002_Q06,variables_parameters,validated_paraphrase,7. Mechanism IV
CLM_PDF002_Q06_006,Growth and capital-formation mechanisms,PDF002,PDF002_Q06,variables_parameters,validated_paraphrase,6. Mechanism III
CLM_PDF002_Q06_006,"Credit, leverage, collateral, and monetary policy",PDF002,PDF002_Q06,variables_parameters,validated_paraphrase,6. Mechanism III
CLM_PDF002_Q06_006,Unbalanced growth and overvaluation,PDF002,PDF002_Q06,variables_parameters,validated_paraphrase,6. Mechanism III
CLM_PDF002_Q06_006,Debt rollover and dynamic efficiency,PDF002,PDF002_Q06,variables_parameters,validated_paraphrase,6. Mechanism III
CLM_PDF002_Q06_006,Wobbly dynamics and endogenous instability,PDF002,PDF002_Q06,variables_parameters,validated_paraphrase,6. Mechanism III
CLM_PDF002_Q06_007,"Credit, leverage, collateral, and monetary policy",PDF002,PDF002_Q06,variables_parameters,validated_paraphrase,7. Mechanism IV
CLM_PDF002_Q06_007,Debt rollover and dynamic efficiency,PDF002,PDF002_Q06,variables_parameters,validated_paraphrase,7. Mechanism IV
CLM_PDF002_Q07_001,Growth and capital-formation mechanisms,PDF002,PDF002_Q07,causality,validated_paraphrase,6. Mechanism III
CLM_PDF002_Q07_001,"Credit, leverage, collateral, and monetary policy",PDF002,PDF002_Q07,causality,validated_paraphrase,6. Mechanism III
CLM_PDF002_Q07_001,Unbalanced growth and overvaluation,PDF002,PDF002_Q07,causality,validated_paraphrase,6. Mechanism III
CLM_PDF002_Q07_001,Debt rollover and dynamic efficiency,PDF002,PDF002_Q07,causality,validated_paraphrase,6. Mechanism III
CLM_PDF002_Q07_001,Wobbly dynamics and endogenous instability,PDF002,PDF002_Q07,causality,validated_paraphrase,6. Mechanism III
CLM_PDF002_Q07_002,"Credit, leverage, collateral, and monetary policy",PDF002,PDF002_Q07,theory_evidence,validated_paraphrase,7. Mechanism IV
CLM_PDF002_Q07_002,Debt rollover and dynamic efficiency,PDF002,PDF002_Q07,theory_evidence,validated_paraphrase,7. Mechanism IV
CLM_PDF002_Q07_002,Wobbly dynamics and endogenous instability,PDF002,PDF002_Q07,theory_evidence,validated_paraphrase,7. Mechanism IV
CLM_PDF002_Q07_003,Definitions and conceptual separations,PDF002,PDF002_Q07,causality,validated_paraphrase,9. Critical appraisal
CLM_PDF002_Q07_003,"Credit, leverage, collateral, and monetary policy",PDF002,PDF002_Q07,causality,validated_paraphrase,9. Critical appraisal
CLM_PDF002_Q07_003,Debt rollover and dynamic efficiency,PDF002,PDF002_Q07,causality,validated_paraphrase,9. Critical appraisal
CLM_PDF002_Q07_003,Policy and institutional implications,PDF002,PDF002_Q07,causality,validated_paraphrase,9. Critical appraisal
CLM_PDF002_Q07_003,Critical adaptation to urban land-rent financialization in Latin America,PDF002,PDF002_Q07,causality,validated_paraphrase,9. Critical appraisal
CLM_PDF002_Q07_004,Growth and capital-formation mechanisms,PDF002,PDF002_Q07,variables_parameters,validated_paraphrase,1. Introduction
CLM_PDF002_Q07_004,"Credit, leverage, collateral, and monetary policy",PDF002,PDF002_Q07,variables_parameters,validated_paraphrase,1. Introduction
CLM_PDF002_Q07_004,Debt rollover and dynamic efficiency,PDF002,PDF002_Q07,variables_parameters,validated_paraphrase,1. Introduction
CLM_PDF002_Q07_005,Growth and capital-formation mechanisms,PDF002,PDF002_Q07,variables_parameters,validated_paraphrase,1. Introduction
CLM_PDF002_Q07_005,"Credit, leverage, collateral, and monetary policy",PDF002,PDF002_Q07,variables_parameters,validated_paraphrase,1. Introduction
CLM_PDF002_Q07_005,Debt rollover and dynamic efficiency,PDF002,PDF002_Q07,variables_parameters,validated_paraphrase,1. Introduction
CLM_PDF002_Q07_006,"Credit, leverage, collateral, and monetary policy",PDF002,PDF002_Q07,causality,validated_paraphrase,7. Mechanism IV
CLM_PDF002_Q07_006,Debt rollover and dynamic efficiency,PDF002,PDF002_Q07,causality,validated_paraphrase,7. Mechanism IV
CLM_PDF002_Q07_006,Wobbly dynamics and endogenous instability,PDF002,PDF002_Q07,causality,validated_paraphrase,7. Mechanism IV
CLM_PDF002_Q07_007,Definitions and conceptual separations,PDF002,PDF002_Q07,variables_parameters,validated_paraphrase,6. Mechanism III
CLM_PDF002_Q07_007,Growth and capital-formation mechanisms,PDF002,PDF002_Q07,variables_parameters,validated_paraphrase,6. Mechanism III
CLM_PDF002_Q07_007,"Credit, leverage, collateral, and monetary policy",PDF002,PDF002_Q07,variables_parameters,validated_paraphrase,6. Mechanism III
CLM_PDF002_Q07_007,Unbalanced growth and overvaluation,PDF002,PDF002_Q07,variables_parameters,validated_paraphrase,6. Mechanism III
CLM_PDF002_Q07_007,Debt rollover and dynamic efficiency,PDF002,PDF002_Q07,variables_parameters,validated_paraphrase,6. Mechanism III
CLM_PDF003_Q01_001,Definitions and conceptual separations,PDF003,PDF003_Q01,variables_parameters,validated_paraphrase,4. Mechanism I
CLM_PDF003_Q01_001,Growth and capital-formation mechanisms,PDF003,PDF003_Q01,variables_parameters,validated_paraphrase,4. Mechanism I
CLM_PDF003_Q01_001,"Credit, leverage, collateral, and monetary policy",PDF003,PDF003_Q01,variables_parameters,validated_paraphrase,4. Mechanism I
CLM_PDF003_Q01_001,Debt rollover and dynamic efficiency,PDF003,PDF003_Q01,variables_parameters,validated_paraphrase,4. Mechanism I
CLM_PDF003_Q01_001,Wobbly dynamics and endogenous instability,PDF003,PDF003_Q01,variables_parameters,validated_paraphrase,4. Mechanism I
CLM_PDF003_Q01_002,Growth and capital-formation mechanisms,PDF003,PDF003_Q01,mechanism,validated_paraphrase,1. Introduction
CLM_PDF003_Q01_002,"Credit, leverage, collateral, and monetary policy",PDF003,PDF003_Q01,mechanism,validated_paraphrase,1. Introduction
CLM_PDF003_Q01_002,Debt rollover and dynamic efficiency,PDF003,PDF003_Q01,mechanism,validated_paraphrase,1. Introduction
CLM_PDF003_Q01_003,Growth and capital-formation mechanisms,PDF003,PDF003_Q01,theory_evidence,validated_paraphrase,5. Mechanism II
CLM_PDF003_Q01_003,"Credit, leverage, collateral, and monetary policy",PDF003,PDF003_Q01,theory_evidence,validated_paraphrase,5. Mechanism II
CLM_PDF003_Q01_003,Debt rollover and dynamic efficiency,PDF003,PDF003_Q01,theory_evidence,validated_paraphrase,5. Mechanism II
CLM_PDF003_Q01_003,Critical adaptation to urban land-rent financialization in Latin America,PDF003,PDF003_Q01,theory_evidence,validated_paraphrase,5. Mechanism II
CLM_PDF003_Q01_004,Growth and capital-formation mechanisms,PDF003,PDF003_Q01,mechanism,validated_paraphrase,5. Mechanism II
CLM_PDF003_Q01_004,"Credit, leverage, collateral, and monetary policy",PDF003,PDF003_Q01,mechanism,validated_paraphrase,5. Mechanism II
CLM_PDF003_Q01_004,Debt rollover and dynamic efficiency,PDF003,PDF003_Q01,mechanism,validated_paraphrase,5. Mechanism II
CLM_PDF003_Q01_004,Policy and institutional implications,PDF003,PDF003_Q01,mechanism,validated_paraphrase,5. Mechanism II
CLM_PDF003_Q01_005,Definitions and conceptual separations,PDF003,PDF003_Q01,variables_parameters,validated_paraphrase,5. Mechanism II
CLM_PDF003_Q01_005,Growth and capital-formation mechanisms,PDF003,PDF003_Q01,variables_parameters,validated_paraphrase,5. Mechanism II
CLM_PDF003_Q01_005,"Credit, leverage, collateral, and monetary policy",PDF003,PDF003_Q01,variables_parameters,validated_paraphrase,5. Mechanism II
CLM_PDF003_Q01_005,Debt rollover and dynamic efficiency,PDF003,PDF003_Q01,variables_parameters,validated_paraphrase,5. Mechanism II
CLM_PDF003_Q01_006,Definitions and conceptual separations,PDF003,PDF003_Q01,mechanism,validated_paraphrase,4. Mechanism I
CLM_PDF003_Q01_006,Growth and capital-formation mechanisms,PDF003,PDF003_Q01,mechanism,validated_paraphrase,4. Mechanism I
CLM_PDF003_Q01_006,"Credit, leverage, collateral, and monetary policy",PDF003,PDF003_Q01,mechanism,validated_paraphrase,4. Mechanism I
CLM_PDF003_Q01_006,Debt rollover and dynamic efficiency,PDF003,PDF003_Q01,mechanism,validated_paraphrase,4. Mechanism I
CLM_PDF003_Q01_006,Wobbly dynamics and endogenous instability,PDF003,PDF003_Q01,mechanism,validated_paraphrase,4. Mechanism I
CLM_PDF003_Q01_007,Definitions and conceptual separations,PDF003,PDF003_Q01,variables_parameters,validated_paraphrase,3. Conceptual objects
CLM_PDF003_Q01_007,Growth and capital-formation mechanisms,PDF003,PDF003_Q01,variables_parameters,validated_paraphrase,3. Conceptual objects
CLM_PDF003_Q01_007,"Credit, leverage, collateral, and monetary policy",PDF003,PDF003_Q01,variables_parameters,validated_paraphrase,3. Conceptual objects
CLM_PDF003_Q01_007,Debt rollover and dynamic efficiency,PDF003,PDF003_Q01,variables_parameters,validated_paraphrase,3. Conceptual objects
CLM_PDF003_Q02_001,Definitions and conceptual separations,PDF003,PDF003_Q02,variables_parameters,validated_paraphrase,3. Conceptual objects
CLM_PDF003_Q02_001,Growth and capital-formation mechanisms,PDF003,PDF003_Q02,variables_parameters,validated_paraphrase,3. Conceptual objects
CLM_PDF003_Q02_001,"Credit, leverage, collateral, and monetary policy",PDF003,PDF003_Q02,variables_parameters,validated_paraphrase,3. Conceptual objects
CLM_PDF003_Q02_001,Debt rollover and dynamic efficiency,PDF003,PDF003_Q02,variables_parameters,validated_paraphrase,3. Conceptual objects
CLM_PDF003_Q02_002,Growth and capital-formation mechanisms,PDF003,PDF003_Q02,variables_parameters,validated_paraphrase,5. Mechanism II
CLM_PDF003_Q02_002,"Credit, leverage, collateral, and monetary policy",PDF003,PDF003_Q02,variables_parameters,validated_paraphrase,5. Mechanism II
CLM_PDF003_Q02_002,Debt rollover and dynamic efficiency,PDF003,PDF003_Q02,variables_parameters,validated_paraphrase,5. Mechanism II
CLM_PDF003_Q02_003,Definitions and conceptual separations,PDF003,PDF003_Q02,variables_parameters,validated_paraphrase,3. Conceptual objects
CLM_PDF003_Q02_003,Growth and capital-formation mechanisms,PDF003,PDF003_Q02,variables_parameters,validated_paraphrase,3. Conceptual objects
CLM_PDF003_Q02_003,"Credit, leverage, collateral, and monetary policy",PDF003,PDF003_Q02,variables_parameters,validated_paraphrase,3. Conceptual objects
CLM_PDF003_Q02_003,Debt rollover and dynamic efficiency,PDF003,PDF003_Q02,variables_parameters,validated_paraphrase,3. Conceptual objects
CLM_PDF003_Q02_003,Critical adaptation to urban land-rent financialization in Latin America,PDF003,PDF003_Q02,variables_parameters,validated_paraphrase,3. Conceptual objects
CLM_PDF003_Q02_004,Definitions and conceptual separations,PDF003,PDF003_Q02,variables_parameters,validated_paraphrase,3. Conceptual objects
CLM_PDF003_Q02_004,Growth and capital-formation mechanisms,PDF003,PDF003_Q02,variables_parameters,validated_paraphrase,3. Conceptual objects
CLM_PDF003_Q02_004,"Credit, leverage, collateral, and monetary policy",PDF003,PDF003_Q02,variables_parameters,validated_paraphrase,3. Conceptual objects
CLM_PDF003_Q02_004,Debt rollover and dynamic efficiency,PDF003,PDF003_Q02,variables_parameters,validated_paraphrase,3. Conceptual objects
CLM_PDF003_Q02_005,Definitions and conceptual separations,PDF003,PDF003_Q02,variables_parameters,validated_paraphrase,3. Conceptual objects
CLM_PDF003_Q02_005,Growth and capital-formation mechanisms,PDF003,PDF003_Q02,variables_parameters,validated_paraphrase,3. Conceptual objects
CLM_PDF003_Q02_005,"Credit, leverage, collateral, and monetary policy",PDF003,PDF003_Q02,variables_parameters,validated_paraphrase,3. Conceptual objects
CLM_PDF003_Q02_005,Debt rollover and dynamic efficiency,PDF003,PDF003_Q02,variables_parameters,validated_paraphrase,3. Conceptual objects
CLM_PDF003_Q02_006,Definitions and conceptual separations,PDF003,PDF003_Q02,variables_parameters,validated_paraphrase,5. Mechanism II
CLM_PDF003_Q02_006,Growth and capital-formation mechanisms,PDF003,PDF003_Q02,variables_parameters,validated_paraphrase,5. Mechanism II
CLM_PDF003_Q02_006,"Credit, leverage, collateral, and monetary policy",PDF003,PDF003_Q02,variables_parameters,validated_paraphrase,5. Mechanism II
CLM_PDF003_Q02_006,Debt rollover and dynamic efficiency,PDF003,PDF003_Q02,variables_parameters,validated_paraphrase,5. Mechanism II
CLM_PDF003_Q02_007,Definitions and conceptual separations,PDF003,PDF003_Q02,causality,validated_paraphrase,3. Conceptual objects
CLM_PDF003_Q02_007,Growth and capital-formation mechanisms,PDF003,PDF003_Q02,causality,validated_paraphrase,3. Conceptual objects
CLM_PDF003_Q02_007,"Credit, leverage, collateral, and monetary policy",PDF003,PDF003_Q02,causality,validated_paraphrase,3. Conceptual objects
CLM_PDF003_Q02_007,Debt rollover and dynamic efficiency,PDF003,PDF003_Q02,causality,validated_paraphrase,3. Conceptual objects
CLM_PDF003_Q02_007,Wobbly dynamics and endogenous instability,PDF003,PDF003_Q02,causality,validated_paraphrase,3. Conceptual objects
CLM_PDF003_Q03_001,Definitions and conceptual separations,PDF003,PDF003_Q03,variables_parameters,validated_paraphrase,3. Conceptual objects
CLM_PDF003_Q03_001,Growth and capital-formation mechanisms,PDF003,PDF003_Q03,variables_parameters,validated_paraphrase,3. Conceptual objects
CLM_PDF003_Q03_001,"Credit, leverage, collateral, and monetary policy",PDF003,PDF003_Q03,variables_parameters,validated_paraphrase,3. Conceptual objects
CLM_PDF003_Q03_001,Debt rollover and dynamic efficiency,PDF003,PDF003_Q03,variables_parameters,validated_paraphrase,3. Conceptual objects
CLM_PDF003_Q03_001,Wobbly dynamics and endogenous instability,PDF003,PDF003_Q03,variables_parameters,validated_paraphrase,3. Conceptual objects
CLM_PDF003_Q03_002,Definitions and conceptual separations,PDF003,PDF003_Q03,variables_parameters,validated_paraphrase,3. Conceptual objects
CLM_PDF003_Q03_002,Growth and capital-formation mechanisms,PDF003,PDF003_Q03,variables_parameters,validated_paraphrase,3. Conceptual objects
CLM_PDF003_Q03_002,"Credit, leverage, collateral, and monetary policy",PDF003,PDF003_Q03,variables_parameters,validated_paraphrase,3. Conceptual objects
CLM_PDF003_Q03_002,Debt rollover and dynamic efficiency,PDF003,PDF003_Q03,variables_parameters,validated_paraphrase,3. Conceptual objects
CLM_PDF003_Q03_003,Definitions and conceptual separations,PDF003,PDF003_Q03,variables_parameters,validated_paraphrase,3. Conceptual objects
CLM_PDF003_Q03_003,Debt rollover and dynamic efficiency,PDF003,PDF003_Q03,variables_parameters,validated_paraphrase,3. Conceptual objects
CLM_PDF003_Q03_003,Critical adaptation to urban land-rent financialization in Latin America,PDF003,PDF003_Q03,variables_parameters,validated_paraphrase,3. Conceptual objects
CLM_PDF003_Q03_004,Definitions and conceptual separations,PDF003,PDF003_Q03,variables_parameters,validated_paraphrase,3. Conceptual objects
CLM_PDF003_Q03_004,Growth and capital-formation mechanisms,PDF003,PDF003_Q03,variables_parameters,validated_paraphrase,3. Conceptual objects
CLM_PDF003_Q03_004,"Credit, leverage, collateral, and monetary policy",PDF003,PDF003_Q03,variables_parameters,validated_paraphrase,3. Conceptual objects
CLM_PDF003_Q03_004,Debt rollover and dynamic efficiency,PDF003,PDF003_Q03,variables_parameters,validated_paraphrase,3. Conceptual objects
CLM_PDF003_Q03_005,Definitions and conceptual separations,PDF003,PDF003_Q03,variables_parameters,validated_paraphrase,5. Mechanism II
CLM_PDF003_Q03_005,Growth and capital-formation mechanisms,PDF003,PDF003_Q03,variables_parameters,validated_paraphrase,5. Mechanism II
CLM_PDF003_Q03_005,"Credit, leverage, collateral, and monetary policy",PDF003,PDF003_Q03,variables_parameters,validated_paraphrase,5. Mechanism II
CLM_PDF003_Q03_005,Debt rollover and dynamic efficiency,PDF003,PDF003_Q03,variables_parameters,validated_paraphrase,5. Mechanism II
CLM_PDF003_Q03_006,Growth and capital-formation mechanisms,PDF003,PDF003_Q03,variables_parameters,validated_paraphrase,1. Introduction
CLM_PDF003_Q03_006,"Credit, leverage, collateral, and monetary policy",PDF003,PDF003_Q03,variables_parameters,validated_paraphrase,1. Introduction
CLM_PDF003_Q03_006,Debt rollover and dynamic efficiency,PDF003,PDF003_Q03,variables_parameters,validated_paraphrase,1. Introduction
CLM_PDF003_Q03_007,Definitions and conceptual separations,PDF003,PDF003_Q03,variables_parameters,validated_paraphrase,3. Conceptual objects
CLM_PDF003_Q03_007,Growth and capital-formation mechanisms,PDF003,PDF003_Q03,variables_parameters,validated_paraphrase,3. Conceptual objects
CLM_PDF003_Q03_007,"Credit, leverage, collateral, and monetary policy",PDF003,PDF003_Q03,variables_parameters,validated_paraphrase,3. Conceptual objects
CLM_PDF003_Q03_007,Debt rollover and dynamic efficiency,PDF003,PDF003_Q03,variables_parameters,validated_paraphrase,3. Conceptual objects
CLM_PDF003_Q04_001,Definitions and conceptual separations,PDF003,PDF003_Q04,variables_parameters,validated_paraphrase,3. Conceptual objects
CLM_PDF003_Q04_001,Growth and capital-formation mechanisms,PDF003,PDF003_Q04,variables_parameters,validated_paraphrase,3. Conceptual objects
CLM_PDF003_Q04_001,"Credit, leverage, collateral, and monetary policy",PDF003,PDF003_Q04,variables_parameters,validated_paraphrase,3. Conceptual objects
CLM_PDF003_Q04_001,Debt rollover and dynamic efficiency,PDF003,PDF003_Q04,variables_parameters,validated_paraphrase,3. Conceptual objects
CLM_PDF003_Q04_002,Growth and capital-formation mechanisms,PDF003,PDF003_Q04,variables_parameters,validated_paraphrase,1. Introduction
CLM_PDF003_Q04_002,"Credit, leverage, collateral, and monetary policy",PDF003,PDF003_Q04,variables_parameters,validated_paraphrase,1. Introduction
CLM_PDF003_Q04_002,Debt rollover and dynamic efficiency,PDF003,PDF003_Q04,variables_parameters,validated_paraphrase,1. Introduction
CLM_PDF003_Q04_003,Definitions and conceptual separations,PDF003,PDF003_Q04,variables_parameters,validated_paraphrase,3. Conceptual objects
CLM_PDF003_Q04_003,"Credit, leverage, collateral, and monetary policy",PDF003,PDF003_Q04,variables_parameters,validated_paraphrase,3. Conceptual objects
CLM_PDF003_Q04_003,Debt rollover and dynamic efficiency,PDF003,PDF003_Q04,variables_parameters,validated_paraphrase,3. Conceptual objects
CLM_PDF003_Q04_003,Critical adaptation to urban land-rent financialization in Latin America,PDF003,PDF003_Q04,variables_parameters,validated_paraphrase,3. Conceptual objects
CLM_PDF003_Q04_004,"Credit, leverage, collateral, and monetary policy",PDF003,PDF003_Q04,mechanism,validated_paraphrase,10. Research agenda
CLM_PDF003_Q04_004,Debt rollover and dynamic efficiency,PDF003,PDF003_Q04,mechanism,validated_paraphrase,10. Research agenda
CLM_PDF003_Q04_004,Policy and institutional implications,PDF003,PDF003_Q04,mechanism,validated_paraphrase,10. Research agenda
CLM_PDF003_Q04_005,Definitions and conceptual separations,PDF003,PDF003_Q04,variables_parameters,validated_paraphrase,3. Conceptual objects
CLM_PDF003_Q04_005,Growth and capital-formation mechanisms,PDF003,PDF003_Q04,variables_parameters,validated_paraphrase,3. Conceptual objects
CLM_PDF003_Q04_005,"Credit, leverage, collateral, and monetary policy",PDF003,PDF003_Q04,variables_parameters,validated_paraphrase,3. Conceptual objects
CLM_PDF003_Q04_005,Debt rollover and dynamic efficiency,PDF003,PDF003_Q04,variables_parameters,validated_paraphrase,3. Conceptual objects
CLM_PDF003_Q04_005,Policy and institutional implications,PDF003,PDF003_Q04,variables_parameters,validated_paraphrase,3. Conceptual objects
CLM_PDF003_Q04_006,Definitions and conceptual separations,PDF003,PDF003_Q04,variables_parameters,validated_paraphrase,3. Conceptual objects
CLM_PDF003_Q04_006,Growth and capital-formation mechanisms,PDF003,PDF003_Q04,variables_parameters,validated_paraphrase,3. Conceptual objects
CLM_PDF003_Q04_006,"Credit, leverage, collateral, and monetary policy",PDF003,PDF003_Q04,variables_parameters,validated_paraphrase,3. Conceptual objects
CLM_PDF003_Q04_006,Debt rollover and dynamic efficiency,PDF003,PDF003_Q04,variables_parameters,validated_paraphrase,3. Conceptual objects
CLM_PDF003_Q04_007,Definitions and conceptual separations,PDF003,PDF003_Q04,variables_parameters,validated_paraphrase,3. Conceptual objects
CLM_PDF003_Q04_007,Growth and capital-formation mechanisms,PDF003,PDF003_Q04,variables_parameters,validated_paraphrase,3. Conceptual objects
CLM_PDF003_Q04_007,"Credit, leverage, collateral, and monetary policy",PDF003,PDF003_Q04,variables_parameters,validated_paraphrase,3. Conceptual objects
CLM_PDF003_Q04_007,Debt rollover and dynamic efficiency,PDF003,PDF003_Q04,variables_parameters,validated_paraphrase,3. Conceptual objects
CLM_PDF003_Q05_001,Growth and capital-formation mechanisms,PDF003,PDF003_Q05,variables_parameters,validated_paraphrase,1. Introduction
CLM_PDF003_Q05_001,"Credit, leverage, collateral, and monetary policy",PDF003,PDF003_Q05,variables_parameters,validated_paraphrase,1. Introduction
CLM_PDF003_Q05_001,Debt rollover and dynamic efficiency,PDF003,PDF003_Q05,variables_parameters,validated_paraphrase,1. Introduction
CLM_PDF003_Q05_001,Wobbly dynamics and endogenous instability,PDF003,PDF003_Q05,variables_parameters,validated_paraphrase,1. Introduction
CLM_PDF003_Q05_002,Definitions and conceptual separations,PDF003,PDF003_Q05,mechanism,validated_paraphrase,10. Research agenda
CLM_PDF003_Q05_002,"Credit, leverage, collateral, and monetary policy",PDF003,PDF003_Q05,mechanism,validated_paraphrase,10. Research agenda
CLM_PDF003_Q05_002,Debt rollover and dynamic efficiency,PDF003,PDF003_Q05,mechanism,validated_paraphrase,10. Research agenda
CLM_PDF003_Q05_002,Wobbly dynamics and endogenous instability,PDF003,PDF003_Q05,mechanism,validated_paraphrase,10. Research agenda
CLM_PDF003_Q05_002,Policy and institutional implications,PDF003,PDF003_Q05,mechanism,validated_paraphrase,10. Research agenda
CLM_PDF003_Q05_003,Growth and capital-formation mechanisms,PDF003,PDF003_Q05,theory_evidence,validated_paraphrase,1. Introduction
CLM_PDF003_Q05_003,"Credit, leverage, collateral, and monetary policy",PDF003,PDF003_Q05,theory_evidence,validated_paraphrase,1. Introduction
CLM_PDF003_Q05_003,Debt rollover and dynamic efficiency,PDF003,PDF003_Q05,theory_evidence,validated_paraphrase,1. Introduction
CLM_PDF003_Q05_003,Policy and institutional implications,PDF003,PDF003_Q05,theory_evidence,validated_paraphrase,1. Introduction
CLM_PDF003_Q05_004,Definitions and conceptual separations,PDF003,PDF003_Q05,variables_parameters,validated_paraphrase,10. Research agenda
CLM_PDF003_Q05_004,"Credit, leverage, collateral, and monetary policy",PDF003,PDF003_Q05,variables_parameters,validated_paraphrase,10. Research agenda
CLM_PDF003_Q05_004,Debt rollover and dynamic efficiency,PDF003,PDF003_Q05,variables_parameters,validated_paraphrase,10. Research agenda
CLM_PDF003_Q05_004,Policy and institutional implications,PDF003,PDF003_Q05,variables_parameters,validated_paraphrase,10. Research agenda
CLM_PDF003_Q05_005,Definitions and conceptual separations,PDF003,PDF003_Q05,causality,validated_paraphrase,3. Conceptual objects
CLM_PDF003_Q05_005,Growth and capital-formation mechanisms,PDF003,PDF003_Q05,causality,validated_paraphrase,3. Conceptual objects
CLM_PDF003_Q05_005,"Credit, leverage, collateral, and monetary policy",PDF003,PDF003_Q05,causality,validated_paraphrase,3. Conceptual objects
CLM_PDF003_Q05_005,Unbalanced growth and overvaluation,PDF003,PDF003_Q05,causality,validated_paraphrase,3. Conceptual objects
CLM_PDF003_Q05_005,Debt rollover and dynamic efficiency,PDF003,PDF003_Q05,causality,validated_paraphrase,3. Conceptual objects
CLM_PDF003_Q05_005,Wobbly dynamics and endogenous instability,PDF003,PDF003_Q05,causality,validated_paraphrase,3. Conceptual objects
CLM_PDF003_Q05_006,Definitions and conceptual separations,PDF003,PDF003_Q05,variables_parameters,validated_paraphrase,3. Conceptual objects
CLM_PDF003_Q05_006,Growth and capital-formation mechanisms,PDF003,PDF003_Q05,variables_parameters,validated_paraphrase,3. Conceptual objects
CLM_PDF003_Q05_006,"Credit, leverage, collateral, and monetary policy",PDF003,PDF003_Q05,variables_parameters,validated_paraphrase,3. Conceptual objects
CLM_PDF003_Q05_006,Debt rollover and dynamic efficiency,PDF003,PDF003_Q05,variables_parameters,validated_paraphrase,3. Conceptual objects
CLM_PDF003_Q05_006,Wobbly dynamics and endogenous instability,PDF003,PDF003_Q05,variables_parameters,validated_paraphrase,3. Conceptual objects
CLM_PDF003_Q05_007,Definitions and conceptual separations,PDF003,PDF003_Q05,variables_parameters,validated_paraphrase,3. Conceptual objects
CLM_PDF003_Q05_007,Growth and capital-formation mechanisms,PDF003,PDF003_Q05,variables_parameters,validated_paraphrase,3. Conceptual objects
CLM_PDF003_Q05_007,"Credit, leverage, collateral, and monetary policy",PDF003,PDF003_Q05,variables_parameters,validated_paraphrase,3. Conceptual objects
CLM_PDF003_Q05_007,Debt rollover and dynamic efficiency,PDF003,PDF003_Q05,variables_parameters,validated_paraphrase,3. Conceptual objects
CLM_PDF003_Q05_007,Policy and institutional implications,PDF003,PDF003_Q05,variables_parameters,validated_paraphrase,3. Conceptual objects
CLM_PDF003_Q06_001,Definitions and conceptual separations,PDF003,PDF003_Q06,definition,validated_paraphrase,4. Mechanism I
CLM_PDF003_Q06_001,Growth and capital-formation mechanisms,PDF003,PDF003_Q06,definition,validated_paraphrase,4. Mechanism I
CLM_PDF003_Q06_001,"Credit, leverage, collateral, and monetary policy",PDF003,PDF003_Q06,definition,validated_paraphrase,4. Mechanism I
CLM_PDF003_Q06_001,Debt rollover and dynamic efficiency,PDF003,PDF003_Q06,definition,validated_paraphrase,4. Mechanism I
CLM_PDF003_Q06_001,Policy and institutional implications,PDF003,PDF003_Q06,definition,validated_paraphrase,4. Mechanism I
CLM_PDF003_Q06_002,"Credit, leverage, collateral, and monetary policy",PDF003,PDF003_Q06,mechanism,validated_paraphrase,10. Research agenda
CLM_PDF003_Q06_002,Debt rollover and dynamic efficiency,PDF003,PDF003_Q06,mechanism,validated_paraphrase,10. Research agenda
CLM_PDF003_Q06_002,Policy and institutional implications,PDF003,PDF003_Q06,mechanism,validated_paraphrase,10. Research agenda
CLM_PDF003_Q06_003,Growth and capital-formation mechanisms,PDF003,PDF003_Q06,variables_parameters,validated_paraphrase,5. Mechanism II
CLM_PDF003_Q06_003,"Credit, leverage, collateral, and monetary policy",PDF003,PDF003_Q06,variables_parameters,validated_paraphrase,5. Mechanism II
CLM_PDF003_Q06_003,Debt rollover and dynamic efficiency,PDF003,PDF003_Q06,variables_parameters,validated_paraphrase,5. Mechanism II
CLM_PDF003_Q06_003,Policy and institutional implications,PDF003,PDF003_Q06,variables_parameters,validated_paraphrase,5. Mechanism II
CLM_PDF003_Q06_003,Critical adaptation to urban land-rent financialization in Latin America,PDF003,PDF003_Q06,variables_parameters,validated_paraphrase,5. Mechanism II
CLM_PDF003_Q06_004,Definitions and conceptual separations,PDF003,PDF003_Q06,variables_parameters,validated_paraphrase,3. Conceptual objects
CLM_PDF003_Q06_004,Growth and capital-formation mechanisms,PDF003,PDF003_Q06,variables_parameters,validated_paraphrase,3. Conceptual objects
CLM_PDF003_Q06_004,"Credit, leverage, collateral, and monetary policy",PDF003,PDF003_Q06,variables_parameters,validated_paraphrase,3. Conceptual objects
CLM_PDF003_Q06_004,Debt rollover and dynamic efficiency,PDF003,PDF003_Q06,variables_parameters,validated_paraphrase,3. Conceptual objects
CLM_PDF003_Q06_005,Definitions and conceptual separations,PDF003,PDF003_Q06,variables_parameters,validated_paraphrase,3. Conceptual objects
CLM_PDF003_Q06_005,Asset-price and wealth-measurement claims,PDF003,PDF003_Q06,variables_parameters,validated_paraphrase,3. Conceptual objects
CLM_PDF003_Q06_005,Growth and capital-formation mechanisms,PDF003,PDF003_Q06,variables_parameters,validated_paraphrase,3. Conceptual objects
CLM_PDF003_Q06_005,"Credit, leverage, collateral, and monetary policy",PDF003,PDF003_Q06,variables_parameters,validated_paraphrase,3. Conceptual objects
CLM_PDF003_Q06_005,Unbalanced growth and overvaluation,PDF003,PDF003_Q06,variables_parameters,validated_paraphrase,3. Conceptual objects
CLM_PDF003_Q06_005,Debt rollover and dynamic efficiency,PDF003,PDF003_Q06,variables_parameters,validated_paraphrase,3. Conceptual objects
CLM_PDF003_Q06_005,Wobbly dynamics and endogenous instability,PDF003,PDF003_Q06,variables_parameters,validated_paraphrase,3. Conceptual objects
CLM_PDF003_Q06_006,Definitions and conceptual separations,PDF003,PDF003_Q06,variables_parameters,validated_paraphrase,3. Conceptual objects
CLM_PDF003_Q06_006,Growth and capital-formation mechanisms,PDF003,PDF003_Q06,variables_parameters,validated_paraphrase,3. Conceptual objects
CLM_PDF003_Q06_006,"Credit, leverage, collateral, and monetary policy",PDF003,PDF003_Q06,variables_parameters,validated_paraphrase,3. Conceptual objects
CLM_PDF003_Q06_006,Unbalanced growth and overvaluation,PDF003,PDF003_Q06,variables_parameters,validated_paraphrase,3. Conceptual objects
CLM_PDF003_Q06_006,Debt rollover and dynamic efficiency,PDF003,PDF003_Q06,variables_parameters,validated_paraphrase,3. Conceptual objects
CLM_PDF003_Q06_006,Policy and institutional implications,PDF003,PDF003_Q06,variables_parameters,validated_paraphrase,3. Conceptual objects
CLM_PDF003_Q07_001,Definitions and conceptual separations,PDF003,PDF003_Q07,variables_parameters,validated_paraphrase,3. Conceptual objects
CLM_PDF003_Q07_001,Asset-price and wealth-measurement claims,PDF003,PDF003_Q07,variables_parameters,validated_paraphrase,3. Conceptual objects
CLM_PDF003_Q07_001,Growth and capital-formation mechanisms,PDF003,PDF003_Q07,variables_parameters,validated_paraphrase,3. Conceptual objects
CLM_PDF003_Q07_001,"Credit, leverage, collateral, and monetary policy",PDF003,PDF003_Q07,variables_parameters,validated_paraphrase,3. Conceptual objects
CLM_PDF003_Q07_001,Debt rollover and dynamic efficiency,PDF003,PDF003_Q07,variables_parameters,validated_paraphrase,3. Conceptual objects
CLM_PDF003_Q07_002,Growth and capital-formation mechanisms,PDF003,PDF003_Q07,variables_parameters,validated_paraphrase,5. Mechanism II
CLM_PDF003_Q07_002,"Credit, leverage, collateral, and monetary policy",PDF003,PDF003_Q07,variables_parameters,validated_paraphrase,5. Mechanism II
CLM_PDF003_Q07_002,Debt rollover and dynamic efficiency,PDF003,PDF003_Q07,variables_parameters,validated_paraphrase,5. Mechanism II
CLM_PDF003_Q07_003,Growth and capital-formation mechanisms,PDF003,PDF003_Q07,theory_evidence,validated_paraphrase,1. Introduction
CLM_PDF003_Q07_003,"Credit, leverage, collateral, and monetary policy",PDF003,PDF003_Q07,theory_evidence,validated_paraphrase,1. Introduction
CLM_PDF003_Q07_003,Debt rollover and dynamic efficiency,PDF003,PDF003_Q07,theory_evidence,validated_paraphrase,1. Introduction
CLM_PDF003_Q07_004,Definitions and conceptual separations,PDF003,PDF003_Q07,variables_parameters,validated_paraphrase,5. Mechanism II
CLM_PDF003_Q07_004,Growth and capital-formation mechanisms,PDF003,PDF003_Q07,variables_parameters,validated_paraphrase,5. Mechanism II
CLM_PDF003_Q07_004,"Credit, leverage, collateral, and monetary policy",PDF003,PDF003_Q07,variables_parameters,validated_paraphrase,5. Mechanism II
CLM_PDF003_Q07_004,Debt rollover and dynamic efficiency,PDF003,PDF003_Q07,variables_parameters,validated_paraphrase,5. Mechanism II
CLM_PDF003_Q07_005,Definitions and conceptual separations,PDF003,PDF003_Q07,variables_parameters,validated_paraphrase,1. Introduction
CLM_PDF003_Q07_005,Growth and capital-formation mechanisms,PDF003,PDF003_Q07,variables_parameters,validated_paraphrase,1. Introduction
CLM_PDF003_Q07_005,"Credit, leverage, collateral, and monetary policy",PDF003,PDF003_Q07,variables_parameters,validated_paraphrase,1. Introduction
CLM_PDF003_Q07_005,Debt rollover and dynamic efficiency,PDF003,PDF003_Q07,variables_parameters,validated_paraphrase,1. Introduction
CLM_PDF003_Q07_006,Growth and capital-formation mechanisms,PDF003,PDF003_Q07,causality,validated_paraphrase,1. Introduction
CLM_PDF003_Q07_006,"Credit, leverage, collateral, and monetary policy",PDF003,PDF003_Q07,causality,validated_paraphrase,1. Introduction
CLM_PDF003_Q07_006,Debt rollover and dynamic efficiency,PDF003,PDF003_Q07,causality,validated_paraphrase,1. Introduction
CLM_PDF003_Q07_007,Definitions and conceptual separations,PDF003,PDF003_Q07,variables_parameters,validated_paraphrase,3. Conceptual objects
CLM_PDF003_Q07_007,Growth and capital-formation mechanisms,PDF003,PDF003_Q07,variables_parameters,validated_paraphrase,3. Conceptual objects
CLM_PDF003_Q07_007,"Credit, leverage, collateral, and monetary policy",PDF003,PDF003_Q07,variables_parameters,validated_paraphrase,3. Conceptual objects
CLM_PDF003_Q07_007,Debt rollover and dynamic efficiency,PDF003,PDF003_Q07,variables_parameters,validated_paraphrase,3. Conceptual objects
CLM_PDF004_Q01_001,Definitions and conceptual separations,PDF004,PDF004_Q01,variables_parameters,validated_paraphrase,3. Conceptual objects
CLM_PDF004_Q01_001,Growth and capital-formation mechanisms,PDF004,PDF004_Q01,variables_parameters,validated_paraphrase,3. Conceptual objects
CLM_PDF004_Q01_001,"Credit, leverage, collateral, and monetary policy",PDF004,PDF004_Q01,variables_parameters,validated_paraphrase,3. Conceptual objects
CLM_PDF004_Q01_001,Debt rollover and dynamic efficiency,PDF004,PDF004_Q01,variables_parameters,validated_paraphrase,3. Conceptual objects
CLM_PDF004_Q01_001,Wobbly dynamics and endogenous instability,PDF004,PDF004_Q01,variables_parameters,validated_paraphrase,3. Conceptual objects
CLM_PDF004_Q01_002,Definitions and conceptual separations,PDF004,PDF004_Q01,variables_parameters,validated_paraphrase,4. Mechanism I
CLM_PDF004_Q01_002,Growth and capital-formation mechanisms,PDF004,PDF004_Q01,variables_parameters,validated_paraphrase,4. Mechanism I
CLM_PDF004_Q01_002,"Credit, leverage, collateral, and monetary policy",PDF004,PDF004_Q01,variables_parameters,validated_paraphrase,4. Mechanism I
CLM_PDF004_Q01_002,Debt rollover and dynamic efficiency,PDF004,PDF004_Q01,variables_parameters,validated_paraphrase,4. Mechanism I
CLM_PDF004_Q01_002,Wobbly dynamics and endogenous instability,PDF004,PDF004_Q01,variables_parameters,validated_paraphrase,4. Mechanism I
CLM_PDF004_Q01_003,"Credit, leverage, collateral, and monetary policy",PDF004,PDF004_Q01,variables_parameters,validated_paraphrase,9. Critical appraisal
CLM_PDF004_Q01_003,Debt rollover and dynamic efficiency,PDF004,PDF004_Q01,variables_parameters,validated_paraphrase,9. Critical appraisal
CLM_PDF004_Q01_003,Critical adaptation to urban land-rent financialization in Latin America,PDF004,PDF004_Q01,variables_parameters,validated_paraphrase,9. Critical appraisal
CLM_PDF004_Q01_004,"Credit, leverage, collateral, and monetary policy",PDF004,PDF004_Q01,causality,validated_paraphrase,8. Wobbly dynamics
CLM_PDF004_Q01_004,Debt rollover and dynamic efficiency,PDF004,PDF004_Q01,causality,validated_paraphrase,8. Wobbly dynamics
CLM_PDF004_Q01_004,Wobbly dynamics and endogenous instability,PDF004,PDF004_Q01,causality,validated_paraphrase,8. Wobbly dynamics
CLM_PDF004_Q01_005,Definitions and conceptual separations,PDF004,PDF004_Q01,mechanism,validated_paraphrase,3. Conceptual objects
CLM_PDF004_Q01_005,Growth and capital-formation mechanisms,PDF004,PDF004_Q01,mechanism,validated_paraphrase,3. Conceptual objects
CLM_PDF004_Q01_005,"Credit, leverage, collateral, and monetary policy",PDF004,PDF004_Q01,mechanism,validated_paraphrase,3. Conceptual objects
CLM_PDF004_Q01_005,Debt rollover and dynamic efficiency,PDF004,PDF004_Q01,mechanism,validated_paraphrase,3. Conceptual objects
CLM_PDF004_Q01_006,Definitions and conceptual separations,PDF004,PDF004_Q01,variables_parameters,validated_paraphrase,3. Conceptual objects
CLM_PDF004_Q01_006,Growth and capital-formation mechanisms,PDF004,PDF004_Q01,variables_parameters,validated_paraphrase,3. Conceptual objects
CLM_PDF004_Q01_006,"Credit, leverage, collateral, and monetary policy",PDF004,PDF004_Q01,variables_parameters,validated_paraphrase,3. Conceptual objects
CLM_PDF004_Q01_006,Debt rollover and dynamic efficiency,PDF004,PDF004_Q01,variables_parameters,validated_paraphrase,3. Conceptual objects
CLM_PDF004_Q01_007,Definitions and conceptual separations,PDF004,PDF004_Q01,variables_parameters,validated_paraphrase,3. Conceptual objects
CLM_PDF004_Q01_007,Growth and capital-formation mechanisms,PDF004,PDF004_Q01,variables_parameters,validated_paraphrase,3. Conceptual objects
CLM_PDF004_Q01_007,"Credit, leverage, collateral, and monetary policy",PDF004,PDF004_Q01,variables_parameters,validated_paraphrase,3. Conceptual objects
CLM_PDF004_Q01_007,Debt rollover and dynamic efficiency,PDF004,PDF004_Q01,variables_parameters,validated_paraphrase,3. Conceptual objects
CLM_PDF004_Q01_007,Policy and institutional implications,PDF004,PDF004_Q01,variables_parameters,validated_paraphrase,3. Conceptual objects
CLM_PDF004_Q02_001,Debt rollover and dynamic efficiency,PDF004,PDF004_Q02,variables_parameters,validated_paraphrase,8. Wobbly dynamics
CLM_PDF004_Q02_001,Wobbly dynamics and endogenous instability,PDF004,PDF004_Q02,variables_parameters,validated_paraphrase,8. Wobbly dynamics
CLM_PDF004_Q02_002,Growth and capital-formation mechanisms,PDF004,PDF004_Q02,causality,validated_paraphrase,1. Introduction
CLM_PDF004_Q02_002,"Credit, leverage, collateral, and monetary policy",PDF004,PDF004_Q02,causality,validated_paraphrase,1. Introduction
CLM_PDF004_Q02_002,Debt rollover and dynamic efficiency,PDF004,PDF004_Q02,causality,validated_paraphrase,1. Introduction
CLM_PDF004_Q02_003,Growth and capital-formation mechanisms,PDF004,PDF004_Q02,variables_parameters,validated_paraphrase,1. Introduction
CLM_PDF004_Q02_003,"Credit, leverage, collateral, and monetary policy",PDF004,PDF004_Q02,variables_parameters,validated_paraphrase,1. Introduction
CLM_PDF004_Q02_003,Debt rollover and dynamic efficiency,PDF004,PDF004_Q02,variables_parameters,validated_paraphrase,1. Introduction
CLM_PDF004_Q02_004,Definitions and conceptual separations,PDF004,PDF004_Q02,variables_parameters,validated_paraphrase,3. Conceptual objects
CLM_PDF004_Q02_004,Growth and capital-formation mechanisms,PDF004,PDF004_Q02,variables_parameters,validated_paraphrase,3. Conceptual objects
CLM_PDF004_Q02_004,"Credit, leverage, collateral, and monetary policy",PDF004,PDF004_Q02,variables_parameters,validated_paraphrase,3. Conceptual objects
CLM_PDF004_Q02_004,Debt rollover and dynamic efficiency,PDF004,PDF004_Q02,variables_parameters,validated_paraphrase,3. Conceptual objects
CLM_PDF004_Q02_005,Growth and capital-formation mechanisms,PDF004,PDF004_Q02,mechanism,validated_paraphrase,1. Introduction
CLM_PDF004_Q02_005,"Credit, leverage, collateral, and monetary policy",PDF004,PDF004_Q02,mechanism,validated_paraphrase,1. Introduction
CLM_PDF004_Q02_005,Debt rollover and dynamic efficiency,PDF004,PDF004_Q02,mechanism,validated_paraphrase,1. Introduction
CLM_PDF004_Q02_006,Growth and capital-formation mechanisms,PDF004,PDF004_Q02,mechanism,validated_paraphrase,1. Introduction
CLM_PDF004_Q02_006,"Credit, leverage, collateral, and monetary policy",PDF004,PDF004_Q02,mechanism,validated_paraphrase,1. Introduction
CLM_PDF004_Q02_006,Debt rollover and dynamic efficiency,PDF004,PDF004_Q02,mechanism,validated_paraphrase,1. Introduction
CLM_PDF004_Q02_007,Asset-price and wealth-measurement claims,PDF004,PDF004_Q02,causality,validated_paraphrase,1. Introduction
CLM_PDF004_Q02_007,Growth and capital-formation mechanisms,PDF004,PDF004_Q02,causality,validated_paraphrase,1. Introduction
CLM_PDF004_Q02_007,"Credit, leverage, collateral, and monetary policy",PDF004,PDF004_Q02,causality,validated_paraphrase,1. Introduction
CLM_PDF004_Q02_007,Debt rollover and dynamic efficiency,PDF004,PDF004_Q02,causality,validated_paraphrase,1. Introduction
CLM_PDF004_Q03_001,Growth and capital-formation mechanisms,PDF004,PDF004_Q03,variables_parameters,validated_paraphrase,1. Introduction
CLM_PDF004_Q03_001,"Credit, leverage, collateral, and monetary policy",PDF004,PDF004_Q03,variables_parameters,validated_paraphrase,1. Introduction
CLM_PDF004_Q03_001,Debt rollover and dynamic efficiency,PDF004,PDF004_Q03,variables_parameters,validated_paraphrase,1. Introduction
CLM_PDF004_Q03_002,Definitions and conceptual separations,PDF004,PDF004_Q03,variables_parameters,validated_paraphrase,3. Conceptual objects
CLM_PDF004_Q03_002,Growth and capital-formation mechanisms,PDF004,PDF004_Q03,variables_parameters,validated_paraphrase,3. Conceptual objects
CLM_PDF004_Q03_002,"Credit, leverage, collateral, and monetary policy",PDF004,PDF004_Q03,variables_parameters,validated_paraphrase,3. Conceptual objects
CLM_PDF004_Q03_002,Debt rollover and dynamic efficiency,PDF004,PDF004_Q03,variables_parameters,validated_paraphrase,3. Conceptual objects
CLM_PDF004_Q03_003,Growth and capital-formation mechanisms,PDF004,PDF004_Q03,variables_parameters,validated_paraphrase,1. Introduction
CLM_PDF004_Q03_003,"Credit, leverage, collateral, and monetary policy",PDF004,PDF004_Q03,variables_parameters,validated_paraphrase,1. Introduction
CLM_PDF004_Q03_003,Debt rollover and dynamic efficiency,PDF004,PDF004_Q03,variables_parameters,validated_paraphrase,1. Introduction
CLM_PDF004_Q03_004,Definitions and conceptual separations,PDF004,PDF004_Q03,mechanism,validated_paraphrase,3. Conceptual objects
CLM_PDF004_Q03_004,Growth and capital-formation mechanisms,PDF004,PDF004_Q03,mechanism,validated_paraphrase,3. Conceptual objects
CLM_PDF004_Q03_004,"Credit, leverage, collateral, and monetary policy",PDF004,PDF004_Q03,mechanism,validated_paraphrase,3. Conceptual objects
CLM_PDF004_Q03_004,Debt rollover and dynamic efficiency,PDF004,PDF004_Q03,mechanism,validated_paraphrase,3. Conceptual objects
CLM_PDF004_Q03_005,Definitions and conceptual separations,PDF004,PDF004_Q03,variables_parameters,validated_paraphrase,3. Conceptual objects
CLM_PDF004_Q03_005,Growth and capital-formation mechanisms,PDF004,PDF004_Q03,variables_parameters,validated_paraphrase,3. Conceptual objects
CLM_PDF004_Q03_005,"Credit, leverage, collateral, and monetary policy",PDF004,PDF004_Q03,variables_parameters,validated_paraphrase,3. Conceptual objects
CLM_PDF004_Q03_005,Debt rollover and dynamic efficiency,PDF004,PDF004_Q03,variables_parameters,validated_paraphrase,3. Conceptual objects
CLM_PDF004_Q03_006,Definitions and conceptual separations,PDF004,PDF004_Q03,variables_parameters,validated_paraphrase,3. Conceptual objects
CLM_PDF004_Q03_006,Growth and capital-formation mechanisms,PDF004,PDF004_Q03,variables_parameters,validated_paraphrase,3. Conceptual objects
CLM_PDF004_Q03_006,Unbalanced growth and overvaluation,PDF004,PDF004_Q03,variables_parameters,validated_paraphrase,3. Conceptual objects
CLM_PDF004_Q03_006,Debt rollover and dynamic efficiency,PDF004,PDF004_Q03,variables_parameters,validated_paraphrase,3. Conceptual objects
CLM_PDF004_Q03_006,Wobbly dynamics and endogenous instability,PDF004,PDF004_Q03,variables_parameters,validated_paraphrase,3. Conceptual objects
CLM_PDF004_Q03_007,Growth and capital-formation mechanisms,PDF004,PDF004_Q03,variables_parameters,validated_paraphrase,1. Introduction
CLM_PDF004_Q03_007,"Credit, leverage, collateral, and monetary policy",PDF004,PDF004_Q03,variables_parameters,validated_paraphrase,1. Introduction
CLM_PDF004_Q03_007,Debt rollover and dynamic efficiency,PDF004,PDF004_Q03,variables_parameters,validated_paraphrase,1. Introduction
CLM_PDF004_Q03_007,Wobbly dynamics and endogenous instability,PDF004,PDF004_Q03,variables_parameters,validated_paraphrase,1. Introduction
CLM_PDF004_Q04_001,Definitions and conceptual separations,PDF004,PDF004_Q04,causality,validated_paraphrase,3. Conceptual objects
CLM_PDF004_Q04_001,Growth and capital-formation mechanisms,PDF004,PDF004_Q04,causality,validated_paraphrase,3. Conceptual objects
CLM_PDF004_Q04_001,"Credit, leverage, collateral, and monetary policy",PDF004,PDF004_Q04,causality,validated_paraphrase,3. Conceptual objects
CLM_PDF004_Q04_001,Debt rollover and dynamic efficiency,PDF004,PDF004_Q04,causality,validated_paraphrase,3. Conceptual objects
CLM_PDF004_Q04_002,Definitions and conceptual separations,PDF004,PDF004_Q04,variables_parameters,validated_paraphrase,1. Introduction
CLM_PDF004_Q04_002,Growth and capital-formation mechanisms,PDF004,PDF004_Q04,variables_parameters,validated_paraphrase,1. Introduction
CLM_PDF004_Q04_002,"Credit, leverage, collateral, and monetary policy",PDF004,PDF004_Q04,variables_parameters,validated_paraphrase,1. Introduction
CLM_PDF004_Q04_002,Debt rollover and dynamic efficiency,PDF004,PDF004_Q04,variables_parameters,validated_paraphrase,1. Introduction
CLM_PDF004_Q04_003,Definitions and conceptual separations,PDF004,PDF004_Q04,variables_parameters,validated_paraphrase,3. Conceptual objects
CLM_PDF004_Q04_003,Growth and capital-formation mechanisms,PDF004,PDF004_Q04,variables_parameters,validated_paraphrase,3. Conceptual objects
CLM_PDF004_Q04_003,"Credit, leverage, collateral, and monetary policy",PDF004,PDF004_Q04,variables_parameters,validated_paraphrase,3. Conceptual objects
CLM_PDF004_Q04_003,Debt rollover and dynamic efficiency,PDF004,PDF004_Q04,variables_parameters,validated_paraphrase,3. Conceptual objects
CLM_PDF004_Q04_004,Definitions and conceptual separations,PDF004,PDF004_Q04,variables_parameters,validated_paraphrase,3. Conceptual objects
CLM_PDF004_Q04_004,Growth and capital-formation mechanisms,PDF004,PDF004_Q04,variables_parameters,validated_paraphrase,3. Conceptual objects
CLM_PDF004_Q04_004,"Credit, leverage, collateral, and monetary policy",PDF004,PDF004_Q04,variables_parameters,validated_paraphrase,3. Conceptual objects
CLM_PDF004_Q04_004,Debt rollover and dynamic efficiency,PDF004,PDF004_Q04,variables_parameters,validated_paraphrase,3. Conceptual objects
CLM_PDF004_Q04_005,Definitions and conceptual separations,PDF004,PDF004_Q04,variables_parameters,validated_paraphrase,5. Mechanism II
CLM_PDF004_Q04_005,Growth and capital-formation mechanisms,PDF004,PDF004_Q04,variables_parameters,validated_paraphrase,5. Mechanism II
CLM_PDF004_Q04_005,"Credit, leverage, collateral, and monetary policy",PDF004,PDF004_Q04,variables_parameters,validated_paraphrase,5. Mechanism II
CLM_PDF004_Q04_005,Debt rollover and dynamic efficiency,PDF004,PDF004_Q04,variables_parameters,validated_paraphrase,5. Mechanism II
CLM_PDF004_Q04_006,Definitions and conceptual separations,PDF004,PDF004_Q04,variables_parameters,validated_paraphrase,4. Mechanism I
CLM_PDF004_Q04_006,Growth and capital-formation mechanisms,PDF004,PDF004_Q04,variables_parameters,validated_paraphrase,4. Mechanism I
CLM_PDF004_Q04_006,"Credit, leverage, collateral, and monetary policy",PDF004,PDF004_Q04,variables_parameters,validated_paraphrase,4. Mechanism I
CLM_PDF004_Q04_006,Debt rollover and dynamic efficiency,PDF004,PDF004_Q04,variables_parameters,validated_paraphrase,4. Mechanism I
CLM_PDF004_Q04_007,Definitions and conceptual separations,PDF004,PDF004_Q04,variables_parameters,validated_paraphrase,3. Conceptual objects
CLM_PDF004_Q04_007,Growth and capital-formation mechanisms,PDF004,PDF004_Q04,variables_parameters,validated_paraphrase,3. Conceptual objects
CLM_PDF004_Q04_007,"Credit, leverage, collateral, and monetary policy",PDF004,PDF004_Q04,variables_parameters,validated_paraphrase,3. Conceptual objects
CLM_PDF004_Q04_007,Debt rollover and dynamic efficiency,PDF004,PDF004_Q04,variables_parameters,validated_paraphrase,3. Conceptual objects
CLM_PDF004_Q05_001,Growth and capital-formation mechanisms,PDF004,PDF004_Q05,variables_parameters,validated_paraphrase,1. Introduction
CLM_PDF004_Q05_001,"Credit, leverage, collateral, and monetary policy",PDF004,PDF004_Q05,variables_parameters,validated_paraphrase,1. Introduction
CLM_PDF004_Q05_001,Debt rollover and dynamic efficiency,PDF004,PDF004_Q05,variables_parameters,validated_paraphrase,1. Introduction
CLM_PDF004_Q05_002,Growth and capital-formation mechanisms,PDF004,PDF004_Q05,mechanism,validated_paraphrase,1. Introduction
CLM_PDF004_Q05_002,"Credit, leverage, collateral, and monetary policy",PDF004,PDF004_Q05,mechanism,validated_paraphrase,1. Introduction
CLM_PDF004_Q05_002,Debt rollover and dynamic efficiency,PDF004,PDF004_Q05,mechanism,validated_paraphrase,1. Introduction
CLM_PDF004_Q05_003,Definitions and conceptual separations,PDF004,PDF004_Q05,variables_parameters,validated_paraphrase,3. Conceptual objects
CLM_PDF004_Q05_003,Debt rollover and dynamic efficiency,PDF004,PDF004_Q05,variables_parameters,validated_paraphrase,3. Conceptual objects
CLM_PDF004_Q05_003,Critical adaptation to urban land-rent financialization in Latin America,PDF004,PDF004_Q05,variables_parameters,validated_paraphrase,3. Conceptual objects
CLM_PDF004_Q05_004,Debt rollover and dynamic efficiency,PDF004,PDF004_Q05,mechanism,validated_paraphrase,8. Wobbly dynamics
CLM_PDF004_Q05_004,Wobbly dynamics and endogenous instability,PDF004,PDF004_Q05,mechanism,validated_paraphrase,8. Wobbly dynamics
CLM_PDF004_Q05_005,Definitions and conceptual separations,PDF004,PDF004_Q05,mechanism,validated_paraphrase,4. Mechanism I
CLM_PDF004_Q05_005,Growth and capital-formation mechanisms,PDF004,PDF004_Q05,mechanism,validated_paraphrase,4. Mechanism I
CLM_PDF004_Q05_005,"Credit, leverage, collateral, and monetary policy",PDF004,PDF004_Q05,mechanism,validated_paraphrase,4. Mechanism I
CLM_PDF004_Q05_005,Debt rollover and dynamic efficiency,PDF004,PDF004_Q05,mechanism,validated_paraphrase,4. Mechanism I
CLM_PDF004_Q05_006,Growth and capital-formation mechanisms,PDF004,PDF004_Q05,mechanism,validated_paraphrase,5. Mechanism II
CLM_PDF004_Q05_006,"Credit, leverage, collateral, and monetary policy",PDF004,PDF004_Q05,mechanism,validated_paraphrase,5. Mechanism II
CLM_PDF004_Q05_006,Debt rollover and dynamic efficiency,PDF004,PDF004_Q05,mechanism,validated_paraphrase,5. Mechanism II
CLM_PDF004_Q05_007,Debt rollover and dynamic efficiency,PDF004,PDF004_Q05,variables_parameters,validated_paraphrase,8. Wobbly dynamics
CLM_PDF004_Q05_007,Wobbly dynamics and endogenous instability,PDF004,PDF004_Q05,variables_parameters,validated_paraphrase,8. Wobbly dynamics
CLM_PDF004_Q06_001,Definitions and conceptual separations,PDF004,PDF004_Q06,variables_parameters,validated_paraphrase,8. Wobbly dynamics
CLM_PDF004_Q06_001,Growth and capital-formation mechanisms,PDF004,PDF004_Q06,variables_parameters,validated_paraphrase,8. Wobbly dynamics
CLM_PDF004_Q06_001,Debt rollover and dynamic efficiency,PDF004,PDF004_Q06,variables_parameters,validated_paraphrase,8. Wobbly dynamics
CLM_PDF004_Q06_001,Wobbly dynamics and endogenous instability,PDF004,PDF004_Q06,variables_parameters,validated_paraphrase,8. Wobbly dynamics
CLM_PDF004_Q06_002,Growth and capital-formation mechanisms,PDF004,PDF004_Q06,variables_parameters,validated_paraphrase,1. Introduction
CLM_PDF004_Q06_002,"Credit, leverage, collateral, and monetary policy",PDF004,PDF004_Q06,variables_parameters,validated_paraphrase,1. Introduction
CLM_PDF004_Q06_002,Debt rollover and dynamic efficiency,PDF004,PDF004_Q06,variables_parameters,validated_paraphrase,1. Introduction
CLM_PDF004_Q06_003,Definitions and conceptual separations,PDF004,PDF004_Q06,causality,validated_paraphrase,3. Conceptual objects
CLM_PDF004_Q06_003,Debt rollover and dynamic efficiency,PDF004,PDF004_Q06,causality,validated_paraphrase,3. Conceptual objects
CLM_PDF004_Q06_003,Critical adaptation to urban land-rent financialization in Latin America,PDF004,PDF004_Q06,causality,validated_paraphrase,3. Conceptual objects
CLM_PDF004_Q06_004,Debt rollover and dynamic efficiency,PDF004,PDF004_Q06,variables_parameters,validated_paraphrase,8. Wobbly dynamics
CLM_PDF004_Q06_004,Wobbly dynamics and endogenous instability,PDF004,PDF004_Q06,variables_parameters,validated_paraphrase,8. Wobbly dynamics
CLM_PDF004_Q06_005,Definitions and conceptual separations,PDF004,PDF004_Q06,mechanism,validated_paraphrase,3. Conceptual objects
CLM_PDF004_Q06_005,Growth and capital-formation mechanisms,PDF004,PDF004_Q06,mechanism,validated_paraphrase,3. Conceptual objects
CLM_PDF004_Q06_005,"Credit, leverage, collateral, and monetary policy",PDF004,PDF004_Q06,mechanism,validated_paraphrase,3. Conceptual objects
CLM_PDF004_Q06_005,Debt rollover and dynamic efficiency,PDF004,PDF004_Q06,mechanism,validated_paraphrase,3. Conceptual objects
CLM_PDF004_Q06_006,Definitions and conceptual separations,PDF004,PDF004_Q06,variables_parameters,validated_paraphrase,4. Mechanism I
CLM_PDF004_Q06_006,Growth and capital-formation mechanisms,PDF004,PDF004_Q06,variables_parameters,validated_paraphrase,4. Mechanism I
CLM_PDF004_Q06_006,"Credit, leverage, collateral, and monetary policy",PDF004,PDF004_Q06,variables_parameters,validated_paraphrase,4. Mechanism I
CLM_PDF004_Q06_006,Debt rollover and dynamic efficiency,PDF004,PDF004_Q06,variables_parameters,validated_paraphrase,4. Mechanism I
CLM_PDF004_Q06_007,Definitions and conceptual separations,PDF004,PDF004_Q06,variables_parameters,validated_paraphrase,4. Mechanism I
CLM_PDF004_Q06_007,Growth and capital-formation mechanisms,PDF004,PDF004_Q06,variables_parameters,validated_paraphrase,4. Mechanism I
CLM_PDF004_Q06_007,"Credit, leverage, collateral, and monetary policy",PDF004,PDF004_Q06,variables_parameters,validated_paraphrase,4. Mechanism I
CLM_PDF004_Q06_007,Debt rollover and dynamic efficiency,PDF004,PDF004_Q06,variables_parameters,validated_paraphrase,4. Mechanism I
CLM_PDF004_Q06_007,Policy and institutional implications,PDF004,PDF004_Q06,variables_parameters,validated_paraphrase,4. Mechanism I
CLM_PDF004_Q07_001,Growth and capital-formation mechanisms,PDF004,PDF004_Q07,variables_parameters,validated_paraphrase,5. Mechanism II
CLM_PDF004_Q07_001,"Credit, leverage, collateral, and monetary policy",PDF004,PDF004_Q07,variables_parameters,validated_paraphrase,5. Mechanism II
CLM_PDF004_Q07_001,Debt rollover and dynamic efficiency,PDF004,PDF004_Q07,variables_parameters,validated_paraphrase,5. Mechanism II
CLM_PDF004_Q07_001,Wobbly dynamics and endogenous instability,PDF004,PDF004_Q07,variables_parameters,validated_paraphrase,5. Mechanism II
CLM_PDF004_Q07_002,Definitions and conceptual separations,PDF004,PDF004_Q07,variables_parameters,validated_paraphrase,3. Conceptual objects
CLM_PDF004_Q07_002,Debt rollover and dynamic efficiency,PDF004,PDF004_Q07,variables_parameters,validated_paraphrase,3. Conceptual objects
CLM_PDF004_Q07_002,Critical adaptation to urban land-rent financialization in Latin America,PDF004,PDF004_Q07,variables_parameters,validated_paraphrase,3. Conceptual objects
CLM_PDF004_Q07_003,Debt rollover and dynamic efficiency,PDF004,PDF004_Q07,mechanism,validated_paraphrase,8. Wobbly dynamics
CLM_PDF004_Q07_003,Wobbly dynamics and endogenous instability,PDF004,PDF004_Q07,mechanism,validated_paraphrase,8. Wobbly dynamics
CLM_PDF004_Q07_004,Growth and capital-formation mechanisms,PDF004,PDF004_Q07,mechanism,validated_paraphrase,1. Introduction
CLM_PDF004_Q07_004,"Credit, leverage, collateral, and monetary policy",PDF004,PDF004_Q07,mechanism,validated_paraphrase,1. Introduction
CLM_PDF004_Q07_004,Debt rollover and dynamic efficiency,PDF004,PDF004_Q07,mechanism,validated_paraphrase,1. Introduction
CLM_PDF004_Q07_005,Definitions and conceptual separations,PDF004,PDF004_Q07,variables_parameters,validated_paraphrase,3. Conceptual objects
CLM_PDF004_Q07_005,Growth and capital-formation mechanisms,PDF004,PDF004_Q07,variables_parameters,validated_paraphrase,3. Conceptual objects
CLM_PDF004_Q07_005,"Credit, leverage, collateral, and monetary policy",PDF004,PDF004_Q07,variables_parameters,validated_paraphrase,3. Conceptual objects
CLM_PDF004_Q07_005,Debt rollover and dynamic efficiency,PDF004,PDF004_Q07,variables_parameters,validated_paraphrase,3. Conceptual objects
CLM_PDF004_Q07_006,Definitions and conceptual separations,PDF004,PDF004_Q07,variables_parameters,validated_paraphrase,4. Mechanism I
CLM_PDF004_Q07_006,Growth and capital-formation mechanisms,PDF004,PDF004_Q07,variables_parameters,validated_paraphrase,4. Mechanism I
CLM_PDF004_Q07_006,"Credit, leverage, collateral, and monetary policy",PDF004,PDF004_Q07,variables_parameters,validated_paraphrase,4. Mechanism I
CLM_PDF004_Q07_006,Debt rollover and dynamic efficiency,PDF004,PDF004_Q07,variables_parameters,validated_paraphrase,4. Mechanism I
CLM_PDF004_Q07_006,Policy and institutional implications,PDF004,PDF004_Q07,variables_parameters,validated_paraphrase,4. Mechanism I
CLM_PDF005_Q01_001,Definitions and conceptual separations,PDF005,PDF005_Q01,variables_parameters,validated_paraphrase,3. Conceptual objects
CLM_PDF005_Q01_001,Growth and capital-formation mechanisms,PDF005,PDF005_Q01,variables_parameters,validated_paraphrase,3. Conceptual objects
CLM_PDF005_Q01_001,"Credit, leverage, collateral, and monetary policy",PDF005,PDF005_Q01,variables_parameters,validated_paraphrase,3. Conceptual objects
CLM_PDF005_Q01_001,Debt rollover and dynamic efficiency,PDF005,PDF005_Q01,variables_parameters,validated_paraphrase,3. Conceptual objects
CLM_PDF005_Q01_001,Wobbly dynamics and endogenous instability,PDF005,PDF005_Q01,variables_parameters,validated_paraphrase,3. Conceptual objects
CLM_PDF005_Q01_001,Policy and institutional implications,PDF005,PDF005_Q01,variables_parameters,validated_paraphrase,3. Conceptual objects
CLM_PDF005_Q01_002,Definitions and conceptual separations,PDF005,PDF005_Q01,variables_parameters,validated_paraphrase,3. Conceptual objects
CLM_PDF005_Q01_002,Growth and capital-formation mechanisms,PDF005,PDF005_Q01,variables_parameters,validated_paraphrase,3. Conceptual objects
CLM_PDF005_Q01_002,Unbalanced growth and overvaluation,PDF005,PDF005_Q01,variables_parameters,validated_paraphrase,3. Conceptual objects
CLM_PDF005_Q01_002,Debt rollover and dynamic efficiency,PDF005,PDF005_Q01,variables_parameters,validated_paraphrase,3. Conceptual objects
CLM_PDF005_Q01_002,Policy and institutional implications,PDF005,PDF005_Q01,variables_parameters,validated_paraphrase,3. Conceptual objects
CLM_PDF005_Q01_003,Definitions and conceptual separations,PDF005,PDF005_Q01,variables_parameters,validated_paraphrase,3. Conceptual objects
CLM_PDF005_Q01_003,Debt rollover and dynamic efficiency,PDF005,PDF005_Q01,variables_parameters,validated_paraphrase,3. Conceptual objects
CLM_PDF005_Q01_003,Critical adaptation to urban land-rent financialization in Latin America,PDF005,PDF005_Q01,variables_parameters,validated_paraphrase,3. Conceptual objects
CLM_PDF005_Q01_004,Definitions and conceptual separations,PDF005,PDF005_Q01,mechanism,validated_paraphrase,3. Conceptual objects
CLM_PDF005_Q01_004,Growth and capital-formation mechanisms,PDF005,PDF005_Q01,mechanism,validated_paraphrase,3. Conceptual objects
CLM_PDF005_Q01_004,"Credit, leverage, collateral, and monetary policy",PDF005,PDF005_Q01,mechanism,validated_paraphrase,3. Conceptual objects
CLM_PDF005_Q01_004,Debt rollover and dynamic efficiency,PDF005,PDF005_Q01,mechanism,validated_paraphrase,3. Conceptual objects
CLM_PDF005_Q01_005,Growth and capital-formation mechanisms,PDF005,PDF005_Q01,variables_parameters,validated_paraphrase,5. Mechanism II
CLM_PDF005_Q01_005,"Credit, leverage, collateral, and monetary policy",PDF005,PDF005_Q01,variables_parameters,validated_paraphrase,5. Mechanism II
CLM_PDF005_Q01_005,Debt rollover and dynamic efficiency,PDF005,PDF005_Q01,variables_parameters,validated_paraphrase,5. Mechanism II
CLM_PDF005_Q01_006,Definitions and conceptual separations,PDF005,PDF005_Q01,variables_parameters,validated_paraphrase,3. Conceptual objects
CLM_PDF005_Q01_006,Growth and capital-formation mechanisms,PDF005,PDF005_Q01,variables_parameters,validated_paraphrase,3. Conceptual objects
CLM_PDF005_Q01_006,"Credit, leverage, collateral, and monetary policy",PDF005,PDF005_Q01,variables_parameters,validated_paraphrase,3. Conceptual objects
CLM_PDF005_Q01_006,Debt rollover and dynamic efficiency,PDF005,PDF005_Q01,variables_parameters,validated_paraphrase,3. Conceptual objects
CLM_PDF005_Q01_006,Wobbly dynamics and endogenous instability,PDF005,PDF005_Q01,variables_parameters,validated_paraphrase,3. Conceptual objects
CLM_PDF005_Q01_007,Definitions and conceptual separations,PDF005,PDF005_Q01,variables_parameters,validated_paraphrase,3. Conceptual objects
CLM_PDF005_Q01_007,Growth and capital-formation mechanisms,PDF005,PDF005_Q01,variables_parameters,validated_paraphrase,3. Conceptual objects
CLM_PDF005_Q01_007,Unbalanced growth and overvaluation,PDF005,PDF005_Q01,variables_parameters,validated_paraphrase,3. Conceptual objects
CLM_PDF005_Q01_007,Debt rollover and dynamic efficiency,PDF005,PDF005_Q01,variables_parameters,validated_paraphrase,3. Conceptual objects
CLM_PDF005_Q01_007,Policy and institutional implications,PDF005,PDF005_Q01,variables_parameters,validated_paraphrase,3. Conceptual objects
CLM_PDF005_Q02_001,Definitions and conceptual separations,PDF005,PDF005_Q02,variables_parameters,validated_paraphrase,10. Research agenda
CLM_PDF005_Q02_001,Growth and capital-formation mechanisms,PDF005,PDF005_Q02,variables_parameters,validated_paraphrase,10. Research agenda
CLM_PDF005_Q02_001,Unbalanced growth and overvaluation,PDF005,PDF005_Q02,variables_parameters,validated_paraphrase,10. Research agenda
CLM_PDF005_Q02_001,Debt rollover and dynamic efficiency,PDF005,PDF005_Q02,variables_parameters,validated_paraphrase,10. Research agenda
CLM_PDF005_Q02_001,Policy and institutional implications,PDF005,PDF005_Q02,variables_parameters,validated_paraphrase,10. Research agenda
CLM_PDF005_Q02_002,Growth and capital-formation mechanisms,PDF005,PDF005_Q02,variables_parameters,validated_paraphrase,10. Research agenda
CLM_PDF005_Q02_002,Debt rollover and dynamic efficiency,PDF005,PDF005_Q02,variables_parameters,validated_paraphrase,10. Research agenda
CLM_PDF005_Q02_002,Policy and institutional implications,PDF005,PDF005_Q02,variables_parameters,validated_paraphrase,10. Research agenda
CLM_PDF005_Q02_003,Definitions and conceptual separations,PDF005,PDF005_Q02,theory_evidence,validated_paraphrase,3. Conceptual objects
CLM_PDF005_Q02_003,Debt rollover and dynamic efficiency,PDF005,PDF005_Q02,theory_evidence,validated_paraphrase,3. Conceptual objects
CLM_PDF005_Q02_003,Critical adaptation to urban land-rent financialization in Latin America,PDF005,PDF005_Q02,theory_evidence,validated_paraphrase,3. Conceptual objects
CLM_PDF005_Q02_004,Definitions and conceptual separations,PDF005,PDF005_Q02,variables_parameters,validated_paraphrase,3. Conceptual objects
CLM_PDF005_Q02_004,Growth and capital-formation mechanisms,PDF005,PDF005_Q02,variables_parameters,validated_paraphrase,3. Conceptual objects
CLM_PDF005_Q02_004,"Credit, leverage, collateral, and monetary policy",PDF005,PDF005_Q02,variables_parameters,validated_paraphrase,3. Conceptual objects
CLM_PDF005_Q02_004,Unbalanced growth and overvaluation,PDF005,PDF005_Q02,variables_parameters,validated_paraphrase,3. Conceptual objects
CLM_PDF005_Q02_004,Debt rollover and dynamic efficiency,PDF005,PDF005_Q02,variables_parameters,validated_paraphrase,3. Conceptual objects
CLM_PDF005_Q02_005,Growth and capital-formation mechanisms,PDF005,PDF005_Q02,variables_parameters,validated_paraphrase,1. Introduction
CLM_PDF005_Q02_005,"Credit, leverage, collateral, and monetary policy",PDF005,PDF005_Q02,variables_parameters,validated_paraphrase,1. Introduction
CLM_PDF005_Q02_005,Debt rollover and dynamic efficiency,PDF005,PDF005_Q02,variables_parameters,validated_paraphrase,1. Introduction
CLM_PDF005_Q02_006,Definitions and conceptual separations,PDF005,PDF005_Q02,causality,validated_paraphrase,3. Conceptual objects
CLM_PDF005_Q02_006,Growth and capital-formation mechanisms,PDF005,PDF005_Q02,causality,validated_paraphrase,3. Conceptual objects
CLM_PDF005_Q02_006,"Credit, leverage, collateral, and monetary policy",PDF005,PDF005_Q02,causality,validated_paraphrase,3. Conceptual objects
CLM_PDF005_Q02_006,Debt rollover and dynamic efficiency,PDF005,PDF005_Q02,causality,validated_paraphrase,3. Conceptual objects
CLM_PDF005_Q02_007,Definitions and conceptual separations,PDF005,PDF005_Q02,variables_parameters,validated_paraphrase,3. Conceptual objects
CLM_PDF005_Q02_007,Growth and capital-formation mechanisms,PDF005,PDF005_Q02,variables_parameters,validated_paraphrase,3. Conceptual objects
CLM_PDF005_Q02_007,Unbalanced growth and overvaluation,PDF005,PDF005_Q02,variables_parameters,validated_paraphrase,3. Conceptual objects
CLM_PDF005_Q02_007,Debt rollover and dynamic efficiency,PDF005,PDF005_Q02,variables_parameters,validated_paraphrase,3. Conceptual objects
CLM_PDF005_Q02_007,Policy and institutional implications,PDF005,PDF005_Q02,variables_parameters,validated_paraphrase,3. Conceptual objects
CLM_PDF005_Q03_001,Definitions and conceptual separations,PDF005,PDF005_Q03,variables_parameters,validated_paraphrase,3. Conceptual objects
CLM_PDF005_Q03_001,Growth and capital-formation mechanisms,PDF005,PDF005_Q03,variables_parameters,validated_paraphrase,3. Conceptual objects
CLM_PDF005_Q03_001,"Credit, leverage, collateral, and monetary policy",PDF005,PDF005_Q03,variables_parameters,validated_paraphrase,3. Conceptual objects
CLM_PDF005_Q03_001,Debt rollover and dynamic efficiency,PDF005,PDF005_Q03,variables_parameters,validated_paraphrase,3. Conceptual objects
CLM_PDF005_Q03_001,Policy and institutional implications,PDF005,PDF005_Q03,variables_parameters,validated_paraphrase,3. Conceptual objects
CLM_PDF005_Q03_002,Definitions and conceptual separations,PDF005,PDF005_Q03,variables_parameters,validated_paraphrase,3. Conceptual objects
CLM_PDF005_Q03_002,Growth and capital-formation mechanisms,PDF005,PDF005_Q03,variables_parameters,validated_paraphrase,3. Conceptual objects
CLM_PDF005_Q03_002,"Credit, leverage, collateral, and monetary policy",PDF005,PDF005_Q03,variables_parameters,validated_paraphrase,3. Conceptual objects
CLM_PDF005_Q03_002,Debt rollover and dynamic efficiency,PDF005,PDF005_Q03,variables_parameters,validated_paraphrase,3. Conceptual objects
CLM_PDF005_Q03_002,Policy and institutional implications,PDF005,PDF005_Q03,variables_parameters,validated_paraphrase,3. Conceptual objects
CLM_PDF005_Q03_003,Definitions and conceptual separations,PDF005,PDF005_Q03,variables_parameters,validated_paraphrase,3. Conceptual objects
CLM_PDF005_Q03_003,Debt rollover and dynamic efficiency,PDF005,PDF005_Q03,variables_parameters,validated_paraphrase,3. Conceptual objects
CLM_PDF005_Q03_003,Critical adaptation to urban land-rent financialization in Latin America,PDF005,PDF005_Q03,variables_parameters,validated_paraphrase,3. Conceptual objects
CLM_PDF005_Q03_004,Growth and capital-formation mechanisms,PDF005,PDF005_Q03,variables_parameters,validated_paraphrase,1. Introduction
CLM_PDF005_Q03_004,"Credit, leverage, collateral, and monetary policy",PDF005,PDF005_Q03,variables_parameters,validated_paraphrase,1. Introduction
CLM_PDF005_Q03_004,Debt rollover and dynamic efficiency,PDF005,PDF005_Q03,variables_parameters,validated_paraphrase,1. Introduction
CLM_PDF005_Q03_005,Definitions and conceptual separations,PDF005,PDF005_Q03,mechanism,validated_paraphrase,3. Conceptual objects
CLM_PDF005_Q03_005,Growth and capital-formation mechanisms,PDF005,PDF005_Q03,mechanism,validated_paraphrase,3. Conceptual objects
CLM_PDF005_Q03_005,"Credit, leverage, collateral, and monetary policy",PDF005,PDF005_Q03,mechanism,validated_paraphrase,3. Conceptual objects
CLM_PDF005_Q03_005,Debt rollover and dynamic efficiency,PDF005,PDF005_Q03,mechanism,validated_paraphrase,3. Conceptual objects
CLM_PDF005_Q03_006,Definitions and conceptual separations,PDF005,PDF005_Q03,mechanism,validated_paraphrase,3. Conceptual objects
CLM_PDF005_Q03_006,Growth and capital-formation mechanisms,PDF005,PDF005_Q03,mechanism,validated_paraphrase,3. Conceptual objects
CLM_PDF005_Q03_006,"Credit, leverage, collateral, and monetary policy",PDF005,PDF005_Q03,mechanism,validated_paraphrase,3. Conceptual objects
CLM_PDF005_Q03_006,Debt rollover and dynamic efficiency,PDF005,PDF005_Q03,mechanism,validated_paraphrase,3. Conceptual objects
CLM_PDF005_Q03_007,Definitions and conceptual separations,PDF005,PDF005_Q03,causality,validated_paraphrase,3. Conceptual objects
CLM_PDF005_Q03_007,Growth and capital-formation mechanisms,PDF005,PDF005_Q03,causality,validated_paraphrase,3. Conceptual objects
CLM_PDF005_Q03_007,"Credit, leverage, collateral, and monetary policy",PDF005,PDF005_Q03,causality,validated_paraphrase,3. Conceptual objects
CLM_PDF005_Q03_007,Debt rollover and dynamic efficiency,PDF005,PDF005_Q03,causality,validated_paraphrase,3. Conceptual objects
CLM_PDF005_Q03_007,Policy and institutional implications,PDF005,PDF005_Q03,causality,validated_paraphrase,3. Conceptual objects
CLM_PDF005_Q04_001,Definitions and conceptual separations,PDF005,PDF005_Q04,variables_parameters,validated_paraphrase,3. Conceptual objects
CLM_PDF005_Q04_001,Growth and capital-formation mechanisms,PDF005,PDF005_Q04,variables_parameters,validated_paraphrase,3. Conceptual objects
CLM_PDF005_Q04_001,"Credit, leverage, collateral, and monetary policy",PDF005,PDF005_Q04,variables_parameters,validated_paraphrase,3. Conceptual objects
CLM_PDF005_Q04_001,Unbalanced growth and overvaluation,PDF005,PDF005_Q04,variables_parameters,validated_paraphrase,3. Conceptual objects
CLM_PDF005_Q04_001,Debt rollover and dynamic efficiency,PDF005,PDF005_Q04,variables_parameters,validated_paraphrase,3. Conceptual objects
CLM_PDF005_Q04_001,Policy and institutional implications,PDF005,PDF005_Q04,variables_parameters,validated_paraphrase,3. Conceptual objects
CLM_PDF005_Q04_002,Definitions and conceptual separations,PDF005,PDF005_Q04,variables_parameters,validated_paraphrase,3. Conceptual objects
CLM_PDF005_Q04_002,Growth and capital-formation mechanisms,PDF005,PDF005_Q04,variables_parameters,validated_paraphrase,3. Conceptual objects
CLM_PDF005_Q04_002,Unbalanced growth and overvaluation,PDF005,PDF005_Q04,variables_parameters,validated_paraphrase,3. Conceptual objects
CLM_PDF005_Q04_002,Debt rollover and dynamic efficiency,PDF005,PDF005_Q04,variables_parameters,validated_paraphrase,3. Conceptual objects
CLM_PDF005_Q04_002,Policy and institutional implications,PDF005,PDF005_Q04,variables_parameters,validated_paraphrase,3. Conceptual objects
CLM_PDF005_Q04_003,Definitions and conceptual separations,PDF005,PDF005_Q04,variables_parameters,validated_paraphrase,3. Conceptual objects
CLM_PDF005_Q04_003,Debt rollover and dynamic efficiency,PDF005,PDF005_Q04,variables_parameters,validated_paraphrase,3. Conceptual objects
CLM_PDF005_Q04_003,Policy and institutional implications,PDF005,PDF005_Q04,variables_parameters,validated_paraphrase,3. Conceptual objects
CLM_PDF005_Q04_003,Critical adaptation to urban land-rent financialization in Latin America,PDF005,PDF005_Q04,variables_parameters,validated_paraphrase,3. Conceptual objects
CLM_PDF005_Q04_004,Definitions and conceptual separations,PDF005,PDF005_Q04,mechanism,validated_paraphrase,3. Conceptual objects
CLM_PDF005_Q04_004,Growth and capital-formation mechanisms,PDF005,PDF005_Q04,mechanism,validated_paraphrase,3. Conceptual objects
CLM_PDF005_Q04_004,"Credit, leverage, collateral, and monetary policy",PDF005,PDF005_Q04,mechanism,validated_paraphrase,3. Conceptual objects
CLM_PDF005_Q04_004,Debt rollover and dynamic efficiency,PDF005,PDF005_Q04,mechanism,validated_paraphrase,3. Conceptual objects
CLM_PDF005_Q04_005,Definitions and conceptual separations,PDF005,PDF005_Q04,variables_parameters,validated_paraphrase,3. Conceptual objects
CLM_PDF005_Q04_005,Growth and capital-formation mechanisms,PDF005,PDF005_Q04,variables_parameters,validated_paraphrase,3. Conceptual objects
CLM_PDF005_Q04_005,"Credit, leverage, collateral, and monetary policy",PDF005,PDF005_Q04,variables_parameters,validated_paraphrase,3. Conceptual objects
CLM_PDF005_Q04_005,Unbalanced growth and overvaluation,PDF005,PDF005_Q04,variables_parameters,validated_paraphrase,3. Conceptual objects
CLM_PDF005_Q04_005,Debt rollover and dynamic efficiency,PDF005,PDF005_Q04,variables_parameters,validated_paraphrase,3. Conceptual objects
CLM_PDF005_Q04_005,Policy and institutional implications,PDF005,PDF005_Q04,variables_parameters,validated_paraphrase,3. Conceptual objects
CLM_PDF005_Q04_006,Definitions and conceptual separations,PDF005,PDF005_Q04,mechanism,validated_paraphrase,3. Conceptual objects
CLM_PDF005_Q04_006,Growth and capital-formation mechanisms,PDF005,PDF005_Q04,mechanism,validated_paraphrase,3. Conceptual objects
CLM_PDF005_Q04_006,"Credit, leverage, collateral, and monetary policy",PDF005,PDF005_Q04,mechanism,validated_paraphrase,3. Conceptual objects
CLM_PDF005_Q04_006,Unbalanced growth and overvaluation,PDF005,PDF005_Q04,mechanism,validated_paraphrase,3. Conceptual objects
CLM_PDF005_Q04_006,Debt rollover and dynamic efficiency,PDF005,PDF005_Q04,mechanism,validated_paraphrase,3. Conceptual objects
CLM_PDF005_Q04_007,Definitions and conceptual separations,PDF005,PDF005_Q04,mechanism,validated_paraphrase,5. Mechanism II
CLM_PDF005_Q04_007,Growth and capital-formation mechanisms,PDF005,PDF005_Q04,mechanism,validated_paraphrase,5. Mechanism II
CLM_PDF005_Q04_007,"Credit, leverage, collateral, and monetary policy",PDF005,PDF005_Q04,mechanism,validated_paraphrase,5. Mechanism II
CLM_PDF005_Q04_007,Debt rollover and dynamic efficiency,PDF005,PDF005_Q04,mechanism,validated_paraphrase,5. Mechanism II
CLM_PDF005_Q04_007,Policy and institutional implications,PDF005,PDF005_Q04,mechanism,validated_paraphrase,5. Mechanism II
CLM_PDF005_Q05_001,Definitions and conceptual separations,PDF005,PDF005_Q05,causality,validated_paraphrase,3. Conceptual objects
CLM_PDF005_Q05_001,Growth and capital-formation mechanisms,PDF005,PDF005_Q05,causality,validated_paraphrase,3. Conceptual objects
CLM_PDF005_Q05_001,"Credit, leverage, collateral, and monetary policy",PDF005,PDF005_Q05,causality,validated_paraphrase,3. Conceptual objects
CLM_PDF005_Q05_001,Debt rollover and dynamic efficiency,PDF005,PDF005_Q05,causality,validated_paraphrase,3. Conceptual objects
CLM_PDF005_Q05_002,Growth and capital-formation mechanisms,PDF005,PDF005_Q05,variables_parameters,validated_paraphrase,5. Mechanism II
CLM_PDF005_Q05_002,"Credit, leverage, collateral, and monetary policy",PDF005,PDF005_Q05,variables_parameters,validated_paraphrase,5. Mechanism II
CLM_PDF005_Q05_002,Debt rollover and dynamic efficiency,PDF005,PDF005_Q05,variables_parameters,validated_paraphrase,5. Mechanism II
CLM_PDF005_Q05_003,Definitions and conceptual separations,PDF005,PDF005_Q05,variables_parameters,validated_paraphrase,3. Conceptual objects
CLM_PDF005_Q05_003,Growth and capital-formation mechanisms,PDF005,PDF005_Q05,variables_parameters,validated_paraphrase,3. Conceptual objects
CLM_PDF005_Q05_003,"Credit, leverage, collateral, and monetary policy",PDF005,PDF005_Q05,variables_parameters,validated_paraphrase,3. Conceptual objects
CLM_PDF005_Q05_003,Debt rollover and dynamic efficiency,PDF005,PDF005_Q05,variables_parameters,validated_paraphrase,3. Conceptual objects
CLM_PDF005_Q05_003,Critical adaptation to urban land-rent financialization in Latin America,PDF005,PDF005_Q05,variables_parameters,validated_paraphrase,3. Conceptual objects
CLM_PDF005_Q05_004,Definitions and conceptual separations,PDF005,PDF005_Q05,variables_parameters,validated_paraphrase,3. Conceptual objects
CLM_PDF005_Q05_004,Growth and capital-formation mechanisms,PDF005,PDF005_Q05,variables_parameters,validated_paraphrase,3. Conceptual objects
CLM_PDF005_Q05_004,"Credit, leverage, collateral, and monetary policy",PDF005,PDF005_Q05,variables_parameters,validated_paraphrase,3. Conceptual objects
CLM_PDF005_Q05_004,Debt rollover and dynamic efficiency,PDF005,PDF005_Q05,variables_parameters,validated_paraphrase,3. Conceptual objects
CLM_PDF005_Q05_005,Definitions and conceptual separations,PDF005,PDF005_Q05,mechanism,validated_paraphrase,3. Conceptual objects
CLM_PDF005_Q05_005,Growth and capital-formation mechanisms,PDF005,PDF005_Q05,mechanism,validated_paraphrase,3. Conceptual objects
CLM_PDF005_Q05_005,"Credit, leverage, collateral, and monetary policy",PDF005,PDF005_Q05,mechanism,validated_paraphrase,3. Conceptual objects
CLM_PDF005_Q05_005,Debt rollover and dynamic efficiency,PDF005,PDF005_Q05,mechanism,validated_paraphrase,3. Conceptual objects
CLM_PDF005_Q05_006,Definitions and conceptual separations,PDF005,PDF005_Q05,mechanism,validated_paraphrase,3. Conceptual objects
CLM_PDF005_Q05_006,Growth and capital-formation mechanisms,PDF005,PDF005_Q05,mechanism,validated_paraphrase,3. Conceptual objects
CLM_PDF005_Q05_006,"Credit, leverage, collateral, and monetary policy",PDF005,PDF005_Q05,mechanism,validated_paraphrase,3. Conceptual objects
CLM_PDF005_Q05_006,Debt rollover and dynamic efficiency,PDF005,PDF005_Q05,mechanism,validated_paraphrase,3. Conceptual objects
CLM_PDF005_Q05_007,Definitions and conceptual separations,PDF005,PDF005_Q05,variables_parameters,validated_paraphrase,3. Conceptual objects
CLM_PDF005_Q05_007,Growth and capital-formation mechanisms,PDF005,PDF005_Q05,variables_parameters,validated_paraphrase,3. Conceptual objects
CLM_PDF005_Q05_007,"Credit, leverage, collateral, and monetary policy",PDF005,PDF005_Q05,variables_parameters,validated_paraphrase,3. Conceptual objects
CLM_PDF005_Q05_007,Debt rollover and dynamic efficiency,PDF005,PDF005_Q05,variables_parameters,validated_paraphrase,3. Conceptual objects
CLM_PDF005_Q06_001,Definitions and conceptual separations,PDF005,PDF005_Q06,variables_parameters,validated_paraphrase,3. Conceptual objects
CLM_PDF005_Q06_001,Growth and capital-formation mechanisms,PDF005,PDF005_Q06,variables_parameters,validated_paraphrase,3. Conceptual objects
CLM_PDF005_Q06_001,Debt rollover and dynamic efficiency,PDF005,PDF005_Q06,variables_parameters,validated_paraphrase,3. Conceptual objects
CLM_PDF005_Q06_001,Policy and institutional implications,PDF005,PDF005_Q06,variables_parameters,validated_paraphrase,3. Conceptual objects
CLM_PDF005_Q06_001,Critical adaptation to urban land-rent financialization in Latin America,PDF005,PDF005_Q06,variables_parameters,validated_paraphrase,3. Conceptual objects
CLM_PDF005_Q06_002,Definitions and conceptual separations,PDF005,PDF005_Q06,variables_parameters,validated_paraphrase,1. Introduction
CLM_PDF005_Q06_002,Growth and capital-formation mechanisms,PDF005,PDF005_Q06,variables_parameters,validated_paraphrase,1. Introduction
CLM_PDF005_Q06_002,"Credit, leverage, collateral, and monetary policy",PDF005,PDF005_Q06,variables_parameters,validated_paraphrase,1. Introduction
CLM_PDF005_Q06_002,Debt rollover and dynamic efficiency,PDF005,PDF005_Q06,variables_parameters,validated_paraphrase,1. Introduction
CLM_PDF005_Q06_003,Definitions and conceptual separations,PDF005,PDF005_Q06,variables_parameters,validated_paraphrase,3. Conceptual objects
CLM_PDF005_Q06_003,"Credit, leverage, collateral, and monetary policy",PDF005,PDF005_Q06,variables_parameters,validated_paraphrase,3. Conceptual objects
CLM_PDF005_Q06_003,Unbalanced growth and overvaluation,PDF005,PDF005_Q06,variables_parameters,validated_paraphrase,3. Conceptual objects
CLM_PDF005_Q06_003,Debt rollover and dynamic efficiency,PDF005,PDF005_Q06,variables_parameters,validated_paraphrase,3. Conceptual objects
CLM_PDF005_Q06_003,Critical adaptation to urban land-rent financialization in Latin America,PDF005,PDF005_Q06,variables_parameters,validated_paraphrase,3. Conceptual objects
CLM_PDF005_Q06_004,Definitions and conceptual separations,PDF005,PDF005_Q06,variables_parameters,validated_paraphrase,3. Conceptual objects
CLM_PDF005_Q06_004,Growth and capital-formation mechanisms,PDF005,PDF005_Q06,variables_parameters,validated_paraphrase,3. Conceptual objects
CLM_PDF005_Q06_004,Debt rollover and dynamic efficiency,PDF005,PDF005_Q06,variables_parameters,validated_paraphrase,3. Conceptual objects
CLM_PDF005_Q06_004,Critical adaptation to urban land-rent financialization in Latin America,PDF005,PDF005_Q06,variables_parameters,validated_paraphrase,3. Conceptual objects
CLM_PDF005_Q06_005,Definitions and conceptual separations,PDF005,PDF005_Q06,variables_parameters,validated_paraphrase,3. Conceptual objects
CLM_PDF005_Q06_005,Growth and capital-formation mechanisms,PDF005,PDF005_Q06,variables_parameters,validated_paraphrase,3. Conceptual objects
CLM_PDF005_Q06_005,Unbalanced growth and overvaluation,PDF005,PDF005_Q06,variables_parameters,validated_paraphrase,3. Conceptual objects
CLM_PDF005_Q06_005,Debt rollover and dynamic efficiency,PDF005,PDF005_Q06,variables_parameters,validated_paraphrase,3. Conceptual objects
CLM_PDF005_Q06_005,Policy and institutional implications,PDF005,PDF005_Q06,variables_parameters,validated_paraphrase,3. Conceptual objects
CLM_PDF005_Q06_006,Definitions and conceptual separations,PDF005,PDF005_Q06,variables_parameters,validated_paraphrase,3. Conceptual objects
CLM_PDF005_Q06_006,Asset-price and wealth-measurement claims,PDF005,PDF005_Q06,variables_parameters,validated_paraphrase,3. Conceptual objects
CLM_PDF005_Q06_006,Growth and capital-formation mechanisms,PDF005,PDF005_Q06,variables_parameters,validated_paraphrase,3. Conceptual objects
CLM_PDF005_Q06_006,"Credit, leverage, collateral, and monetary policy",PDF005,PDF005_Q06,variables_parameters,validated_paraphrase,3. Conceptual objects
CLM_PDF005_Q06_006,Unbalanced growth and overvaluation,PDF005,PDF005_Q06,variables_parameters,validated_paraphrase,3. Conceptual objects
CLM_PDF005_Q06_006,Debt rollover and dynamic efficiency,PDF005,PDF005_Q06,variables_parameters,validated_paraphrase,3. Conceptual objects
CLM_PDF005_Q06_007,Definitions and conceptual separations,PDF005,PDF005_Q06,variables_parameters,validated_paraphrase,3. Conceptual objects
CLM_PDF005_Q06_007,Growth and capital-formation mechanisms,PDF005,PDF005_Q06,variables_parameters,validated_paraphrase,3. Conceptual objects
CLM_PDF005_Q06_007,Unbalanced growth and overvaluation,PDF005,PDF005_Q06,variables_parameters,validated_paraphrase,3. Conceptual objects
CLM_PDF005_Q06_007,Debt rollover and dynamic efficiency,PDF005,PDF005_Q06,variables_parameters,validated_paraphrase,3. Conceptual objects
CLM_PDF005_Q06_007,Policy and institutional implications,PDF005,PDF005_Q06,variables_parameters,validated_paraphrase,3. Conceptual objects
CLM_PDF005_Q07_001,Growth and capital-formation mechanisms,PDF005,PDF005_Q07,variables_parameters,validated_paraphrase,1. Introduction
CLM_PDF005_Q07_001,"Credit, leverage, collateral, and monetary policy",PDF005,PDF005_Q07,variables_parameters,validated_paraphrase,1. Introduction
CLM_PDF005_Q07_001,Debt rollover and dynamic efficiency,PDF005,PDF005_Q07,variables_parameters,validated_paraphrase,1. Introduction
CLM_PDF005_Q07_002,Debt rollover and dynamic efficiency,PDF005,PDF005_Q07,variables_parameters,validated_paraphrase,9. Critical appraisal
CLM_PDF005_Q07_002,Critical adaptation to urban land-rent financialization in Latin America,PDF005,PDF005_Q07,variables_parameters,validated_paraphrase,9. Critical appraisal
CLM_PDF005_Q07_003,Growth and capital-formation mechanisms,PDF005,PDF005_Q07,variables_parameters,validated_paraphrase,1. Introduction
CLM_PDF005_Q07_003,"Credit, leverage, collateral, and monetary policy",PDF005,PDF005_Q07,variables_parameters,validated_paraphrase,1. Introduction
CLM_PDF005_Q07_003,Debt rollover and dynamic efficiency,PDF005,PDF005_Q07,variables_parameters,validated_paraphrase,1. Introduction
CLM_PDF005_Q07_004,Growth and capital-formation mechanisms,PDF005,PDF005_Q07,variables_parameters,validated_paraphrase,1. Introduction
CLM_PDF005_Q07_004,"Credit, leverage, collateral, and monetary policy",PDF005,PDF005_Q07,variables_parameters,validated_paraphrase,1. Introduction
CLM_PDF005_Q07_004,Debt rollover and dynamic efficiency,PDF005,PDF005_Q07,variables_parameters,validated_paraphrase,1. Introduction
CLM_PDF005_Q07_005,Growth and capital-formation mechanisms,PDF005,PDF005_Q07,variables_parameters,validated_paraphrase,1. Introduction
CLM_PDF005_Q07_005,"Credit, leverage, collateral, and monetary policy",PDF005,PDF005_Q07,variables_parameters,validated_paraphrase,1. Introduction
CLM_PDF005_Q07_005,Debt rollover and dynamic efficiency,PDF005,PDF005_Q07,variables_parameters,validated_paraphrase,1. Introduction
CLM_PDF005_Q07_006,Definitions and conceptual separations,PDF005,PDF005_Q07,variables_parameters,validated_paraphrase,3. Conceptual objects
CLM_PDF005_Q07_006,Asset-price and wealth-measurement claims,PDF005,PDF005_Q07,variables_parameters,validated_paraphrase,3. Conceptual objects
CLM_PDF005_Q07_006,Growth and capital-formation mechanisms,PDF005,PDF005_Q07,variables_parameters,validated_paraphrase,3. Conceptual objects
CLM_PDF005_Q07_006,"Credit, leverage, collateral, and monetary policy",PDF005,PDF005_Q07,variables_parameters,validated_paraphrase,3. Conceptual objects
CLM_PDF005_Q07_006,Debt rollover and dynamic efficiency,PDF005,PDF005_Q07,variables_parameters,validated_paraphrase,3. Conceptual objects
CLM_PDF006_Q01_001,Unbalanced growth and overvaluation,PDF006,PDF006_Q01,variables_parameters,validated_paraphrase,8. Wobbly dynamics
CLM_PDF006_Q01_001,Debt rollover and dynamic efficiency,PDF006,PDF006_Q01,variables_parameters,validated_paraphrase,8. Wobbly dynamics
CLM_PDF006_Q01_001,Wobbly dynamics and endogenous instability,PDF006,PDF006_Q01,variables_parameters,validated_paraphrase,8. Wobbly dynamics
CLM_PDF006_Q01_002,Growth and capital-formation mechanisms,PDF006,PDF006_Q01,causality,validated_paraphrase,1. Introduction
CLM_PDF006_Q01_002,"Credit, leverage, collateral, and monetary policy",PDF006,PDF006_Q01,causality,validated_paraphrase,1. Introduction
CLM_PDF006_Q01_002,Debt rollover and dynamic efficiency,PDF006,PDF006_Q01,causality,validated_paraphrase,1. Introduction
CLM_PDF006_Q01_003,Definitions and conceptual separations,PDF006,PDF006_Q01,variables_parameters,validated_paraphrase,3. Conceptual objects
CLM_PDF006_Q01_003,Growth and capital-formation mechanisms,PDF006,PDF006_Q01,variables_parameters,validated_paraphrase,3. Conceptual objects
CLM_PDF006_Q01_003,"Credit, leverage, collateral, and monetary policy",PDF006,PDF006_Q01,variables_parameters,validated_paraphrase,3. Conceptual objects
CLM_PDF006_Q01_003,Debt rollover and dynamic efficiency,PDF006,PDF006_Q01,variables_parameters,validated_paraphrase,3. Conceptual objects
CLM_PDF006_Q01_003,Critical adaptation to urban land-rent financialization in Latin America,PDF006,PDF006_Q01,variables_parameters,validated_paraphrase,3. Conceptual objects
CLM_PDF006_Q01_004,Growth and capital-formation mechanisms,PDF006,PDF006_Q01,variables_parameters,validated_paraphrase,1. Introduction
CLM_PDF006_Q01_004,"Credit, leverage, collateral, and monetary policy",PDF006,PDF006_Q01,variables_parameters,validated_paraphrase,1. Introduction
CLM_PDF006_Q01_004,Debt rollover and dynamic efficiency,PDF006,PDF006_Q01,variables_parameters,validated_paraphrase,1. Introduction
CLM_PDF006_Q01_005,Growth and capital-formation mechanisms,PDF006,PDF006_Q01,variables_parameters,validated_paraphrase,1. Introduction
CLM_PDF006_Q01_005,"Credit, leverage, collateral, and monetary policy",PDF006,PDF006_Q01,variables_parameters,validated_paraphrase,1. Introduction
CLM_PDF006_Q01_005,Debt rollover and dynamic efficiency,PDF006,PDF006_Q01,variables_parameters,validated_paraphrase,1. Introduction
CLM_PDF006_Q01_006,Definitions and conceptual separations,PDF006,PDF006_Q01,variables_parameters,validated_paraphrase,3. Conceptual objects
CLM_PDF006_Q01_006,Growth and capital-formation mechanisms,PDF006,PDF006_Q01,variables_parameters,validated_paraphrase,3. Conceptual objects
CLM_PDF006_Q01_006,"Credit, leverage, collateral, and monetary policy",PDF006,PDF006_Q01,variables_parameters,validated_paraphrase,3. Conceptual objects
CLM_PDF006_Q01_006,Debt rollover and dynamic efficiency,PDF006,PDF006_Q01,variables_parameters,validated_paraphrase,3. Conceptual objects
CLM_PDF006_Q01_007,Growth and capital-formation mechanisms,PDF006,PDF006_Q01,mechanism,validated_paraphrase,1. Introduction
CLM_PDF006_Q01_007,"Credit, leverage, collateral, and monetary policy",PDF006,PDF006_Q01,mechanism,validated_paraphrase,1. Introduction
CLM_PDF006_Q01_007,Debt rollover and dynamic efficiency,PDF006,PDF006_Q01,mechanism,validated_paraphrase,1. Introduction
CLM_PDF006_Q02_001,Definitions and conceptual separations,PDF006,PDF006_Q02,variables_parameters,validated_paraphrase,3. Conceptual objects
CLM_PDF006_Q02_001,Growth and capital-formation mechanisms,PDF006,PDF006_Q02,variables_parameters,validated_paraphrase,3. Conceptual objects
CLM_PDF006_Q02_001,"Credit, leverage, collateral, and monetary policy",PDF006,PDF006_Q02,variables_parameters,validated_paraphrase,3. Conceptual objects
CLM_PDF006_Q02_001,Debt rollover and dynamic efficiency,PDF006,PDF006_Q02,variables_parameters,validated_paraphrase,3. Conceptual objects
CLM_PDF006_Q02_002,Growth and capital-formation mechanisms,PDF006,PDF006_Q02,causality,validated_paraphrase,1. Introduction
CLM_PDF006_Q02_002,"Credit, leverage, collateral, and monetary policy",PDF006,PDF006_Q02,causality,validated_paraphrase,1. Introduction
CLM_PDF006_Q02_002,Debt rollover and dynamic efficiency,PDF006,PDF006_Q02,causality,validated_paraphrase,1. Introduction
CLM_PDF006_Q02_003,Definitions and conceptual separations,PDF006,PDF006_Q02,variables_parameters,validated_paraphrase,3. Conceptual objects
CLM_PDF006_Q02_003,Growth and capital-formation mechanisms,PDF006,PDF006_Q02,variables_parameters,validated_paraphrase,3. Conceptual objects
CLM_PDF006_Q02_003,"Credit, leverage, collateral, and monetary policy",PDF006,PDF006_Q02,variables_parameters,validated_paraphrase,3. Conceptual objects
CLM_PDF006_Q02_003,Debt rollover and dynamic efficiency,PDF006,PDF006_Q02,variables_parameters,validated_paraphrase,3. Conceptual objects
CLM_PDF006_Q02_003,Wobbly dynamics and endogenous instability,PDF006,PDF006_Q02,variables_parameters,validated_paraphrase,3. Conceptual objects
CLM_PDF006_Q02_003,Critical adaptation to urban land-rent financialization in Latin America,PDF006,PDF006_Q02,variables_parameters,validated_paraphrase,3. Conceptual objects
CLM_PDF006_Q02_004,Growth and capital-formation mechanisms,PDF006,PDF006_Q02,variables_parameters,validated_paraphrase,1. Introduction
CLM_PDF006_Q02_004,"Credit, leverage, collateral, and monetary policy",PDF006,PDF006_Q02,variables_parameters,validated_paraphrase,1. Introduction
CLM_PDF006_Q02_004,Debt rollover and dynamic efficiency,PDF006,PDF006_Q02,variables_parameters,validated_paraphrase,1. Introduction
CLM_PDF006_Q02_005,Growth and capital-formation mechanisms,PDF006,PDF006_Q02,causality,validated_paraphrase,1. Introduction
CLM_PDF006_Q02_005,"Credit, leverage, collateral, and monetary policy",PDF006,PDF006_Q02,causality,validated_paraphrase,1. Introduction
CLM_PDF006_Q02_005,Debt rollover and dynamic efficiency,PDF006,PDF006_Q02,causality,validated_paraphrase,1. Introduction
CLM_PDF006_Q02_006,Definitions and conceptual separations,PDF006,PDF006_Q02,variables_parameters,validated_paraphrase,3. Conceptual objects
CLM_PDF006_Q02_006,Growth and capital-formation mechanisms,PDF006,PDF006_Q02,variables_parameters,validated_paraphrase,3. Conceptual objects
CLM_PDF006_Q02_006,"Credit, leverage, collateral, and monetary policy",PDF006,PDF006_Q02,variables_parameters,validated_paraphrase,3. Conceptual objects
CLM_PDF006_Q02_006,Unbalanced growth and overvaluation,PDF006,PDF006_Q02,variables_parameters,validated_paraphrase,3. Conceptual objects
CLM_PDF006_Q02_006,Debt rollover and dynamic efficiency,PDF006,PDF006_Q02,variables_parameters,validated_paraphrase,3. Conceptual objects
CLM_PDF006_Q02_007,Definitions and conceptual separations,PDF006,PDF006_Q02,variables_parameters,validated_paraphrase,3. Conceptual objects
CLM_PDF006_Q02_007,Growth and capital-formation mechanisms,PDF006,PDF006_Q02,variables_parameters,validated_paraphrase,3. Conceptual objects
CLM_PDF006_Q02_007,"Credit, leverage, collateral, and monetary policy",PDF006,PDF006_Q02,variables_parameters,validated_paraphrase,3. Conceptual objects
CLM_PDF006_Q02_007,Debt rollover and dynamic efficiency,PDF006,PDF006_Q02,variables_parameters,validated_paraphrase,3. Conceptual objects
CLM_PDF006_Q03_001,"Credit, leverage, collateral, and monetary policy",PDF006,PDF006_Q03,variables_parameters,validated_paraphrase,1. Introduction
CLM_PDF006_Q03_001,Debt rollover and dynamic efficiency,PDF006,PDF006_Q03,variables_parameters,validated_paraphrase,1. Introduction
CLM_PDF006_Q03_001,Wobbly dynamics and endogenous instability,PDF006,PDF006_Q03,variables_parameters,validated_paraphrase,1. Introduction
CLM_PDF006_Q03_002,Definitions and conceptual separations,PDF006,PDF006_Q03,variables_parameters,validated_paraphrase,3. Conceptual objects
CLM_PDF006_Q03_002,Debt rollover and dynamic efficiency,PDF006,PDF006_Q03,variables_parameters,validated_paraphrase,3. Conceptual objects
CLM_PDF006_Q03_002,Critical adaptation to urban land-rent financialization in Latin America,PDF006,PDF006_Q03,variables_parameters,validated_paraphrase,3. Conceptual objects
CLM_PDF006_Q03_003,Definitions and conceptual separations,PDF006,PDF006_Q03,variables_parameters,validated_paraphrase,3. Conceptual objects
CLM_PDF006_Q03_003,Growth and capital-formation mechanisms,PDF006,PDF006_Q03,variables_parameters,validated_paraphrase,3. Conceptual objects
CLM_PDF006_Q03_003,"Credit, leverage, collateral, and monetary policy",PDF006,PDF006_Q03,variables_parameters,validated_paraphrase,3. Conceptual objects
CLM_PDF006_Q03_003,Debt rollover and dynamic efficiency,PDF006,PDF006_Q03,variables_parameters,validated_paraphrase,3. Conceptual objects
CLM_PDF006_Q03_004,"Credit, leverage, collateral, and monetary policy",PDF006,PDF006_Q03,mechanism,validated_paraphrase,1. Introduction
CLM_PDF006_Q03_004,Debt rollover and dynamic efficiency,PDF006,PDF006_Q03,mechanism,validated_paraphrase,1. Introduction
CLM_PDF006_Q03_004,Wobbly dynamics and endogenous instability,PDF006,PDF006_Q03,mechanism,validated_paraphrase,1. Introduction
CLM_PDF006_Q03_005,Definitions and conceptual separations,PDF006,PDF006_Q03,variables_parameters,validated_paraphrase,4. Mechanism I
CLM_PDF006_Q03_005,Growth and capital-formation mechanisms,PDF006,PDF006_Q03,variables_parameters,validated_paraphrase,4. Mechanism I
CLM_PDF006_Q03_005,"Credit, leverage, collateral, and monetary policy",PDF006,PDF006_Q03,variables_parameters,validated_paraphrase,4. Mechanism I
CLM_PDF006_Q03_005,Unbalanced growth and overvaluation,PDF006,PDF006_Q03,variables_parameters,validated_paraphrase,4. Mechanism I
CLM_PDF006_Q03_005,Debt rollover and dynamic efficiency,PDF006,PDF006_Q03,variables_parameters,validated_paraphrase,4. Mechanism I
CLM_PDF006_Q03_006,Growth and capital-formation mechanisms,PDF006,PDF006_Q03,variables_parameters,validated_paraphrase,1. Introduction
CLM_PDF006_Q03_006,"Credit, leverage, collateral, and monetary policy",PDF006,PDF006_Q03,variables_parameters,validated_paraphrase,1. Introduction
CLM_PDF006_Q03_006,Debt rollover and dynamic efficiency,PDF006,PDF006_Q03,variables_parameters,validated_paraphrase,1. Introduction
CLM_PDF006_Q03_006,Wobbly dynamics and endogenous instability,PDF006,PDF006_Q03,variables_parameters,validated_paraphrase,1. Introduction
CLM_PDF006_Q04_001,Growth and capital-formation mechanisms,PDF006,PDF006_Q04,variables_parameters,validated_paraphrase,1. Introduction
CLM_PDF006_Q04_001,"Credit, leverage, collateral, and monetary policy",PDF006,PDF006_Q04,variables_parameters,validated_paraphrase,1. Introduction
CLM_PDF006_Q04_001,Debt rollover and dynamic efficiency,PDF006,PDF006_Q04,variables_parameters,validated_paraphrase,1. Introduction
CLM_PDF006_Q04_002,Growth and capital-formation mechanisms,PDF006,PDF006_Q04,causality,validated_paraphrase,1. Introduction
CLM_PDF006_Q04_002,"Credit, leverage, collateral, and monetary policy",PDF006,PDF006_Q04,causality,validated_paraphrase,1. Introduction
CLM_PDF006_Q04_002,Debt rollover and dynamic efficiency,PDF006,PDF006_Q04,causality,validated_paraphrase,1. Introduction
CLM_PDF006_Q04_003,Debt rollover and dynamic efficiency,PDF006,PDF006_Q04,variables_parameters,validated_paraphrase,7. Mechanism IV
CLM_PDF006_Q04_003,Wobbly dynamics and endogenous instability,PDF006,PDF006_Q04,variables_parameters,validated_paraphrase,7. Mechanism IV
CLM_PDF006_Q04_003,Critical adaptation to urban land-rent financialization in Latin America,PDF006,PDF006_Q04,variables_parameters,validated_paraphrase,7. Mechanism IV
CLM_PDF006_Q04_004,Definitions and conceptual separations,PDF006,PDF006_Q04,mechanism,validated_paraphrase,3. Conceptual objects
CLM_PDF006_Q04_004,Growth and capital-formation mechanisms,PDF006,PDF006_Q04,mechanism,validated_paraphrase,3. Conceptual objects
CLM_PDF006_Q04_004,"Credit, leverage, collateral, and monetary policy",PDF006,PDF006_Q04,mechanism,validated_paraphrase,3. Conceptual objects
CLM_PDF006_Q04_004,Debt rollover and dynamic efficiency,PDF006,PDF006_Q04,mechanism,validated_paraphrase,3. Conceptual objects
CLM_PDF006_Q04_005,Growth and capital-formation mechanisms,PDF006,PDF006_Q04,variables_parameters,validated_paraphrase,1. Introduction
CLM_PDF006_Q04_005,"Credit, leverage, collateral, and monetary policy",PDF006,PDF006_Q04,variables_parameters,validated_paraphrase,1. Introduction
CLM_PDF006_Q04_005,Debt rollover and dynamic efficiency,PDF006,PDF006_Q04,variables_parameters,validated_paraphrase,1. Introduction
CLM_PDF006_Q04_005,Wobbly dynamics and endogenous instability,PDF006,PDF006_Q04,variables_parameters,validated_paraphrase,1. Introduction
CLM_PDF006_Q04_006,Growth and capital-formation mechanisms,PDF006,PDF006_Q04,mechanism,validated_paraphrase,1. Introduction
CLM_PDF006_Q04_006,"Credit, leverage, collateral, and monetary policy",PDF006,PDF006_Q04,mechanism,validated_paraphrase,1. Introduction
CLM_PDF006_Q04_006,Debt rollover and dynamic efficiency,PDF006,PDF006_Q04,mechanism,validated_paraphrase,1. Introduction
CLM_PDF006_Q04_006,Wobbly dynamics and endogenous instability,PDF006,PDF006_Q04,mechanism,validated_paraphrase,1. Introduction
CLM_PDF006_Q04_007,Definitions and conceptual separations,PDF006,PDF006_Q04,variables_parameters,validated_paraphrase,4. Mechanism I
CLM_PDF006_Q04_007,Growth and capital-formation mechanisms,PDF006,PDF006_Q04,variables_parameters,validated_paraphrase,4. Mechanism I
CLM_PDF006_Q04_007,"Credit, leverage, collateral, and monetary policy",PDF006,PDF006_Q04,variables_parameters,validated_paraphrase,4. Mechanism I
CLM_PDF006_Q04_007,Debt rollover and dynamic efficiency,PDF006,PDF006_Q04,variables_parameters,validated_paraphrase,4. Mechanism I
CLM_PDF006_Q05_001,Growth and capital-formation mechanisms,PDF006,PDF006_Q05,variables_parameters,validated_paraphrase,5. Mechanism II
CLM_PDF006_Q05_001,"Credit, leverage, collateral, and monetary policy",PDF006,PDF006_Q05,variables_parameters,validated_paraphrase,5. Mechanism II
CLM_PDF006_Q05_001,Debt rollover and dynamic efficiency,PDF006,PDF006_Q05,variables_parameters,validated_paraphrase,5. Mechanism II
CLM_PDF006_Q05_001,Wobbly dynamics and endogenous instability,PDF006,PDF006_Q05,variables_parameters,validated_paraphrase,5. Mechanism II
CLM_PDF006_Q05_002,Debt rollover and dynamic efficiency,PDF006,PDF006_Q05,causality,validated_paraphrase,8. Wobbly dynamics
CLM_PDF006_Q05_002,Wobbly dynamics and endogenous instability,PDF006,PDF006_Q05,causality,validated_paraphrase,8. Wobbly dynamics
CLM_PDF006_Q05_003,Definitions and conceptual separations,PDF006,PDF006_Q05,variables_parameters,validated_paraphrase,3. Conceptual objects
CLM_PDF006_Q05_003,Debt rollover and dynamic efficiency,PDF006,PDF006_Q05,variables_parameters,validated_paraphrase,3. Conceptual objects
CLM_PDF006_Q05_003,Wobbly dynamics and endogenous instability,PDF006,PDF006_Q05,variables_parameters,validated_paraphrase,3. Conceptual objects
CLM_PDF006_Q05_003,Critical adaptation to urban land-rent financialization in Latin America,PDF006,PDF006_Q05,variables_parameters,validated_paraphrase,3. Conceptual objects
CLM_PDF006_Q05_004,Growth and capital-formation mechanisms,PDF006,PDF006_Q05,variables_parameters,validated_paraphrase,1. Introduction
CLM_PDF006_Q05_004,"Credit, leverage, collateral, and monetary policy",PDF006,PDF006_Q05,variables_parameters,validated_paraphrase,1. Introduction
CLM_PDF006_Q05_004,Debt rollover and dynamic efficiency,PDF006,PDF006_Q05,variables_parameters,validated_paraphrase,1. Introduction
CLM_PDF006_Q05_005,Growth and capital-formation mechanisms,PDF006,PDF006_Q05,variables_parameters,validated_paraphrase,1. Introduction
CLM_PDF006_Q05_005,"Credit, leverage, collateral, and monetary policy",PDF006,PDF006_Q05,variables_parameters,validated_paraphrase,1. Introduction
CLM_PDF006_Q05_005,Debt rollover and dynamic efficiency,PDF006,PDF006_Q05,variables_parameters,validated_paraphrase,1. Introduction
CLM_PDF006_Q05_006,Definitions and conceptual separations,PDF006,PDF006_Q05,variables_parameters,validated_paraphrase,3. Conceptual objects
CLM_PDF006_Q05_006,Growth and capital-formation mechanisms,PDF006,PDF006_Q05,variables_parameters,validated_paraphrase,3. Conceptual objects
CLM_PDF006_Q05_006,"Credit, leverage, collateral, and monetary policy",PDF006,PDF006_Q05,variables_parameters,validated_paraphrase,3. Conceptual objects
CLM_PDF006_Q05_006,Unbalanced growth and overvaluation,PDF006,PDF006_Q05,variables_parameters,validated_paraphrase,3. Conceptual objects
CLM_PDF006_Q05_006,Debt rollover and dynamic efficiency,PDF006,PDF006_Q05,variables_parameters,validated_paraphrase,3. Conceptual objects
CLM_PDF006_Q05_007,Debt rollover and dynamic efficiency,PDF006,PDF006_Q05,variables_parameters,validated_paraphrase,8. Wobbly dynamics
CLM_PDF006_Q05_007,Wobbly dynamics and endogenous instability,PDF006,PDF006_Q05,variables_parameters,validated_paraphrase,8. Wobbly dynamics
CLM_PDF006_Q06_001,Definitions and conceptual separations,PDF006,PDF006_Q06,definition,validated_paraphrase,8. Wobbly dynamics
CLM_PDF006_Q06_001,Growth and capital-formation mechanisms,PDF006,PDF006_Q06,definition,validated_paraphrase,8. Wobbly dynamics
CLM_PDF006_Q06_001,Debt rollover and dynamic efficiency,PDF006,PDF006_Q06,definition,validated_paraphrase,8. Wobbly dynamics
CLM_PDF006_Q06_001,Wobbly dynamics and endogenous instability,PDF006,PDF006_Q06,definition,validated_paraphrase,8. Wobbly dynamics
CLM_PDF006_Q06_002,Growth and capital-formation mechanisms,PDF006,PDF006_Q06,definition,validated_paraphrase,1. Introduction
CLM_PDF006_Q06_002,"Credit, leverage, collateral, and monetary policy",PDF006,PDF006_Q06,definition,validated_paraphrase,1. Introduction
CLM_PDF006_Q06_002,Debt rollover and dynamic efficiency,PDF006,PDF006_Q06,definition,validated_paraphrase,1. Introduction
CLM_PDF006_Q06_003,Definitions and conceptual separations,PDF006,PDF006_Q06,causality,validated_paraphrase,3. Conceptual objects
CLM_PDF006_Q06_003,Growth and capital-formation mechanisms,PDF006,PDF006_Q06,causality,validated_paraphrase,3. Conceptual objects
CLM_PDF006_Q06_003,Debt rollover and dynamic efficiency,PDF006,PDF006_Q06,causality,validated_paraphrase,3. Conceptual objects
CLM_PDF006_Q06_003,Wobbly dynamics and endogenous instability,PDF006,PDF006_Q06,causality,validated_paraphrase,3. Conceptual objects
CLM_PDF006_Q06_003,Critical adaptation to urban land-rent financialization in Latin America,PDF006,PDF006_Q06,causality,validated_paraphrase,3. Conceptual objects
CLM_PDF006_Q06_004,Definitions and conceptual separations,PDF006,PDF006_Q06,variables_parameters,validated_paraphrase,3. Conceptual objects
CLM_PDF006_Q06_004,Growth and capital-formation mechanisms,PDF006,PDF006_Q06,variables_parameters,validated_paraphrase,3. Conceptual objects
CLM_PDF006_Q06_004,"Credit, leverage, collateral, and monetary policy",PDF006,PDF006_Q06,variables_parameters,validated_paraphrase,3. Conceptual objects
CLM_PDF006_Q06_004,Debt rollover and dynamic efficiency,PDF006,PDF006_Q06,variables_parameters,validated_paraphrase,3. Conceptual objects
CLM_PDF006_Q06_005,"Credit, leverage, collateral, and monetary policy",PDF006,PDF006_Q06,variables_parameters,validated_paraphrase,1. Introduction
CLM_PDF006_Q06_005,Debt rollover and dynamic efficiency,PDF006,PDF006_Q06,variables_parameters,validated_paraphrase,1. Introduction
CLM_PDF006_Q06_005,Wobbly dynamics and endogenous instability,PDF006,PDF006_Q06,variables_parameters,validated_paraphrase,1. Introduction
CLM_PDF006_Q06_006,Definitions and conceptual separations,PDF006,PDF006_Q06,mechanism,validated_paraphrase,1. Introduction
CLM_PDF006_Q06_006,Growth and capital-formation mechanisms,PDF006,PDF006_Q06,mechanism,validated_paraphrase,1. Introduction
CLM_PDF006_Q06_006,"Credit, leverage, collateral, and monetary policy",PDF006,PDF006_Q06,mechanism,validated_paraphrase,1. Introduction
CLM_PDF006_Q06_006,Debt rollover and dynamic efficiency,PDF006,PDF006_Q06,mechanism,validated_paraphrase,1. Introduction
CLM_PDF006_Q06_007,Debt rollover and dynamic efficiency,PDF006,PDF006_Q06,mechanism,validated_paraphrase,8. Wobbly dynamics
CLM_PDF006_Q06_007,Wobbly dynamics and endogenous instability,PDF006,PDF006_Q06,mechanism,validated_paraphrase,8. Wobbly dynamics
CLM_PDF006_Q07_001,Growth and capital-formation mechanisms,PDF006,PDF006_Q07,variables_parameters,validated_paraphrase,1. Introduction
CLM_PDF006_Q07_001,"Credit, leverage, collateral, and monetary policy",PDF006,PDF006_Q07,variables_parameters,validated_paraphrase,1. Introduction
CLM_PDF006_Q07_001,Debt rollover and dynamic efficiency,PDF006,PDF006_Q07,variables_parameters,validated_paraphrase,1. Introduction
CLM_PDF006_Q07_002,Growth and capital-formation mechanisms,PDF006,PDF006_Q07,variables_parameters,validated_paraphrase,1. Introduction
CLM_PDF006_Q07_002,"Credit, leverage, collateral, and monetary policy",PDF006,PDF006_Q07,variables_parameters,validated_paraphrase,1. Introduction
CLM_PDF006_Q07_002,Debt rollover and dynamic efficiency,PDF006,PDF006_Q07,variables_parameters,validated_paraphrase,1. Introduction
CLM_PDF006_Q07_003,Debt rollover and dynamic efficiency,PDF006,PDF006_Q07,variables_parameters,validated_paraphrase,7. Mechanism IV
CLM_PDF006_Q07_003,Critical adaptation to urban land-rent financialization in Latin America,PDF006,PDF006_Q07,variables_parameters,validated_paraphrase,7. Mechanism IV
CLM_PDF006_Q07_004,Growth and capital-formation mechanisms,PDF006,PDF006_Q07,variables_parameters,validated_paraphrase,1. Introduction
CLM_PDF006_Q07_004,"Credit, leverage, collateral, and monetary policy",PDF006,PDF006_Q07,variables_parameters,validated_paraphrase,1. Introduction
CLM_PDF006_Q07_004,Debt rollover and dynamic efficiency,PDF006,PDF006_Q07,variables_parameters,validated_paraphrase,1. Introduction
CLM_PDF006_Q07_005,Growth and capital-formation mechanisms,PDF006,PDF006_Q07,variables_parameters,validated_paraphrase,1. Introduction
CLM_PDF006_Q07_005,"Credit, leverage, collateral, and monetary policy",PDF006,PDF006_Q07,variables_parameters,validated_paraphrase,1. Introduction
CLM_PDF006_Q07_005,Debt rollover and dynamic efficiency,PDF006,PDF006_Q07,variables_parameters,validated_paraphrase,1. Introduction
CLM_PDF006_Q07_006,Definitions and conceptual separations,PDF006,PDF006_Q07,variables_parameters,validated_paraphrase,3. Conceptual objects
CLM_PDF006_Q07_006,Growth and capital-formation mechanisms,PDF006,PDF006_Q07,variables_parameters,validated_paraphrase,3. Conceptual objects
CLM_PDF006_Q07_006,"Credit, leverage, collateral, and monetary policy",PDF006,PDF006_Q07,variables_parameters,validated_paraphrase,3. Conceptual objects
CLM_PDF006_Q07_006,Debt rollover and dynamic efficiency,PDF006,PDF006_Q07,variables_parameters,validated_paraphrase,3. Conceptual objects
CLM_PDF006_Q07_007,Growth and capital-formation mechanisms,PDF006,PDF006_Q07,mechanism,validated_paraphrase,1. Introduction
CLM_PDF006_Q07_007,"Credit, leverage, collateral, and monetary policy",PDF006,PDF006_Q07,mechanism,validated_paraphrase,1. Introduction
CLM_PDF006_Q07_007,Debt rollover and dynamic efficiency,PDF006,PDF006_Q07,mechanism,validated_paraphrase,1. Introduction
CLM_PDF007_Q01_001,Definitions and conceptual separations,PDF007,PDF007_Q01,causality,validated_paraphrase,3. Conceptual objects
CLM_PDF007_Q01_001,Growth and capital-formation mechanisms,PDF007,PDF007_Q01,causality,validated_paraphrase,3. Conceptual objects
CLM_PDF007_Q01_001,"Credit, leverage, collateral, and monetary policy",PDF007,PDF007_Q01,causality,validated_paraphrase,3. Conceptual objects
CLM_PDF007_Q01_001,Unbalanced growth and overvaluation,PDF007,PDF007_Q01,causality,validated_paraphrase,3. Conceptual objects
CLM_PDF007_Q01_001,Debt rollover and dynamic efficiency,PDF007,PDF007_Q01,causality,validated_paraphrase,3. Conceptual objects
CLM_PDF007_Q01_001,Wobbly dynamics and endogenous instability,PDF007,PDF007_Q01,causality,validated_paraphrase,3. Conceptual objects
CLM_PDF007_Q01_002,Definitions and conceptual separations,PDF007,PDF007_Q01,variables_parameters,validated_paraphrase,4. Mechanism I
CLM_PDF007_Q01_002,Growth and capital-formation mechanisms,PDF007,PDF007_Q01,variables_parameters,validated_paraphrase,4. Mechanism I
CLM_PDF007_Q01_002,Debt rollover and dynamic efficiency,PDF007,PDF007_Q01,variables_parameters,validated_paraphrase,4. Mechanism I
CLM_PDF007_Q01_002,Wobbly dynamics and endogenous instability,PDF007,PDF007_Q01,variables_parameters,validated_paraphrase,4. Mechanism I
CLM_PDF007_Q01_003,Definitions and conceptual separations,PDF007,PDF007_Q01,theory_evidence,validated_paraphrase,3. Conceptual objects
CLM_PDF007_Q01_003,Growth and capital-formation mechanisms,PDF007,PDF007_Q01,theory_evidence,validated_paraphrase,3. Conceptual objects
CLM_PDF007_Q01_003,"Credit, leverage, collateral, and monetary policy",PDF007,PDF007_Q01,theory_evidence,validated_paraphrase,3. Conceptual objects
CLM_PDF007_Q01_003,Debt rollover and dynamic efficiency,PDF007,PDF007_Q01,theory_evidence,validated_paraphrase,3. Conceptual objects
CLM_PDF007_Q01_003,Critical adaptation to urban land-rent financialization in Latin America,PDF007,PDF007_Q01,theory_evidence,validated_paraphrase,3. Conceptual objects
CLM_PDF007_Q01_004,Definitions and conceptual separations,PDF007,PDF007_Q01,variables_parameters,validated_paraphrase,3. Conceptual objects
CLM_PDF007_Q01_004,Growth and capital-formation mechanisms,PDF007,PDF007_Q01,variables_parameters,validated_paraphrase,3. Conceptual objects
CLM_PDF007_Q01_004,"Credit, leverage, collateral, and monetary policy",PDF007,PDF007_Q01,variables_parameters,validated_paraphrase,3. Conceptual objects
CLM_PDF007_Q01_004,Debt rollover and dynamic efficiency,PDF007,PDF007_Q01,variables_parameters,validated_paraphrase,3. Conceptual objects
CLM_PDF007_Q01_005,Definitions and conceptual separations,PDF007,PDF007_Q01,variables_parameters,validated_paraphrase,3. Conceptual objects
CLM_PDF007_Q01_005,Growth and capital-formation mechanisms,PDF007,PDF007_Q01,variables_parameters,validated_paraphrase,3. Conceptual objects
CLM_PDF007_Q01_005,"Credit, leverage, collateral, and monetary policy",PDF007,PDF007_Q01,variables_parameters,validated_paraphrase,3. Conceptual objects
CLM_PDF007_Q01_005,Debt rollover and dynamic efficiency,PDF007,PDF007_Q01,variables_parameters,validated_paraphrase,3. Conceptual objects
CLM_PDF007_Q01_005,Wobbly dynamics and endogenous instability,PDF007,PDF007_Q01,variables_parameters,validated_paraphrase,3. Conceptual objects
CLM_PDF007_Q01_006,Definitions and conceptual separations,PDF007,PDF007_Q01,mechanism,validated_paraphrase,3. Conceptual objects
CLM_PDF007_Q01_006,Growth and capital-formation mechanisms,PDF007,PDF007_Q01,mechanism,validated_paraphrase,3. Conceptual objects
CLM_PDF007_Q01_006,"Credit, leverage, collateral, and monetary policy",PDF007,PDF007_Q01,mechanism,validated_paraphrase,3. Conceptual objects
CLM_PDF007_Q01_006,Debt rollover and dynamic efficiency,PDF007,PDF007_Q01,mechanism,validated_paraphrase,3. Conceptual objects
CLM_PDF007_Q01_007,"Credit, leverage, collateral, and monetary policy",PDF007,PDF007_Q01,variables_parameters,validated_paraphrase,8. Wobbly dynamics
CLM_PDF007_Q01_007,Debt rollover and dynamic efficiency,PDF007,PDF007_Q01,variables_parameters,validated_paraphrase,8. Wobbly dynamics
CLM_PDF007_Q01_007,Wobbly dynamics and endogenous instability,PDF007,PDF007_Q01,variables_parameters,validated_paraphrase,8. Wobbly dynamics
CLM_PDF007_Q02_001,Definitions and conceptual separations,PDF007,PDF007_Q02,variables_parameters,validated_paraphrase,3. Conceptual objects
CLM_PDF007_Q02_001,Growth and capital-formation mechanisms,PDF007,PDF007_Q02,variables_parameters,validated_paraphrase,3. Conceptual objects
CLM_PDF007_Q02_001,"Credit, leverage, collateral, and monetary policy",PDF007,PDF007_Q02,variables_parameters,validated_paraphrase,3. Conceptual objects
CLM_PDF007_Q02_001,Debt rollover and dynamic efficiency,PDF007,PDF007_Q02,variables_parameters,validated_paraphrase,3. Conceptual objects
CLM_PDF007_Q02_002,Definitions and conceptual separations,PDF007,PDF007_Q02,variables_parameters,validated_paraphrase,3. Conceptual objects
CLM_PDF007_Q02_002,Growth and capital-formation mechanisms,PDF007,PDF007_Q02,variables_parameters,validated_paraphrase,3. Conceptual objects
CLM_PDF007_Q02_002,"Credit, leverage, collateral, and monetary policy",PDF007,PDF007_Q02,variables_parameters,validated_paraphrase,3. Conceptual objects
CLM_PDF007_Q02_002,Debt rollover and dynamic efficiency,PDF007,PDF007_Q02,variables_parameters,validated_paraphrase,3. Conceptual objects
CLM_PDF007_Q02_003,Definitions and conceptual separations,PDF007,PDF007_Q02,theory_evidence,validated_paraphrase,3. Conceptual objects
CLM_PDF007_Q02_003,Debt rollover and dynamic efficiency,PDF007,PDF007_Q02,theory_evidence,validated_paraphrase,3. Conceptual objects
CLM_PDF007_Q02_003,Wobbly dynamics and endogenous instability,PDF007,PDF007_Q02,theory_evidence,validated_paraphrase,3. Conceptual objects
CLM_PDF007_Q02_003,Critical adaptation to urban land-rent financialization in Latin America,PDF007,PDF007_Q02,theory_evidence,validated_paraphrase,3. Conceptual objects
CLM_PDF007_Q02_004,Definitions and conceptual separations,PDF007,PDF007_Q02,mechanism,validated_paraphrase,3. Conceptual objects
CLM_PDF007_Q02_004,Growth and capital-formation mechanisms,PDF007,PDF007_Q02,mechanism,validated_paraphrase,3. Conceptual objects
CLM_PDF007_Q02_004,"Credit, leverage, collateral, and monetary policy",PDF007,PDF007_Q02,mechanism,validated_paraphrase,3. Conceptual objects
CLM_PDF007_Q02_004,Debt rollover and dynamic efficiency,PDF007,PDF007_Q02,mechanism,validated_paraphrase,3. Conceptual objects
CLM_PDF007_Q02_005,Definitions and conceptual separations,PDF007,PDF007_Q02,variables_parameters,validated_paraphrase,3. Conceptual objects
CLM_PDF007_Q02_005,Growth and capital-formation mechanisms,PDF007,PDF007_Q02,variables_parameters,validated_paraphrase,3. Conceptual objects
CLM_PDF007_Q02_005,"Credit, leverage, collateral, and monetary policy",PDF007,PDF007_Q02,variables_parameters,validated_paraphrase,3. Conceptual objects
CLM_PDF007_Q02_005,Debt rollover and dynamic efficiency,PDF007,PDF007_Q02,variables_parameters,validated_paraphrase,3. Conceptual objects
CLM_PDF007_Q02_006,Definitions and conceptual separations,PDF007,PDF007_Q02,mechanism,validated_paraphrase,3. Conceptual objects
CLM_PDF007_Q02_006,Growth and capital-formation mechanisms,PDF007,PDF007_Q02,mechanism,validated_paraphrase,3. Conceptual objects
CLM_PDF007_Q02_006,"Credit, leverage, collateral, and monetary policy",PDF007,PDF007_Q02,mechanism,validated_paraphrase,3. Conceptual objects
CLM_PDF007_Q02_006,Debt rollover and dynamic efficiency,PDF007,PDF007_Q02,mechanism,validated_paraphrase,3. Conceptual objects
CLM_PDF007_Q02_007,Definitions and conceptual separations,PDF007,PDF007_Q02,variables_parameters,validated_paraphrase,3. Conceptual objects
CLM_PDF007_Q02_007,Growth and capital-formation mechanisms,PDF007,PDF007_Q02,variables_parameters,validated_paraphrase,3. Conceptual objects
CLM_PDF007_Q02_007,"Credit, leverage, collateral, and monetary policy",PDF007,PDF007_Q02,variables_parameters,validated_paraphrase,3. Conceptual objects
CLM_PDF007_Q02_007,Debt rollover and dynamic efficiency,PDF007,PDF007_Q02,variables_parameters,validated_paraphrase,3. Conceptual objects
CLM_PDF007_Q03_001,Growth and capital-formation mechanisms,PDF007,PDF007_Q03,causality,validated_paraphrase,1. Introduction
CLM_PDF007_Q03_001,"Credit, leverage, collateral, and monetary policy",PDF007,PDF007_Q03,causality,validated_paraphrase,1. Introduction
CLM_PDF007_Q03_001,Debt rollover and dynamic efficiency,PDF007,PDF007_Q03,causality,validated_paraphrase,1. Introduction
CLM_PDF007_Q03_001,Wobbly dynamics and endogenous instability,PDF007,PDF007_Q03,causality,validated_paraphrase,1. Introduction
CLM_PDF007_Q03_002,Definitions and conceptual separations,PDF007,PDF007_Q03,variables_parameters,validated_paraphrase,3. Conceptual objects
CLM_PDF007_Q03_002,"Credit, leverage, collateral, and monetary policy",PDF007,PDF007_Q03,variables_parameters,validated_paraphrase,3. Conceptual objects
CLM_PDF007_Q03_002,Debt rollover and dynamic efficiency,PDF007,PDF007_Q03,variables_parameters,validated_paraphrase,3. Conceptual objects
CLM_PDF007_Q03_002,Wobbly dynamics and endogenous instability,PDF007,PDF007_Q03,variables_parameters,validated_paraphrase,3. Conceptual objects
CLM_PDF007_Q03_003,Definitions and conceptual separations,PDF007,PDF007_Q03,variables_parameters,validated_paraphrase,3. Conceptual objects
CLM_PDF007_Q03_003,Debt rollover and dynamic efficiency,PDF007,PDF007_Q03,variables_parameters,validated_paraphrase,3. Conceptual objects
CLM_PDF007_Q03_003,Wobbly dynamics and endogenous instability,PDF007,PDF007_Q03,variables_parameters,validated_paraphrase,3. Conceptual objects
CLM_PDF007_Q03_003,Critical adaptation to urban land-rent financialization in Latin America,PDF007,PDF007_Q03,variables_parameters,validated_paraphrase,3. Conceptual objects
CLM_PDF007_Q03_004,Asset-price and wealth-measurement claims,PDF007,PDF007_Q03,causality,validated_paraphrase,1. Introduction
CLM_PDF007_Q03_004,Growth and capital-formation mechanisms,PDF007,PDF007_Q03,causality,validated_paraphrase,1. Introduction
CLM_PDF007_Q03_004,"Credit, leverage, collateral, and monetary policy",PDF007,PDF007_Q03,causality,validated_paraphrase,1. Introduction
CLM_PDF007_Q03_004,Debt rollover and dynamic efficiency,PDF007,PDF007_Q03,causality,validated_paraphrase,1. Introduction
CLM_PDF007_Q03_005,Definitions and conceptual separations,PDF007,PDF007_Q03,mechanism,validated_paraphrase,3. Conceptual objects
CLM_PDF007_Q03_005,Growth and capital-formation mechanisms,PDF007,PDF007_Q03,mechanism,validated_paraphrase,3. Conceptual objects
CLM_PDF007_Q03_005,"Credit, leverage, collateral, and monetary policy",PDF007,PDF007_Q03,mechanism,validated_paraphrase,3. Conceptual objects
CLM_PDF007_Q03_005,Debt rollover and dynamic efficiency,PDF007,PDF007_Q03,mechanism,validated_paraphrase,3. Conceptual objects
CLM_PDF007_Q03_006,Definitions and conceptual separations,PDF007,PDF007_Q03,mechanism,validated_paraphrase,3. Conceptual objects
CLM_PDF007_Q03_006,Growth and capital-formation mechanisms,PDF007,PDF007_Q03,mechanism,validated_paraphrase,3. Conceptual objects
CLM_PDF007_Q03_006,"Credit, leverage, collateral, and monetary policy",PDF007,PDF007_Q03,mechanism,validated_paraphrase,3. Conceptual objects
CLM_PDF007_Q03_006,Debt rollover and dynamic efficiency,PDF007,PDF007_Q03,mechanism,validated_paraphrase,3. Conceptual objects
CLM_PDF007_Q03_006,Wobbly dynamics and endogenous instability,PDF007,PDF007_Q03,mechanism,validated_paraphrase,3. Conceptual objects
CLM_PDF007_Q03_007,Growth and capital-formation mechanisms,PDF007,PDF007_Q03,variables_parameters,validated_paraphrase,1. Introduction
CLM_PDF007_Q03_007,"Credit, leverage, collateral, and monetary policy",PDF007,PDF007_Q03,variables_parameters,validated_paraphrase,1. Introduction
CLM_PDF007_Q03_007,Debt rollover and dynamic efficiency,PDF007,PDF007_Q03,variables_parameters,validated_paraphrase,1. Introduction
CLM_PDF007_Q04_001,"Credit, leverage, collateral, and monetary policy",PDF007,PDF007_Q04,variables_parameters,validated_paraphrase,1. Introduction
CLM_PDF007_Q04_001,Debt rollover and dynamic efficiency,PDF007,PDF007_Q04,variables_parameters,validated_paraphrase,1. Introduction
CLM_PDF007_Q04_001,Wobbly dynamics and endogenous instability,PDF007,PDF007_Q04,variables_parameters,validated_paraphrase,1. Introduction
CLM_PDF007_Q04_002,Growth and capital-formation mechanisms,PDF007,PDF007_Q04,variables_parameters,validated_paraphrase,1. Introduction
CLM_PDF007_Q04_002,"Credit, leverage, collateral, and monetary policy",PDF007,PDF007_Q04,variables_parameters,validated_paraphrase,1. Introduction
CLM_PDF007_Q04_002,Debt rollover and dynamic efficiency,PDF007,PDF007_Q04,variables_parameters,validated_paraphrase,1. Introduction
CLM_PDF007_Q04_003,Definitions and conceptual separations,PDF007,PDF007_Q04,variables_parameters,validated_paraphrase,3. Conceptual objects
CLM_PDF007_Q04_003,"Credit, leverage, collateral, and monetary policy",PDF007,PDF007_Q04,variables_parameters,validated_paraphrase,3. Conceptual objects
CLM_PDF007_Q04_003,Debt rollover and dynamic efficiency,PDF007,PDF007_Q04,variables_parameters,validated_paraphrase,3. Conceptual objects
CLM_PDF007_Q04_003,Critical adaptation to urban land-rent financialization in Latin America,PDF007,PDF007_Q04,variables_parameters,validated_paraphrase,3. Conceptual objects
CLM_PDF007_Q04_004,Definitions and conceptual separations,PDF007,PDF007_Q04,mechanism,validated_paraphrase,3. Conceptual objects
CLM_PDF007_Q04_004,Growth and capital-formation mechanisms,PDF007,PDF007_Q04,mechanism,validated_paraphrase,3. Conceptual objects
CLM_PDF007_Q04_004,"Credit, leverage, collateral, and monetary policy",PDF007,PDF007_Q04,mechanism,validated_paraphrase,3. Conceptual objects
CLM_PDF007_Q04_004,Debt rollover and dynamic efficiency,PDF007,PDF007_Q04,mechanism,validated_paraphrase,3. Conceptual objects
CLM_PDF007_Q04_004,Wobbly dynamics and endogenous instability,PDF007,PDF007_Q04,mechanism,validated_paraphrase,3. Conceptual objects
CLM_PDF007_Q04_005,Growth and capital-formation mechanisms,PDF007,PDF007_Q04,variables_parameters,validated_paraphrase,1. Introduction
CLM_PDF007_Q04_005,"Credit, leverage, collateral, and monetary policy",PDF007,PDF007_Q04,variables_parameters,validated_paraphrase,1. Introduction
CLM_PDF007_Q04_005,Debt rollover and dynamic efficiency,PDF007,PDF007_Q04,variables_parameters,validated_paraphrase,1. Introduction
CLM_PDF007_Q04_005,Wobbly dynamics and endogenous instability,PDF007,PDF007_Q04,variables_parameters,validated_paraphrase,1. Introduction
CLM_PDF007_Q04_006,Growth and capital-formation mechanisms,PDF007,PDF007_Q04,mechanism,validated_paraphrase,1. Introduction
CLM_PDF007_Q04_006,"Credit, leverage, collateral, and monetary policy",PDF007,PDF007_Q04,mechanism,validated_paraphrase,1. Introduction
CLM_PDF007_Q04_006,Debt rollover and dynamic efficiency,PDF007,PDF007_Q04,mechanism,validated_paraphrase,1. Introduction
CLM_PDF007_Q04_007,Growth and capital-formation mechanisms,PDF007,PDF007_Q04,variables_parameters,validated_paraphrase,1. Introduction
CLM_PDF007_Q04_007,"Credit, leverage, collateral, and monetary policy",PDF007,PDF007_Q04,variables_parameters,validated_paraphrase,1. Introduction
CLM_PDF007_Q04_007,Debt rollover and dynamic efficiency,PDF007,PDF007_Q04,variables_parameters,validated_paraphrase,1. Introduction
CLM_PDF007_Q04_007,Wobbly dynamics and endogenous instability,PDF007,PDF007_Q04,variables_parameters,validated_paraphrase,1. Introduction
CLM_PDF007_Q05_001,Definitions and conceptual separations,PDF007,PDF007_Q05,causality,validated_paraphrase,3. Conceptual objects
CLM_PDF007_Q05_001,Growth and capital-formation mechanisms,PDF007,PDF007_Q05,causality,validated_paraphrase,3. Conceptual objects
CLM_PDF007_Q05_001,Debt rollover and dynamic efficiency,PDF007,PDF007_Q05,causality,validated_paraphrase,3. Conceptual objects
CLM_PDF007_Q05_001,Wobbly dynamics and endogenous instability,PDF007,PDF007_Q05,causality,validated_paraphrase,3. Conceptual objects
CLM_PDF007_Q05_002,Definitions and conceptual separations,PDF007,PDF007_Q05,variables_parameters,validated_paraphrase,3. Conceptual objects
CLM_PDF007_Q05_002,Growth and capital-formation mechanisms,PDF007,PDF007_Q05,variables_parameters,validated_paraphrase,3. Conceptual objects
CLM_PDF007_Q05_002,"Credit, leverage, collateral, and monetary policy",PDF007,PDF007_Q05,variables_parameters,validated_paraphrase,3. Conceptual objects
CLM_PDF007_Q05_002,Debt rollover and dynamic efficiency,PDF007,PDF007_Q05,variables_parameters,validated_paraphrase,3. Conceptual objects
CLM_PDF007_Q05_003,Definitions and conceptual separations,PDF007,PDF007_Q05,theory_evidence,validated_paraphrase,3. Conceptual objects
CLM_PDF007_Q05_003,Growth and capital-formation mechanisms,PDF007,PDF007_Q05,theory_evidence,validated_paraphrase,3. Conceptual objects
CLM_PDF007_Q05_003,Debt rollover and dynamic efficiency,PDF007,PDF007_Q05,theory_evidence,validated_paraphrase,3. Conceptual objects
CLM_PDF007_Q05_003,Critical adaptation to urban land-rent financialization in Latin America,PDF007,PDF007_Q05,theory_evidence,validated_paraphrase,3. Conceptual objects
CLM_PDF007_Q05_004,Definitions and conceptual separations,PDF007,PDF007_Q05,variables_parameters,validated_paraphrase,3. Conceptual objects
CLM_PDF007_Q05_004,Growth and capital-formation mechanisms,PDF007,PDF007_Q05,variables_parameters,validated_paraphrase,3. Conceptual objects
CLM_PDF007_Q05_004,"Credit, leverage, collateral, and monetary policy",PDF007,PDF007_Q05,variables_parameters,validated_paraphrase,3. Conceptual objects
CLM_PDF007_Q05_004,Debt rollover and dynamic efficiency,PDF007,PDF007_Q05,variables_parameters,validated_paraphrase,3. Conceptual objects
CLM_PDF007_Q05_005,Definitions and conceptual separations,PDF007,PDF007_Q05,variables_parameters,validated_paraphrase,3. Conceptual objects
CLM_PDF007_Q05_005,Growth and capital-formation mechanisms,PDF007,PDF007_Q05,variables_parameters,validated_paraphrase,3. Conceptual objects
CLM_PDF007_Q05_005,"Credit, leverage, collateral, and monetary policy",PDF007,PDF007_Q05,variables_parameters,validated_paraphrase,3. Conceptual objects
CLM_PDF007_Q05_005,Debt rollover and dynamic efficiency,PDF007,PDF007_Q05,variables_parameters,validated_paraphrase,3. Conceptual objects
CLM_PDF007_Q05_006,Definitions and conceptual separations,PDF007,PDF007_Q05,variables_parameters,validated_paraphrase,3. Conceptual objects
CLM_PDF007_Q05_006,Growth and capital-formation mechanisms,PDF007,PDF007_Q05,variables_parameters,validated_paraphrase,3. Conceptual objects
CLM_PDF007_Q05_006,"Credit, leverage, collateral, and monetary policy",PDF007,PDF007_Q05,variables_parameters,validated_paraphrase,3. Conceptual objects
CLM_PDF007_Q05_006,Debt rollover and dynamic efficiency,PDF007,PDF007_Q05,variables_parameters,validated_paraphrase,3. Conceptual objects
CLM_PDF007_Q05_007,Growth and capital-formation mechanisms,PDF007,PDF007_Q05,mechanism,validated_paraphrase,1. Introduction
CLM_PDF007_Q05_007,"Credit, leverage, collateral, and monetary policy",PDF007,PDF007_Q05,mechanism,validated_paraphrase,1. Introduction
CLM_PDF007_Q05_007,Debt rollover and dynamic efficiency,PDF007,PDF007_Q05,mechanism,validated_paraphrase,1. Introduction
CLM_PDF007_Q05_007,Wobbly dynamics and endogenous instability,PDF007,PDF007_Q05,mechanism,validated_paraphrase,1. Introduction
CLM_PDF007_Q06_001,Definitions and conceptual separations,PDF007,PDF007_Q06,variables_parameters,validated_paraphrase,3. Conceptual objects
CLM_PDF007_Q06_001,Growth and capital-formation mechanisms,PDF007,PDF007_Q06,variables_parameters,validated_paraphrase,3. Conceptual objects
CLM_PDF007_Q06_001,Debt rollover and dynamic efficiency,PDF007,PDF007_Q06,variables_parameters,validated_paraphrase,3. Conceptual objects
CLM_PDF007_Q06_001,Wobbly dynamics and endogenous instability,PDF007,PDF007_Q06,variables_parameters,validated_paraphrase,3. Conceptual objects
CLM_PDF007_Q06_001,Policy and institutional implications,PDF007,PDF007_Q06,variables_parameters,validated_paraphrase,3. Conceptual objects
CLM_PDF007_Q06_002,Definitions and conceptual separations,PDF007,PDF007_Q06,variables_parameters,validated_paraphrase,3. Conceptual objects
CLM_PDF007_Q06_002,Debt rollover and dynamic efficiency,PDF007,PDF007_Q06,variables_parameters,validated_paraphrase,3. Conceptual objects
CLM_PDF007_Q06_002,Policy and institutional implications,PDF007,PDF007_Q06,variables_parameters,validated_paraphrase,3. Conceptual objects
CLM_PDF007_Q06_003,Definitions and conceptual separations,PDF007,PDF007_Q06,variables_parameters,validated_paraphrase,3. Conceptual objects
CLM_PDF007_Q06_003,"Credit, leverage, collateral, and monetary policy",PDF007,PDF007_Q06,variables_parameters,validated_paraphrase,3. Conceptual objects
CLM_PDF007_Q06_003,Debt rollover and dynamic efficiency,PDF007,PDF007_Q06,variables_parameters,validated_paraphrase,3. Conceptual objects
CLM_PDF007_Q06_003,Policy and institutional implications,PDF007,PDF007_Q06,variables_parameters,validated_paraphrase,3. Conceptual objects
CLM_PDF007_Q06_003,Critical adaptation to urban land-rent financialization in Latin America,PDF007,PDF007_Q06,variables_parameters,validated_paraphrase,3. Conceptual objects
CLM_PDF007_Q06_004,Definitions and conceptual separations,PDF007,PDF007_Q06,variables_parameters,validated_paraphrase,3. Conceptual objects
CLM_PDF007_Q06_004,"Credit, leverage, collateral, and monetary policy",PDF007,PDF007_Q06,variables_parameters,validated_paraphrase,3. Conceptual objects
CLM_PDF007_Q06_004,Unbalanced growth and overvaluation,PDF007,PDF007_Q06,variables_parameters,validated_paraphrase,3. Conceptual objects
CLM_PDF007_Q06_004,Debt rollover and dynamic efficiency,PDF007,PDF007_Q06,variables_parameters,validated_paraphrase,3. Conceptual objects
CLM_PDF007_Q06_004,Wobbly dynamics and endogenous instability,PDF007,PDF007_Q06,variables_parameters,validated_paraphrase,3. Conceptual objects
CLM_PDF007_Q06_004,Policy and institutional implications,PDF007,PDF007_Q06,variables_parameters,validated_paraphrase,3. Conceptual objects
CLM_PDF007_Q06_005,Definitions and conceptual separations,PDF007,PDF007_Q06,variables_parameters,validated_paraphrase,3. Conceptual objects
CLM_PDF007_Q06_005,"Credit, leverage, collateral, and monetary policy",PDF007,PDF007_Q06,variables_parameters,validated_paraphrase,3. Conceptual objects
CLM_PDF007_Q06_005,Debt rollover and dynamic efficiency,PDF007,PDF007_Q06,variables_parameters,validated_paraphrase,3. Conceptual objects
CLM_PDF007_Q06_005,Policy and institutional implications,PDF007,PDF007_Q06,variables_parameters,validated_paraphrase,3. Conceptual objects
CLM_PDF007_Q06_006,Definitions and conceptual separations,PDF007,PDF007_Q06,variables_parameters,validated_paraphrase,3. Conceptual objects
CLM_PDF007_Q06_006,Growth and capital-formation mechanisms,PDF007,PDF007_Q06,variables_parameters,validated_paraphrase,3. Conceptual objects
CLM_PDF007_Q06_006,"Credit, leverage, collateral, and monetary policy",PDF007,PDF007_Q06,variables_parameters,validated_paraphrase,3. Conceptual objects
CLM_PDF007_Q06_006,Debt rollover and dynamic efficiency,PDF007,PDF007_Q06,variables_parameters,validated_paraphrase,3. Conceptual objects
CLM_PDF007_Q06_007,"Credit, leverage, collateral, and monetary policy",PDF007,PDF007_Q06,variables_parameters,validated_paraphrase,10. Research agenda
CLM_PDF007_Q06_007,Debt rollover and dynamic efficiency,PDF007,PDF007_Q06,variables_parameters,validated_paraphrase,10. Research agenda
CLM_PDF007_Q06_007,Policy and institutional implications,PDF007,PDF007_Q06,variables_parameters,validated_paraphrase,10. Research agenda
CLM_PDF007_Q07_001,Definitions and conceptual separations,PDF007,PDF007_Q07,theory_evidence,validated_paraphrase,3. Conceptual objects
CLM_PDF007_Q07_001,Asset-price and wealth-measurement claims,PDF007,PDF007_Q07,theory_evidence,validated_paraphrase,3. Conceptual objects
CLM_PDF007_Q07_001,Growth and capital-formation mechanisms,PDF007,PDF007_Q07,theory_evidence,validated_paraphrase,3. Conceptual objects
CLM_PDF007_Q07_001,"Credit, leverage, collateral, and monetary policy",PDF007,PDF007_Q07,theory_evidence,validated_paraphrase,3. Conceptual objects
CLM_PDF007_Q07_001,Debt rollover and dynamic efficiency,PDF007,PDF007_Q07,theory_evidence,validated_paraphrase,3. Conceptual objects
CLM_PDF007_Q07_002,Definitions and conceptual separations,PDF007,PDF007_Q07,variables_parameters,validated_paraphrase,3. Conceptual objects
CLM_PDF007_Q07_002,Growth and capital-formation mechanisms,PDF007,PDF007_Q07,variables_parameters,validated_paraphrase,3. Conceptual objects
CLM_PDF007_Q07_002,"Credit, leverage, collateral, and monetary policy",PDF007,PDF007_Q07,variables_parameters,validated_paraphrase,3. Conceptual objects
CLM_PDF007_Q07_002,Debt rollover and dynamic efficiency,PDF007,PDF007_Q07,variables_parameters,validated_paraphrase,3. Conceptual objects
CLM_PDF007_Q07_003,Definitions and conceptual separations,PDF007,PDF007_Q07,theory_evidence,validated_paraphrase,3. Conceptual objects
CLM_PDF007_Q07_003,Debt rollover and dynamic efficiency,PDF007,PDF007_Q07,theory_evidence,validated_paraphrase,3. Conceptual objects
CLM_PDF007_Q07_003,Wobbly dynamics and endogenous instability,PDF007,PDF007_Q07,theory_evidence,validated_paraphrase,3. Conceptual objects
CLM_PDF007_Q07_003,Critical adaptation to urban land-rent financialization in Latin America,PDF007,PDF007_Q07,theory_evidence,validated_paraphrase,3. Conceptual objects
CLM_PDF007_Q07_004,Definitions and conceptual separations,PDF007,PDF007_Q07,mechanism,validated_paraphrase,3. Conceptual objects
CLM_PDF007_Q07_004,Growth and capital-formation mechanisms,PDF007,PDF007_Q07,mechanism,validated_paraphrase,3. Conceptual objects
CLM_PDF007_Q07_004,"Credit, leverage, collateral, and monetary policy",PDF007,PDF007_Q07,mechanism,validated_paraphrase,3. Conceptual objects
CLM_PDF007_Q07_004,Debt rollover and dynamic efficiency,PDF007,PDF007_Q07,mechanism,validated_paraphrase,3. Conceptual objects
CLM_PDF007_Q07_005,Definitions and conceptual separations,PDF007,PDF007_Q07,variables_parameters,validated_paraphrase,3. Conceptual objects
CLM_PDF007_Q07_005,Growth and capital-formation mechanisms,PDF007,PDF007_Q07,variables_parameters,validated_paraphrase,3. Conceptual objects
CLM_PDF007_Q07_005,"Credit, leverage, collateral, and monetary policy",PDF007,PDF007_Q07,variables_parameters,validated_paraphrase,3. Conceptual objects
CLM_PDF007_Q07_005,Debt rollover and dynamic efficiency,PDF007,PDF007_Q07,variables_parameters,validated_paraphrase,3. Conceptual objects
CLM_PDF007_Q07_006,Definitions and conceptual separations,PDF007,PDF007_Q07,mechanism,validated_paraphrase,3. Conceptual objects
CLM_PDF007_Q07_006,Growth and capital-formation mechanisms,PDF007,PDF007_Q07,mechanism,validated_paraphrase,3. Conceptual objects
CLM_PDF007_Q07_006,"Credit, leverage, collateral, and monetary policy",PDF007,PDF007_Q07,mechanism,validated_paraphrase,3. Conceptual objects
CLM_PDF007_Q07_006,Debt rollover and dynamic efficiency,PDF007,PDF007_Q07,mechanism,validated_paraphrase,3. Conceptual objects
CLM_PDF007_Q07_007,Definitions and conceptual separations,PDF007,PDF007_Q07,variables_parameters,validated_paraphrase,3. Conceptual objects
CLM_PDF007_Q07_007,Growth and capital-formation mechanisms,PDF007,PDF007_Q07,variables_parameters,validated_paraphrase,3. Conceptual objects
CLM_PDF007_Q07_007,"Credit, leverage, collateral, and monetary policy",PDF007,PDF007_Q07,variables_parameters,validated_paraphrase,3. Conceptual objects
CLM_PDF007_Q07_007,Debt rollover and dynamic efficiency,PDF007,PDF007_Q07,variables_parameters,validated_paraphrase,3. Conceptual objects
CLM_PDF008_Q01_001,Definitions and conceptual separations,PDF008,PDF008_Q01,variables_parameters,validated_paraphrase,3. Conceptual objects
CLM_PDF008_Q01_001,Asset-price and wealth-measurement claims,PDF008,PDF008_Q01,variables_parameters,validated_paraphrase,3. Conceptual objects
CLM_PDF008_Q01_001,Growth and capital-formation mechanisms,PDF008,PDF008_Q01,variables_parameters,validated_paraphrase,3. Conceptual objects
CLM_PDF008_Q01_001,"Credit, leverage, collateral, and monetary policy",PDF008,PDF008_Q01,variables_parameters,validated_paraphrase,3. Conceptual objects
CLM_PDF008_Q01_001,Unbalanced growth and overvaluation,PDF008,PDF008_Q01,variables_parameters,validated_paraphrase,3. Conceptual objects
CLM_PDF008_Q01_001,Debt rollover and dynamic efficiency,PDF008,PDF008_Q01,variables_parameters,validated_paraphrase,3. Conceptual objects
CLM_PDF008_Q01_002,Definitions and conceptual separations,PDF008,PDF008_Q01,variables_parameters,validated_paraphrase,3. Conceptual objects
CLM_PDF008_Q01_002,Asset-price and wealth-measurement claims,PDF008,PDF008_Q01,variables_parameters,validated_paraphrase,3. Conceptual objects
CLM_PDF008_Q01_002,Growth and capital-formation mechanisms,PDF008,PDF008_Q01,variables_parameters,validated_paraphrase,3. Conceptual objects
CLM_PDF008_Q01_002,"Credit, leverage, collateral, and monetary policy",PDF008,PDF008_Q01,variables_parameters,validated_paraphrase,3. Conceptual objects
CLM_PDF008_Q01_002,Debt rollover and dynamic efficiency,PDF008,PDF008_Q01,variables_parameters,validated_paraphrase,3. Conceptual objects
CLM_PDF008_Q01_003,Definitions and conceptual separations,PDF008,PDF008_Q01,variables_parameters,validated_paraphrase,3. Conceptual objects
CLM_PDF008_Q01_003,Asset-price and wealth-measurement claims,PDF008,PDF008_Q01,variables_parameters,validated_paraphrase,3. Conceptual objects
CLM_PDF008_Q01_003,Growth and capital-formation mechanisms,PDF008,PDF008_Q01,variables_parameters,validated_paraphrase,3. Conceptual objects
CLM_PDF008_Q01_003,"Credit, leverage, collateral, and monetary policy",PDF008,PDF008_Q01,variables_parameters,validated_paraphrase,3. Conceptual objects
CLM_PDF008_Q01_003,Debt rollover and dynamic efficiency,PDF008,PDF008_Q01,variables_parameters,validated_paraphrase,3. Conceptual objects
CLM_PDF008_Q01_003,Critical adaptation to urban land-rent financialization in Latin America,PDF008,PDF008_Q01,variables_parameters,validated_paraphrase,3. Conceptual objects
CLM_PDF008_Q01_004,Definitions and conceptual separations,PDF008,PDF008_Q01,mechanism,validated_paraphrase,3. Conceptual objects
CLM_PDF008_Q01_004,Asset-price and wealth-measurement claims,PDF008,PDF008_Q01,mechanism,validated_paraphrase,3. Conceptual objects
CLM_PDF008_Q01_004,Growth and capital-formation mechanisms,PDF008,PDF008_Q01,mechanism,validated_paraphrase,3. Conceptual objects
CLM_PDF008_Q01_004,"Credit, leverage, collateral, and monetary policy",PDF008,PDF008_Q01,mechanism,validated_paraphrase,3. Conceptual objects
CLM_PDF008_Q01_004,Unbalanced growth and overvaluation,PDF008,PDF008_Q01,mechanism,validated_paraphrase,3. Conceptual objects
CLM_PDF008_Q01_004,Debt rollover and dynamic efficiency,PDF008,PDF008_Q01,mechanism,validated_paraphrase,3. Conceptual objects
CLM_PDF008_Q01_005,Definitions and conceptual separations,PDF008,PDF008_Q01,variables_parameters,validated_paraphrase,3. Conceptual objects
CLM_PDF008_Q01_005,Asset-price and wealth-measurement claims,PDF008,PDF008_Q01,variables_parameters,validated_paraphrase,3. Conceptual objects
CLM_PDF008_Q01_005,Growth and capital-formation mechanisms,PDF008,PDF008_Q01,variables_parameters,validated_paraphrase,3. Conceptual objects
CLM_PDF008_Q01_005,"Credit, leverage, collateral, and monetary policy",PDF008,PDF008_Q01,variables_parameters,validated_paraphrase,3. Conceptual objects
CLM_PDF008_Q01_005,Debt rollover and dynamic efficiency,PDF008,PDF008_Q01,variables_parameters,validated_paraphrase,3. Conceptual objects
CLM_PDF008_Q01_006,Definitions and conceptual separations,PDF008,PDF008_Q01,variables_parameters,validated_paraphrase,3. Conceptual objects
CLM_PDF008_Q01_006,Asset-price and wealth-measurement claims,PDF008,PDF008_Q01,variables_parameters,validated_paraphrase,3. Conceptual objects
CLM_PDF008_Q01_006,Growth and capital-formation mechanisms,PDF008,PDF008_Q01,variables_parameters,validated_paraphrase,3. Conceptual objects
CLM_PDF008_Q01_006,"Credit, leverage, collateral, and monetary policy",PDF008,PDF008_Q01,variables_parameters,validated_paraphrase,3. Conceptual objects
CLM_PDF008_Q01_006,Unbalanced growth and overvaluation,PDF008,PDF008_Q01,variables_parameters,validated_paraphrase,3. Conceptual objects
CLM_PDF008_Q01_006,Debt rollover and dynamic efficiency,PDF008,PDF008_Q01,variables_parameters,validated_paraphrase,3. Conceptual objects
CLM_PDF008_Q01_007,Definitions and conceptual separations,PDF008,PDF008_Q01,variables_parameters,validated_paraphrase,3. Conceptual objects
CLM_PDF008_Q01_007,Asset-price and wealth-measurement claims,PDF008,PDF008_Q01,variables_parameters,validated_paraphrase,3. Conceptual objects
CLM_PDF008_Q01_007,Growth and capital-formation mechanisms,PDF008,PDF008_Q01,variables_parameters,validated_paraphrase,3. Conceptual objects
CLM_PDF008_Q01_007,"Credit, leverage, collateral, and monetary policy",PDF008,PDF008_Q01,variables_parameters,validated_paraphrase,3. Conceptual objects
CLM_PDF008_Q01_007,Unbalanced growth and overvaluation,PDF008,PDF008_Q01,variables_parameters,validated_paraphrase,3. Conceptual objects
CLM_PDF008_Q01_007,Debt rollover and dynamic efficiency,PDF008,PDF008_Q01,variables_parameters,validated_paraphrase,3. Conceptual objects
CLM_PDF008_Q02_001,Growth and capital-formation mechanisms,PDF008,PDF008_Q02,variables_parameters,validated_paraphrase,5. Mechanism II
CLM_PDF008_Q02_001,"Credit, leverage, collateral, and monetary policy",PDF008,PDF008_Q02,variables_parameters,validated_paraphrase,5. Mechanism II
CLM_PDF008_Q02_001,Unbalanced growth and overvaluation,PDF008,PDF008_Q02,variables_parameters,validated_paraphrase,5. Mechanism II
CLM_PDF008_Q02_001,Debt rollover and dynamic efficiency,PDF008,PDF008_Q02,variables_parameters,validated_paraphrase,5. Mechanism II
CLM_PDF008_Q02_001,Wobbly dynamics and endogenous instability,PDF008,PDF008_Q02,variables_parameters,validated_paraphrase,5. Mechanism II
CLM_PDF008_Q02_002,Growth and capital-formation mechanisms,PDF008,PDF008_Q02,variables_parameters,validated_paraphrase,1. Introduction
CLM_PDF008_Q02_002,"Credit, leverage, collateral, and monetary policy",PDF008,PDF008_Q02,variables_parameters,validated_paraphrase,1. Introduction
CLM_PDF008_Q02_002,Debt rollover and dynamic efficiency,PDF008,PDF008_Q02,variables_parameters,validated_paraphrase,1. Introduction
CLM_PDF008_Q02_002,Wobbly dynamics and endogenous instability,PDF008,PDF008_Q02,variables_parameters,validated_paraphrase,1. Introduction
CLM_PDF008_Q02_003,Definitions and conceptual separations,PDF008,PDF008_Q02,mechanism,validated_paraphrase,3. Conceptual objects
CLM_PDF008_Q02_003,Asset-price and wealth-measurement claims,PDF008,PDF008_Q02,mechanism,validated_paraphrase,3. Conceptual objects
CLM_PDF008_Q02_003,Growth and capital-formation mechanisms,PDF008,PDF008_Q02,mechanism,validated_paraphrase,3. Conceptual objects
CLM_PDF008_Q02_003,"Credit, leverage, collateral, and monetary policy",PDF008,PDF008_Q02,mechanism,validated_paraphrase,3. Conceptual objects
CLM_PDF008_Q02_003,Debt rollover and dynamic efficiency,PDF008,PDF008_Q02,mechanism,validated_paraphrase,3. Conceptual objects
CLM_PDF008_Q02_003,Critical adaptation to urban land-rent financialization in Latin America,PDF008,PDF008_Q02,mechanism,validated_paraphrase,3. Conceptual objects
CLM_PDF008_Q02_004,Definitions and conceptual separations,PDF008,PDF008_Q02,mechanism,validated_paraphrase,3. Conceptual objects
CLM_PDF008_Q02_004,Growth and capital-formation mechanisms,PDF008,PDF008_Q02,mechanism,validated_paraphrase,3. Conceptual objects
CLM_PDF008_Q02_004,"Credit, leverage, collateral, and monetary policy",PDF008,PDF008_Q02,mechanism,validated_paraphrase,3. Conceptual objects
CLM_PDF008_Q02_004,Unbalanced growth and overvaluation,PDF008,PDF008_Q02,mechanism,validated_paraphrase,3. Conceptual objects
CLM_PDF008_Q02_004,Debt rollover and dynamic efficiency,PDF008,PDF008_Q02,mechanism,validated_paraphrase,3. Conceptual objects
CLM_PDF008_Q02_005,Growth and capital-formation mechanisms,PDF008,PDF008_Q02,variables_parameters,validated_paraphrase,5. Mechanism II
CLM_PDF008_Q02_005,"Credit, leverage, collateral, and monetary policy",PDF008,PDF008_Q02,variables_parameters,validated_paraphrase,5. Mechanism II
CLM_PDF008_Q02_005,Debt rollover and dynamic efficiency,PDF008,PDF008_Q02,variables_parameters,validated_paraphrase,5. Mechanism II
CLM_PDF008_Q02_005,Wobbly dynamics and endogenous instability,PDF008,PDF008_Q02,variables_parameters,validated_paraphrase,5. Mechanism II
CLM_PDF008_Q02_006,Definitions and conceptual separations,PDF008,PDF008_Q02,variables_parameters,validated_paraphrase,3. Conceptual objects
CLM_PDF008_Q02_006,Asset-price and wealth-measurement claims,PDF008,PDF008_Q02,variables_parameters,validated_paraphrase,3. Conceptual objects
CLM_PDF008_Q02_006,Growth and capital-formation mechanisms,PDF008,PDF008_Q02,variables_parameters,validated_paraphrase,3. Conceptual objects
CLM_PDF008_Q02_006,"Credit, leverage, collateral, and monetary policy",PDF008,PDF008_Q02,variables_parameters,validated_paraphrase,3. Conceptual objects
CLM_PDF008_Q02_006,Debt rollover and dynamic efficiency,PDF008,PDF008_Q02,variables_parameters,validated_paraphrase,3. Conceptual objects
CLM_PDF008_Q02_007,Definitions and conceptual separations,PDF008,PDF008_Q02,variables_parameters,validated_paraphrase,6. Mechanism III
CLM_PDF008_Q02_007,Growth and capital-formation mechanisms,PDF008,PDF008_Q02,variables_parameters,validated_paraphrase,6. Mechanism III
CLM_PDF008_Q02_007,"Credit, leverage, collateral, and monetary policy",PDF008,PDF008_Q02,variables_parameters,validated_paraphrase,6. Mechanism III
CLM_PDF008_Q02_007,Unbalanced growth and overvaluation,PDF008,PDF008_Q02,variables_parameters,validated_paraphrase,6. Mechanism III
CLM_PDF008_Q02_007,Debt rollover and dynamic efficiency,PDF008,PDF008_Q02,variables_parameters,validated_paraphrase,6. Mechanism III
CLM_PDF008_Q03_001,Definitions and conceptual separations,PDF008,PDF008_Q03,variables_parameters,validated_paraphrase,5. Mechanism II
CLM_PDF008_Q03_001,Growth and capital-formation mechanisms,PDF008,PDF008_Q03,variables_parameters,validated_paraphrase,5. Mechanism II
CLM_PDF008_Q03_001,"Credit, leverage, collateral, and monetary policy",PDF008,PDF008_Q03,variables_parameters,validated_paraphrase,5. Mechanism II
CLM_PDF008_Q03_001,Unbalanced growth and overvaluation,PDF008,PDF008_Q03,variables_parameters,validated_paraphrase,5. Mechanism II
CLM_PDF008_Q03_001,Debt rollover and dynamic efficiency,PDF008,PDF008_Q03,variables_parameters,validated_paraphrase,5. Mechanism II
CLM_PDF008_Q03_001,Wobbly dynamics and endogenous instability,PDF008,PDF008_Q03,variables_parameters,validated_paraphrase,5. Mechanism II
CLM_PDF008_Q03_002,Growth and capital-formation mechanisms,PDF008,PDF008_Q03,variables_parameters,validated_paraphrase,5. Mechanism II
CLM_PDF008_Q03_002,"Credit, leverage, collateral, and monetary policy",PDF008,PDF008_Q03,variables_parameters,validated_paraphrase,5. Mechanism II
CLM_PDF008_Q03_002,Debt rollover and dynamic efficiency,PDF008,PDF008_Q03,variables_parameters,validated_paraphrase,5. Mechanism II
CLM_PDF008_Q03_002,Wobbly dynamics and endogenous instability,PDF008,PDF008_Q03,variables_parameters,validated_paraphrase,5. Mechanism II
CLM_PDF008_Q03_003,Definitions and conceptual separations,PDF008,PDF008_Q03,variables_parameters,validated_paraphrase,3. Conceptual objects
CLM_PDF008_Q03_003,Asset-price and wealth-measurement claims,PDF008,PDF008_Q03,variables_parameters,validated_paraphrase,3. Conceptual objects
CLM_PDF008_Q03_003,Growth and capital-formation mechanisms,PDF008,PDF008_Q03,variables_parameters,validated_paraphrase,3. Conceptual objects
CLM_PDF008_Q03_003,"Credit, leverage, collateral, and monetary policy",PDF008,PDF008_Q03,variables_parameters,validated_paraphrase,3. Conceptual objects
CLM_PDF008_Q03_003,Debt rollover and dynamic efficiency,PDF008,PDF008_Q03,variables_parameters,validated_paraphrase,3. Conceptual objects
CLM_PDF008_Q03_003,Wobbly dynamics and endogenous instability,PDF008,PDF008_Q03,variables_parameters,validated_paraphrase,3. Conceptual objects
CLM_PDF008_Q03_003,Critical adaptation to urban land-rent financialization in Latin America,PDF008,PDF008_Q03,variables_parameters,validated_paraphrase,3. Conceptual objects
CLM_PDF008_Q03_004,Definitions and conceptual separations,PDF008,PDF008_Q03,variables_parameters,validated_paraphrase,5. Mechanism II
CLM_PDF008_Q03_004,Growth and capital-formation mechanisms,PDF008,PDF008_Q03,variables_parameters,validated_paraphrase,5. Mechanism II
CLM_PDF008_Q03_004,"Credit, leverage, collateral, and monetary policy",PDF008,PDF008_Q03,variables_parameters,validated_paraphrase,5. Mechanism II
CLM_PDF008_Q03_004,Unbalanced growth and overvaluation,PDF008,PDF008_Q03,variables_parameters,validated_paraphrase,5. Mechanism II
CLM_PDF008_Q03_004,Debt rollover and dynamic efficiency,PDF008,PDF008_Q03,variables_parameters,validated_paraphrase,5. Mechanism II
CLM_PDF008_Q03_005,Definitions and conceptual separations,PDF008,PDF008_Q03,variables_parameters,validated_paraphrase,3. Conceptual objects
CLM_PDF008_Q03_005,Asset-price and wealth-measurement claims,PDF008,PDF008_Q03,variables_parameters,validated_paraphrase,3. Conceptual objects
CLM_PDF008_Q03_005,Growth and capital-formation mechanisms,PDF008,PDF008_Q03,variables_parameters,validated_paraphrase,3. Conceptual objects
CLM_PDF008_Q03_005,"Credit, leverage, collateral, and monetary policy",PDF008,PDF008_Q03,variables_parameters,validated_paraphrase,3. Conceptual objects
CLM_PDF008_Q03_005,Debt rollover and dynamic efficiency,PDF008,PDF008_Q03,variables_parameters,validated_paraphrase,3. Conceptual objects
CLM_PDF008_Q03_006,Definitions and conceptual separations,PDF008,PDF008_Q03,variables_parameters,validated_paraphrase,3. Conceptual objects
CLM_PDF008_Q03_006,Asset-price and wealth-measurement claims,PDF008,PDF008_Q03,variables_parameters,validated_paraphrase,3. Conceptual objects
CLM_PDF008_Q03_006,Growth and capital-formation mechanisms,PDF008,PDF008_Q03,variables_parameters,validated_paraphrase,3. Conceptual objects
CLM_PDF008_Q03_006,"Credit, leverage, collateral, and monetary policy",PDF008,PDF008_Q03,variables_parameters,validated_paraphrase,3. Conceptual objects
CLM_PDF008_Q03_006,Debt rollover and dynamic efficiency,PDF008,PDF008_Q03,variables_parameters,validated_paraphrase,3. Conceptual objects
CLM_PDF008_Q03_007,Definitions and conceptual separations,PDF008,PDF008_Q03,variables_parameters,validated_paraphrase,1. Introduction
CLM_PDF008_Q03_007,Growth and capital-formation mechanisms,PDF008,PDF008_Q03,variables_parameters,validated_paraphrase,1. Introduction
CLM_PDF008_Q03_007,"Credit, leverage, collateral, and monetary policy",PDF008,PDF008_Q03,variables_parameters,validated_paraphrase,1. Introduction
CLM_PDF008_Q03_007,Unbalanced growth and overvaluation,PDF008,PDF008_Q03,variables_parameters,validated_paraphrase,1. Introduction
CLM_PDF008_Q03_007,Debt rollover and dynamic efficiency,PDF008,PDF008_Q03,variables_parameters,validated_paraphrase,1. Introduction
CLM_PDF008_Q04_001,Growth and capital-formation mechanisms,PDF008,PDF008_Q04,variables_parameters,validated_paraphrase,5. Mechanism II
CLM_PDF008_Q04_001,"Credit, leverage, collateral, and monetary policy",PDF008,PDF008_Q04,variables_parameters,validated_paraphrase,5. Mechanism II
CLM_PDF008_Q04_001,Debt rollover and dynamic efficiency,PDF008,PDF008_Q04,variables_parameters,validated_paraphrase,5. Mechanism II
CLM_PDF008_Q04_001,Wobbly dynamics and endogenous instability,PDF008,PDF008_Q04,variables_parameters,validated_paraphrase,5. Mechanism II
CLM_PDF008_Q04_002,Growth and capital-formation mechanisms,PDF008,PDF008_Q04,variables_parameters,validated_paraphrase,5. Mechanism II
CLM_PDF008_Q04_002,"Credit, leverage, collateral, and monetary policy",PDF008,PDF008_Q04,variables_parameters,validated_paraphrase,5. Mechanism II
CLM_PDF008_Q04_002,Debt rollover and dynamic efficiency,PDF008,PDF008_Q04,variables_parameters,validated_paraphrase,5. Mechanism II
CLM_PDF008_Q04_002,Wobbly dynamics and endogenous instability,PDF008,PDF008_Q04,variables_parameters,validated_paraphrase,5. Mechanism II
CLM_PDF008_Q04_003,Definitions and conceptual separations,PDF008,PDF008_Q04,variables_parameters,validated_paraphrase,3. Conceptual objects
CLM_PDF008_Q04_003,Growth and capital-formation mechanisms,PDF008,PDF008_Q04,variables_parameters,validated_paraphrase,3. Conceptual objects
CLM_PDF008_Q04_003,"Credit, leverage, collateral, and monetary policy",PDF008,PDF008_Q04,variables_parameters,validated_paraphrase,3. Conceptual objects
CLM_PDF008_Q04_003,Debt rollover and dynamic efficiency,PDF008,PDF008_Q04,variables_parameters,validated_paraphrase,3. Conceptual objects
CLM_PDF008_Q04_003,Wobbly dynamics and endogenous instability,PDF008,PDF008_Q04,variables_parameters,validated_paraphrase,3. Conceptual objects
CLM_PDF008_Q04_003,Critical adaptation to urban land-rent financialization in Latin America,PDF008,PDF008_Q04,variables_parameters,validated_paraphrase,3. Conceptual objects
CLM_PDF008_Q04_004,Definitions and conceptual separations,PDF008,PDF008_Q04,variables_parameters,validated_paraphrase,3. Conceptual objects
CLM_PDF008_Q04_004,Growth and capital-formation mechanisms,PDF008,PDF008_Q04,variables_parameters,validated_paraphrase,3. Conceptual objects
CLM_PDF008_Q04_004,"Credit, leverage, collateral, and monetary policy",PDF008,PDF008_Q04,variables_parameters,validated_paraphrase,3. Conceptual objects
CLM_PDF008_Q04_004,Debt rollover and dynamic efficiency,PDF008,PDF008_Q04,variables_parameters,validated_paraphrase,3. Conceptual objects
CLM_PDF008_Q04_005,Definitions and conceptual separations,PDF008,PDF008_Q04,variables_parameters,validated_paraphrase,3. Conceptual objects
CLM_PDF008_Q04_005,Asset-price and wealth-measurement claims,PDF008,PDF008_Q04,variables_parameters,validated_paraphrase,3. Conceptual objects
CLM_PDF008_Q04_005,Growth and capital-formation mechanisms,PDF008,PDF008_Q04,variables_parameters,validated_paraphrase,3. Conceptual objects
CLM_PDF008_Q04_005,"Credit, leverage, collateral, and monetary policy",PDF008,PDF008_Q04,variables_parameters,validated_paraphrase,3. Conceptual objects
CLM_PDF008_Q04_005,Debt rollover and dynamic efficiency,PDF008,PDF008_Q04,variables_parameters,validated_paraphrase,3. Conceptual objects
CLM_PDF008_Q04_006,Growth and capital-formation mechanisms,PDF008,PDF008_Q04,causality,validated_paraphrase,5. Mechanism II
CLM_PDF008_Q04_006,"Credit, leverage, collateral, and monetary policy",PDF008,PDF008_Q04,causality,validated_paraphrase,5. Mechanism II
CLM_PDF008_Q04_006,Unbalanced growth and overvaluation,PDF008,PDF008_Q04,causality,validated_paraphrase,5. Mechanism II
CLM_PDF008_Q04_006,Debt rollover and dynamic efficiency,PDF008,PDF008_Q04,causality,validated_paraphrase,5. Mechanism II
CLM_PDF008_Q04_006,Wobbly dynamics and endogenous instability,PDF008,PDF008_Q04,causality,validated_paraphrase,5. Mechanism II
CLM_PDF008_Q04_007,Definitions and conceptual separations,PDF008,PDF008_Q04,variables_parameters,validated_paraphrase,1. Introduction
CLM_PDF008_Q04_007,Growth and capital-formation mechanisms,PDF008,PDF008_Q04,variables_parameters,validated_paraphrase,1. Introduction
CLM_PDF008_Q04_007,"Credit, leverage, collateral, and monetary policy",PDF008,PDF008_Q04,variables_parameters,validated_paraphrase,1. Introduction
CLM_PDF008_Q04_007,Unbalanced growth and overvaluation,PDF008,PDF008_Q04,variables_parameters,validated_paraphrase,1. Introduction
CLM_PDF008_Q04_007,Debt rollover and dynamic efficiency,PDF008,PDF008_Q04,variables_parameters,validated_paraphrase,1. Introduction
CLM_PDF008_Q05_001,Definitions and conceptual separations,PDF008,PDF008_Q05,variables_parameters,validated_paraphrase,3. Conceptual objects
CLM_PDF008_Q05_001,Asset-price and wealth-measurement claims,PDF008,PDF008_Q05,variables_parameters,validated_paraphrase,3. Conceptual objects
CLM_PDF008_Q05_001,"Credit, leverage, collateral, and monetary policy",PDF008,PDF008_Q05,variables_parameters,validated_paraphrase,3. Conceptual objects
CLM_PDF008_Q05_001,Unbalanced growth and overvaluation,PDF008,PDF008_Q05,variables_parameters,validated_paraphrase,3. Conceptual objects
CLM_PDF008_Q05_001,Debt rollover and dynamic efficiency,PDF008,PDF008_Q05,variables_parameters,validated_paraphrase,3. Conceptual objects
CLM_PDF008_Q05_001,Wobbly dynamics and endogenous instability,PDF008,PDF008_Q05,variables_parameters,validated_paraphrase,3. Conceptual objects
CLM_PDF008_Q05_002,Definitions and conceptual separations,PDF008,PDF008_Q05,variables_parameters,validated_paraphrase,3. Conceptual objects
CLM_PDF008_Q05_002,Asset-price and wealth-measurement claims,PDF008,PDF008_Q05,variables_parameters,validated_paraphrase,3. Conceptual objects
CLM_PDF008_Q05_002,Growth and capital-formation mechanisms,PDF008,PDF008_Q05,variables_parameters,validated_paraphrase,3. Conceptual objects
CLM_PDF008_Q05_002,"Credit, leverage, collateral, and monetary policy",PDF008,PDF008_Q05,variables_parameters,validated_paraphrase,3. Conceptual objects
CLM_PDF008_Q05_002,Debt rollover and dynamic efficiency,PDF008,PDF008_Q05,variables_parameters,validated_paraphrase,3. Conceptual objects
CLM_PDF008_Q05_002,Wobbly dynamics and endogenous instability,PDF008,PDF008_Q05,variables_parameters,validated_paraphrase,3. Conceptual objects
CLM_PDF008_Q05_003,Definitions and conceptual separations,PDF008,PDF008_Q05,variables_parameters,validated_paraphrase,3. Conceptual objects
CLM_PDF008_Q05_003,Asset-price and wealth-measurement claims,PDF008,PDF008_Q05,variables_parameters,validated_paraphrase,3. Conceptual objects
CLM_PDF008_Q05_003,Growth and capital-formation mechanisms,PDF008,PDF008_Q05,variables_parameters,validated_paraphrase,3. Conceptual objects
CLM_PDF008_Q05_003,"Credit, leverage, collateral, and monetary policy",PDF008,PDF008_Q05,variables_parameters,validated_paraphrase,3. Conceptual objects
CLM_PDF008_Q05_003,Debt rollover and dynamic efficiency,PDF008,PDF008_Q05,variables_parameters,validated_paraphrase,3. Conceptual objects
CLM_PDF008_Q05_003,Critical adaptation to urban land-rent financialization in Latin America,PDF008,PDF008_Q05,variables_parameters,validated_paraphrase,3. Conceptual objects
CLM_PDF008_Q05_004,Definitions and conceptual separations,PDF008,PDF008_Q05,mechanism,validated_paraphrase,3. Conceptual objects
CLM_PDF008_Q05_004,Asset-price and wealth-measurement claims,PDF008,PDF008_Q05,mechanism,validated_paraphrase,3. Conceptual objects
CLM_PDF008_Q05_004,Growth and capital-formation mechanisms,PDF008,PDF008_Q05,mechanism,validated_paraphrase,3. Conceptual objects
CLM_PDF008_Q05_004,"Credit, leverage, collateral, and monetary policy",PDF008,PDF008_Q05,mechanism,validated_paraphrase,3. Conceptual objects
CLM_PDF008_Q05_004,Debt rollover and dynamic efficiency,PDF008,PDF008_Q05,mechanism,validated_paraphrase,3. Conceptual objects
CLM_PDF008_Q05_005,Definitions and conceptual separations,PDF008,PDF008_Q05,variables_parameters,validated_paraphrase,3. Conceptual objects
CLM_PDF008_Q05_005,Asset-price and wealth-measurement claims,PDF008,PDF008_Q05,variables_parameters,validated_paraphrase,3. Conceptual objects
CLM_PDF008_Q05_005,Growth and capital-formation mechanisms,PDF008,PDF008_Q05,variables_parameters,validated_paraphrase,3. Conceptual objects
CLM_PDF008_Q05_005,"Credit, leverage, collateral, and monetary policy",PDF008,PDF008_Q05,variables_parameters,validated_paraphrase,3. Conceptual objects
CLM_PDF008_Q05_005,Unbalanced growth and overvaluation,PDF008,PDF008_Q05,variables_parameters,validated_paraphrase,3. Conceptual objects
CLM_PDF008_Q05_005,Debt rollover and dynamic efficiency,PDF008,PDF008_Q05,variables_parameters,validated_paraphrase,3. Conceptual objects
CLM_PDF008_Q05_006,Definitions and conceptual separations,PDF008,PDF008_Q05,variables_parameters,validated_paraphrase,3. Conceptual objects
CLM_PDF008_Q05_006,Asset-price and wealth-measurement claims,PDF008,PDF008_Q05,variables_parameters,validated_paraphrase,3. Conceptual objects
CLM_PDF008_Q05_006,Growth and capital-formation mechanisms,PDF008,PDF008_Q05,variables_parameters,validated_paraphrase,3. Conceptual objects
CLM_PDF008_Q05_006,"Credit, leverage, collateral, and monetary policy",PDF008,PDF008_Q05,variables_parameters,validated_paraphrase,3. Conceptual objects
CLM_PDF008_Q05_006,Debt rollover and dynamic efficiency,PDF008,PDF008_Q05,variables_parameters,validated_paraphrase,3. Conceptual objects
CLM_PDF008_Q05_007,Definitions and conceptual separations,PDF008,PDF008_Q05,mechanism,validated_paraphrase,3. Conceptual objects
CLM_PDF008_Q05_007,Asset-price and wealth-measurement claims,PDF008,PDF008_Q05,mechanism,validated_paraphrase,3. Conceptual objects
CLM_PDF008_Q05_007,Growth and capital-formation mechanisms,PDF008,PDF008_Q05,mechanism,validated_paraphrase,3. Conceptual objects
CLM_PDF008_Q05_007,"Credit, leverage, collateral, and monetary policy",PDF008,PDF008_Q05,mechanism,validated_paraphrase,3. Conceptual objects
CLM_PDF008_Q05_007,Unbalanced growth and overvaluation,PDF008,PDF008_Q05,mechanism,validated_paraphrase,3. Conceptual objects
CLM_PDF008_Q05_007,Debt rollover and dynamic efficiency,PDF008,PDF008_Q05,mechanism,validated_paraphrase,3. Conceptual objects
CLM_PDF008_Q05_007,Wobbly dynamics and endogenous instability,PDF008,PDF008_Q05,mechanism,validated_paraphrase,3. Conceptual objects
CLM_PDF008_Q06_001,Definitions and conceptual separations,PDF008,PDF008_Q06,variables_parameters,validated_paraphrase,8. Wobbly dynamics
CLM_PDF008_Q06_001,Growth and capital-formation mechanisms,PDF008,PDF008_Q06,variables_parameters,validated_paraphrase,8. Wobbly dynamics
CLM_PDF008_Q06_001,Unbalanced growth and overvaluation,PDF008,PDF008_Q06,variables_parameters,validated_paraphrase,8. Wobbly dynamics
CLM_PDF008_Q06_001,Debt rollover and dynamic efficiency,PDF008,PDF008_Q06,variables_parameters,validated_paraphrase,8. Wobbly dynamics
CLM_PDF008_Q06_001,Wobbly dynamics and endogenous instability,PDF008,PDF008_Q06,variables_parameters,validated_paraphrase,8. Wobbly dynamics
CLM_PDF008_Q06_002,Debt rollover and dynamic efficiency,PDF008,PDF008_Q06,definition,validated_paraphrase,8. Wobbly dynamics
CLM_PDF008_Q06_002,Wobbly dynamics and endogenous instability,PDF008,PDF008_Q06,definition,validated_paraphrase,8. Wobbly dynamics
CLM_PDF008_Q06_002,Critical adaptation to urban land-rent financialization in Latin America,PDF008,PDF008_Q06,definition,validated_paraphrase,8. Wobbly dynamics
CLM_PDF008_Q06_003,Growth and capital-formation mechanisms,PDF008,PDF008_Q06,variables_parameters,validated_paraphrase,1. Introduction
CLM_PDF008_Q06_003,"Credit, leverage, collateral, and monetary policy",PDF008,PDF008_Q06,variables_parameters,validated_paraphrase,1. Introduction
CLM_PDF008_Q06_003,Debt rollover and dynamic efficiency,PDF008,PDF008_Q06,variables_parameters,validated_paraphrase,1. Introduction
CLM_PDF008_Q06_004,Definitions and conceptual separations,PDF008,PDF008_Q06,variables_parameters,validated_paraphrase,3. Conceptual objects
CLM_PDF008_Q06_004,Growth and capital-formation mechanisms,PDF008,PDF008_Q06,variables_parameters,validated_paraphrase,3. Conceptual objects
CLM_PDF008_Q06_004,"Credit, leverage, collateral, and monetary policy",PDF008,PDF008_Q06,variables_parameters,validated_paraphrase,3. Conceptual objects
CLM_PDF008_Q06_004,Debt rollover and dynamic efficiency,PDF008,PDF008_Q06,variables_parameters,validated_paraphrase,3. Conceptual objects
CLM_PDF008_Q06_005,Definitions and conceptual separations,PDF008,PDF008_Q06,causality,validated_paraphrase,3. Conceptual objects
CLM_PDF008_Q06_005,Asset-price and wealth-measurement claims,PDF008,PDF008_Q06,causality,validated_paraphrase,3. Conceptual objects
CLM_PDF008_Q06_005,Growth and capital-formation mechanisms,PDF008,PDF008_Q06,causality,validated_paraphrase,3. Conceptual objects
CLM_PDF008_Q06_005,"Credit, leverage, collateral, and monetary policy",PDF008,PDF008_Q06,causality,validated_paraphrase,3. Conceptual objects
CLM_PDF008_Q06_005,Unbalanced growth and overvaluation,PDF008,PDF008_Q06,causality,validated_paraphrase,3. Conceptual objects
CLM_PDF008_Q06_005,Debt rollover and dynamic efficiency,PDF008,PDF008_Q06,causality,validated_paraphrase,3. Conceptual objects
CLM_PDF008_Q06_005,Wobbly dynamics and endogenous instability,PDF008,PDF008_Q06,causality,validated_paraphrase,3. Conceptual objects
CLM_PDF008_Q06_006,Growth and capital-formation mechanisms,PDF008,PDF008_Q06,variables_parameters,validated_paraphrase,5. Mechanism II
CLM_PDF008_Q06_006,"Credit, leverage, collateral, and monetary policy",PDF008,PDF008_Q06,variables_parameters,validated_paraphrase,5. Mechanism II
CLM_PDF008_Q06_006,Debt rollover and dynamic efficiency,PDF008,PDF008_Q06,variables_parameters,validated_paraphrase,5. Mechanism II
CLM_PDF008_Q06_006,Wobbly dynamics and endogenous instability,PDF008,PDF008_Q06,variables_parameters,validated_paraphrase,5. Mechanism II
CLM_PDF008_Q07_001,Growth and capital-formation mechanisms,PDF008,PDF008_Q07,theory_evidence,validated_paraphrase,5. Mechanism II
CLM_PDF008_Q07_001,"Credit, leverage, collateral, and monetary policy",PDF008,PDF008_Q07,theory_evidence,validated_paraphrase,5. Mechanism II
CLM_PDF008_Q07_001,Unbalanced growth and overvaluation,PDF008,PDF008_Q07,theory_evidence,validated_paraphrase,5. Mechanism II
CLM_PDF008_Q07_001,Debt rollover and dynamic efficiency,PDF008,PDF008_Q07,theory_evidence,validated_paraphrase,5. Mechanism II
CLM_PDF008_Q07_001,Wobbly dynamics and endogenous instability,PDF008,PDF008_Q07,theory_evidence,validated_paraphrase,5. Mechanism II
CLM_PDF008_Q07_002,Growth and capital-formation mechanisms,PDF008,PDF008_Q07,variables_parameters,validated_paraphrase,5. Mechanism II
CLM_PDF008_Q07_002,"Credit, leverage, collateral, and monetary policy",PDF008,PDF008_Q07,variables_parameters,validated_paraphrase,5. Mechanism II
CLM_PDF008_Q07_002,Debt rollover and dynamic efficiency,PDF008,PDF008_Q07,variables_parameters,validated_paraphrase,5. Mechanism II
CLM_PDF008_Q07_002,Wobbly dynamics and endogenous instability,PDF008,PDF008_Q07,variables_parameters,validated_paraphrase,5. Mechanism II
CLM_PDF008_Q07_003,Definitions and conceptual separations,PDF008,PDF008_Q07,variables_parameters,validated_paraphrase,3. Conceptual objects
CLM_PDF008_Q07_003,Asset-price and wealth-measurement claims,PDF008,PDF008_Q07,variables_parameters,validated_paraphrase,3. Conceptual objects
CLM_PDF008_Q07_003,"Credit, leverage, collateral, and monetary policy",PDF008,PDF008_Q07,variables_parameters,validated_paraphrase,3. Conceptual objects
CLM_PDF008_Q07_003,Debt rollover and dynamic efficiency,PDF008,PDF008_Q07,variables_parameters,validated_paraphrase,3. Conceptual objects
CLM_PDF008_Q07_003,Critical adaptation to urban land-rent financialization in Latin America,PDF008,PDF008_Q07,variables_parameters,validated_paraphrase,3. Conceptual objects
CLM_PDF008_Q07_004,Definitions and conceptual separations,PDF008,PDF008_Q07,variables_parameters,validated_paraphrase,3. Conceptual objects
CLM_PDF008_Q07_004,Growth and capital-formation mechanisms,PDF008,PDF008_Q07,variables_parameters,validated_paraphrase,3. Conceptual objects
CLM_PDF008_Q07_004,"Credit, leverage, collateral, and monetary policy",PDF008,PDF008_Q07,variables_parameters,validated_paraphrase,3. Conceptual objects
CLM_PDF008_Q07_004,Debt rollover and dynamic efficiency,PDF008,PDF008_Q07,variables_parameters,validated_paraphrase,3. Conceptual objects
CLM_PDF008_Q07_005,Definitions and conceptual separations,PDF008,PDF008_Q07,variables_parameters,validated_paraphrase,3. Conceptual objects
CLM_PDF008_Q07_005,Growth and capital-formation mechanisms,PDF008,PDF008_Q07,variables_parameters,validated_paraphrase,3. Conceptual objects
CLM_PDF008_Q07_005,"Credit, leverage, collateral, and monetary policy",PDF008,PDF008_Q07,variables_parameters,validated_paraphrase,3. Conceptual objects
CLM_PDF008_Q07_005,Debt rollover and dynamic efficiency,PDF008,PDF008_Q07,variables_parameters,validated_paraphrase,3. Conceptual objects
CLM_PDF008_Q07_006,Definitions and conceptual separations,PDF008,PDF008_Q07,variables_parameters,validated_paraphrase,3. Conceptual objects
CLM_PDF008_Q07_006,Asset-price and wealth-measurement claims,PDF008,PDF008_Q07,variables_parameters,validated_paraphrase,3. Conceptual objects
CLM_PDF008_Q07_006,Growth and capital-formation mechanisms,PDF008,PDF008_Q07,variables_parameters,validated_paraphrase,3. Conceptual objects
CLM_PDF008_Q07_006,"Credit, leverage, collateral, and monetary policy",PDF008,PDF008_Q07,variables_parameters,validated_paraphrase,3. Conceptual objects
CLM_PDF008_Q07_006,Debt rollover and dynamic efficiency,PDF008,PDF008_Q07,variables_parameters,validated_paraphrase,3. Conceptual objects
CLM_PDF008_Q07_007,Definitions and conceptual separations,PDF008,PDF008_Q07,causality,validated_paraphrase,9. Critical appraisal
CLM_PDF008_Q07_007,Asset-price and wealth-measurement claims,PDF008,PDF008_Q07,causality,validated_paraphrase,9. Critical appraisal
CLM_PDF008_Q07_007,"Credit, leverage, collateral, and monetary policy",PDF008,PDF008_Q07,causality,validated_paraphrase,9. Critical appraisal
CLM_PDF008_Q07_007,Unbalanced growth and overvaluation,PDF008,PDF008_Q07,causality,validated_paraphrase,9. Critical appraisal
CLM_PDF008_Q07_007,Debt rollover and dynamic efficiency,PDF008,PDF008_Q07,causality,validated_paraphrase,9. Critical appraisal
CLM_PDF008_Q07_007,Critical adaptation to urban land-rent financialization in Latin America,PDF008,PDF008_Q07,causality,validated_paraphrase,9. Critical appraisal
CLM_PDF009_Q01_001,Definitions and conceptual separations,PDF009,PDF009_Q01,causality,validated_paraphrase,3. Conceptual objects
CLM_PDF009_Q01_001,Asset-price and wealth-measurement claims,PDF009,PDF009_Q01,causality,validated_paraphrase,3. Conceptual objects
CLM_PDF009_Q01_001,Growth and capital-formation mechanisms,PDF009,PDF009_Q01,causality,validated_paraphrase,3. Conceptual objects
CLM_PDF009_Q01_001,"Credit, leverage, collateral, and monetary policy",PDF009,PDF009_Q01,causality,validated_paraphrase,3. Conceptual objects
CLM_PDF009_Q01_001,Unbalanced growth and overvaluation,PDF009,PDF009_Q01,causality,validated_paraphrase,3. Conceptual objects
CLM_PDF009_Q01_001,Debt rollover and dynamic efficiency,PDF009,PDF009_Q01,causality,validated_paraphrase,3. Conceptual objects
CLM_PDF009_Q01_002,Definitions and conceptual separations,PDF009,PDF009_Q01,variables_parameters,validated_paraphrase,3. Conceptual objects
CLM_PDF009_Q01_002,Asset-price and wealth-measurement claims,PDF009,PDF009_Q01,variables_parameters,validated_paraphrase,3. Conceptual objects
CLM_PDF009_Q01_002,Growth and capital-formation mechanisms,PDF009,PDF009_Q01,variables_parameters,validated_paraphrase,3. Conceptual objects
CLM_PDF009_Q01_002,Debt rollover and dynamic efficiency,PDF009,PDF009_Q01,variables_parameters,validated_paraphrase,3. Conceptual objects
CLM_PDF009_Q01_002,Policy and institutional implications,PDF009,PDF009_Q01,variables_parameters,validated_paraphrase,3. Conceptual objects
CLM_PDF009_Q01_003,Definitions and conceptual separations,PDF009,PDF009_Q01,variables_parameters,validated_paraphrase,3. Conceptual objects
CLM_PDF009_Q01_003,Asset-price and wealth-measurement claims,PDF009,PDF009_Q01,variables_parameters,validated_paraphrase,3. Conceptual objects
CLM_PDF009_Q01_003,"Credit, leverage, collateral, and monetary policy",PDF009,PDF009_Q01,variables_parameters,validated_paraphrase,3. Conceptual objects
CLM_PDF009_Q01_003,Debt rollover and dynamic efficiency,PDF009,PDF009_Q01,variables_parameters,validated_paraphrase,3. Conceptual objects
CLM_PDF009_Q01_003,Critical adaptation to urban land-rent financialization in Latin America,PDF009,PDF009_Q01,variables_parameters,validated_paraphrase,3. Conceptual objects
CLM_PDF009_Q01_004,Definitions and conceptual separations,PDF009,PDF009_Q01,mechanism,validated_paraphrase,3. Conceptual objects
CLM_PDF009_Q01_004,Asset-price and wealth-measurement claims,PDF009,PDF009_Q01,mechanism,validated_paraphrase,3. Conceptual objects
CLM_PDF009_Q01_004,Growth and capital-formation mechanisms,PDF009,PDF009_Q01,mechanism,validated_paraphrase,3. Conceptual objects
CLM_PDF009_Q01_004,"Credit, leverage, collateral, and monetary policy",PDF009,PDF009_Q01,mechanism,validated_paraphrase,3. Conceptual objects
CLM_PDF009_Q01_004,Unbalanced growth and overvaluation,PDF009,PDF009_Q01,mechanism,validated_paraphrase,3. Conceptual objects
CLM_PDF009_Q01_004,Debt rollover and dynamic efficiency,PDF009,PDF009_Q01,mechanism,validated_paraphrase,3. Conceptual objects
CLM_PDF009_Q01_005,Definitions and conceptual separations,PDF009,PDF009_Q01,variables_parameters,validated_paraphrase,3. Conceptual objects
CLM_PDF009_Q01_005,Asset-price and wealth-measurement claims,PDF009,PDF009_Q01,variables_parameters,validated_paraphrase,3. Conceptual objects
CLM_PDF009_Q01_005,"Credit, leverage, collateral, and monetary policy",PDF009,PDF009_Q01,variables_parameters,validated_paraphrase,3. Conceptual objects
CLM_PDF009_Q01_005,Debt rollover and dynamic efficiency,PDF009,PDF009_Q01,variables_parameters,validated_paraphrase,3. Conceptual objects
CLM_PDF009_Q01_005,Critical adaptation to urban land-rent financialization in Latin America,PDF009,PDF009_Q01,variables_parameters,validated_paraphrase,3. Conceptual objects
CLM_PDF009_Q01_006,Definitions and conceptual separations,PDF009,PDF009_Q01,mechanism,validated_paraphrase,3. Conceptual objects
CLM_PDF009_Q01_006,Asset-price and wealth-measurement claims,PDF009,PDF009_Q01,mechanism,validated_paraphrase,3. Conceptual objects
CLM_PDF009_Q01_006,Growth and capital-formation mechanisms,PDF009,PDF009_Q01,mechanism,validated_paraphrase,3. Conceptual objects
CLM_PDF009_Q01_006,"Credit, leverage, collateral, and monetary policy",PDF009,PDF009_Q01,mechanism,validated_paraphrase,3. Conceptual objects
CLM_PDF009_Q01_006,Debt rollover and dynamic efficiency,PDF009,PDF009_Q01,mechanism,validated_paraphrase,3. Conceptual objects
CLM_PDF009_Q01_007,Growth and capital-formation mechanisms,PDF009,PDF009_Q01,variables_parameters,validated_paraphrase,1. Introduction
CLM_PDF009_Q01_007,"Credit, leverage, collateral, and monetary policy",PDF009,PDF009_Q01,variables_parameters,validated_paraphrase,1. Introduction
CLM_PDF009_Q01_007,Debt rollover and dynamic efficiency,PDF009,PDF009_Q01,variables_parameters,validated_paraphrase,1. Introduction
CLM_PDF009_Q02_001,Definitions and conceptual separations,PDF009,PDF009_Q02,variables_parameters,validated_paraphrase,3. Conceptual objects
CLM_PDF009_Q02_001,Asset-price and wealth-measurement claims,PDF009,PDF009_Q02,variables_parameters,validated_paraphrase,3. Conceptual objects
CLM_PDF009_Q02_001,Growth and capital-formation mechanisms,PDF009,PDF009_Q02,variables_parameters,validated_paraphrase,3. Conceptual objects
CLM_PDF009_Q02_001,"Credit, leverage, collateral, and monetary policy",PDF009,PDF009_Q02,variables_parameters,validated_paraphrase,3. Conceptual objects
CLM_PDF009_Q02_001,Unbalanced growth and overvaluation,PDF009,PDF009_Q02,variables_parameters,validated_paraphrase,3. Conceptual objects
CLM_PDF009_Q02_001,Debt rollover and dynamic efficiency,PDF009,PDF009_Q02,variables_parameters,validated_paraphrase,3. Conceptual objects
CLM_PDF009_Q02_002,Definitions and conceptual separations,PDF009,PDF009_Q02,variables_parameters,validated_paraphrase,3. Conceptual objects
CLM_PDF009_Q02_002,Asset-price and wealth-measurement claims,PDF009,PDF009_Q02,variables_parameters,validated_paraphrase,3. Conceptual objects
CLM_PDF009_Q02_002,Growth and capital-formation mechanisms,PDF009,PDF009_Q02,variables_parameters,validated_paraphrase,3. Conceptual objects
CLM_PDF009_Q02_002,"Credit, leverage, collateral, and monetary policy",PDF009,PDF009_Q02,variables_parameters,validated_paraphrase,3. Conceptual objects
CLM_PDF009_Q02_002,Debt rollover and dynamic efficiency,PDF009,PDF009_Q02,variables_parameters,validated_paraphrase,3. Conceptual objects
CLM_PDF009_Q02_003,Definitions and conceptual separations,PDF009,PDF009_Q02,variables_parameters,validated_paraphrase,3. Conceptual objects
CLM_PDF009_Q02_003,Asset-price and wealth-measurement claims,PDF009,PDF009_Q02,variables_parameters,validated_paraphrase,3. Conceptual objects
CLM_PDF009_Q02_003,Debt rollover and dynamic efficiency,PDF009,PDF009_Q02,variables_parameters,validated_paraphrase,3. Conceptual objects
CLM_PDF009_Q02_003,Critical adaptation to urban land-rent financialization in Latin America,PDF009,PDF009_Q02,variables_parameters,validated_paraphrase,3. Conceptual objects
CLM_PDF009_Q02_004,Definitions and conceptual separations,PDF009,PDF009_Q02,mechanism,validated_paraphrase,3. Conceptual objects
CLM_PDF009_Q02_004,Growth and capital-formation mechanisms,PDF009,PDF009_Q02,mechanism,validated_paraphrase,3. Conceptual objects
CLM_PDF009_Q02_004,"Credit, leverage, collateral, and monetary policy",PDF009,PDF009_Q02,mechanism,validated_paraphrase,3. Conceptual objects
CLM_PDF009_Q02_004,Debt rollover and dynamic efficiency,PDF009,PDF009_Q02,mechanism,validated_paraphrase,3. Conceptual objects
CLM_PDF009_Q02_005,Definitions and conceptual separations,PDF009,PDF009_Q02,variables_parameters,validated_paraphrase,3. Conceptual objects
CLM_PDF009_Q02_005,Asset-price and wealth-measurement claims,PDF009,PDF009_Q02,variables_parameters,validated_paraphrase,3. Conceptual objects
CLM_PDF009_Q02_005,Growth and capital-formation mechanisms,PDF009,PDF009_Q02,variables_parameters,validated_paraphrase,3. Conceptual objects
CLM_PDF009_Q02_005,"Credit, leverage, collateral, and monetary policy",PDF009,PDF009_Q02,variables_parameters,validated_paraphrase,3. Conceptual objects
CLM_PDF009_Q02_005,Unbalanced growth and overvaluation,PDF009,PDF009_Q02,variables_parameters,validated_paraphrase,3. Conceptual objects
CLM_PDF009_Q02_005,Debt rollover and dynamic efficiency,PDF009,PDF009_Q02,variables_parameters,validated_paraphrase,3. Conceptual objects
CLM_PDF009_Q02_006,Growth and capital-formation mechanisms,PDF009,PDF009_Q02,causality,validated_paraphrase,1. Introduction
CLM_PDF009_Q02_006,"Credit, leverage, collateral, and monetary policy",PDF009,PDF009_Q02,causality,validated_paraphrase,1. Introduction
CLM_PDF009_Q02_006,Debt rollover and dynamic efficiency,PDF009,PDF009_Q02,causality,validated_paraphrase,1. Introduction
CLM_PDF009_Q02_007,Definitions and conceptual separations,PDF009,PDF009_Q02,variables_parameters,validated_paraphrase,3. Conceptual objects
CLM_PDF009_Q02_007,Asset-price and wealth-measurement claims,PDF009,PDF009_Q02,variables_parameters,validated_paraphrase,3. Conceptual objects
CLM_PDF009_Q02_007,Growth and capital-formation mechanisms,PDF009,PDF009_Q02,variables_parameters,validated_paraphrase,3. Conceptual objects
CLM_PDF009_Q02_007,"Credit, leverage, collateral, and monetary policy",PDF009,PDF009_Q02,variables_parameters,validated_paraphrase,3. Conceptual objects
CLM_PDF009_Q02_007,Debt rollover and dynamic efficiency,PDF009,PDF009_Q02,variables_parameters,validated_paraphrase,3. Conceptual objects
CLM_PDF009_Q03_001,Definitions and conceptual separations,PDF009,PDF009_Q03,mechanism,validated_paraphrase,3. Conceptual objects
CLM_PDF009_Q03_001,Asset-price and wealth-measurement claims,PDF009,PDF009_Q03,mechanism,validated_paraphrase,3. Conceptual objects
CLM_PDF009_Q03_001,Growth and capital-formation mechanisms,PDF009,PDF009_Q03,mechanism,validated_paraphrase,3. Conceptual objects
CLM_PDF009_Q03_001,"Credit, leverage, collateral, and monetary policy",PDF009,PDF009_Q03,mechanism,validated_paraphrase,3. Conceptual objects
CLM_PDF009_Q03_001,Debt rollover and dynamic efficiency,PDF009,PDF009_Q03,mechanism,validated_paraphrase,3. Conceptual objects
CLM_PDF009_Q03_002,Definitions and conceptual separations,PDF009,PDF009_Q03,variables_parameters,validated_paraphrase,3. Conceptual objects
CLM_PDF009_Q03_002,Asset-price and wealth-measurement claims,PDF009,PDF009_Q03,variables_parameters,validated_paraphrase,3. Conceptual objects
CLM_PDF009_Q03_002,Growth and capital-formation mechanisms,PDF009,PDF009_Q03,variables_parameters,validated_paraphrase,3. Conceptual objects
CLM_PDF009_Q03_002,"Credit, leverage, collateral, and monetary policy",PDF009,PDF009_Q03,variables_parameters,validated_paraphrase,3. Conceptual objects
CLM_PDF009_Q03_002,Unbalanced growth and overvaluation,PDF009,PDF009_Q03,variables_parameters,validated_paraphrase,3. Conceptual objects
CLM_PDF009_Q03_002,Debt rollover and dynamic efficiency,PDF009,PDF009_Q03,variables_parameters,validated_paraphrase,3. Conceptual objects
CLM_PDF009_Q03_003,Definitions and conceptual separations,PDF009,PDF009_Q03,variables_parameters,validated_paraphrase,9. Critical appraisal
CLM_PDF009_Q03_003,"Credit, leverage, collateral, and monetary policy",PDF009,PDF009_Q03,variables_parameters,validated_paraphrase,9. Critical appraisal
CLM_PDF009_Q03_003,Debt rollover and dynamic efficiency,PDF009,PDF009_Q03,variables_parameters,validated_paraphrase,9. Critical appraisal
CLM_PDF009_Q03_003,Wobbly dynamics and endogenous instability,PDF009,PDF009_Q03,variables_parameters,validated_paraphrase,9. Critical appraisal
CLM_PDF009_Q03_003,Critical adaptation to urban land-rent financialization in Latin America,PDF009,PDF009_Q03,variables_parameters,validated_paraphrase,9. Critical appraisal
CLM_PDF009_Q03_004,Growth and capital-formation mechanisms,PDF009,PDF009_Q03,mechanism,validated_paraphrase,1. Introduction
CLM_PDF009_Q03_004,"Credit, leverage, collateral, and monetary policy",PDF009,PDF009_Q03,mechanism,validated_paraphrase,1. Introduction
CLM_PDF009_Q03_004,Debt rollover and dynamic efficiency,PDF009,PDF009_Q03,mechanism,validated_paraphrase,1. Introduction
CLM_PDF009_Q03_005,Definitions and conceptual separations,PDF009,PDF009_Q03,mechanism,validated_paraphrase,1. Introduction
CLM_PDF009_Q03_005,Growth and capital-formation mechanisms,PDF009,PDF009_Q03,mechanism,validated_paraphrase,1. Introduction
CLM_PDF009_Q03_005,"Credit, leverage, collateral, and monetary policy",PDF009,PDF009_Q03,mechanism,validated_paraphrase,1. Introduction
CLM_PDF009_Q03_005,Unbalanced growth and overvaluation,PDF009,PDF009_Q03,mechanism,validated_paraphrase,1. Introduction
CLM_PDF009_Q03_005,Debt rollover and dynamic efficiency,PDF009,PDF009_Q03,mechanism,validated_paraphrase,1. Introduction
CLM_PDF009_Q03_006,Definitions and conceptual separations,PDF009,PDF009_Q03,mechanism,validated_paraphrase,3. Conceptual objects
CLM_PDF009_Q03_006,Asset-price and wealth-measurement claims,PDF009,PDF009_Q03,mechanism,validated_paraphrase,3. Conceptual objects
CLM_PDF009_Q03_006,Growth and capital-formation mechanisms,PDF009,PDF009_Q03,mechanism,validated_paraphrase,3. Conceptual objects
CLM_PDF009_Q03_006,"Credit, leverage, collateral, and monetary policy",PDF009,PDF009_Q03,mechanism,validated_paraphrase,3. Conceptual objects
CLM_PDF009_Q03_006,Debt rollover and dynamic efficiency,PDF009,PDF009_Q03,mechanism,validated_paraphrase,3. Conceptual objects
CLM_PDF009_Q03_007,Definitions and conceptual separations,PDF009,PDF009_Q03,causality,validated_paraphrase,3. Conceptual objects
CLM_PDF009_Q03_007,Asset-price and wealth-measurement claims,PDF009,PDF009_Q03,causality,validated_paraphrase,3. Conceptual objects
CLM_PDF009_Q03_007,Growth and capital-formation mechanisms,PDF009,PDF009_Q03,causality,validated_paraphrase,3. Conceptual objects
CLM_PDF009_Q03_007,"Credit, leverage, collateral, and monetary policy",PDF009,PDF009_Q03,causality,validated_paraphrase,3. Conceptual objects
CLM_PDF009_Q03_007,Debt rollover and dynamic efficiency,PDF009,PDF009_Q03,causality,validated_paraphrase,3. Conceptual objects
CLM_PDF009_Q04_001,Definitions and conceptual separations,PDF009,PDF009_Q04,theory_evidence,validated_paraphrase,3. Conceptual objects
CLM_PDF009_Q04_001,Asset-price and wealth-measurement claims,PDF009,PDF009_Q04,theory_evidence,validated_paraphrase,3. Conceptual objects
CLM_PDF009_Q04_001,Growth and capital-formation mechanisms,PDF009,PDF009_Q04,theory_evidence,validated_paraphrase,3. Conceptual objects
CLM_PDF009_Q04_001,"Credit, leverage, collateral, and monetary policy",PDF009,PDF009_Q04,theory_evidence,validated_paraphrase,3. Conceptual objects
CLM_PDF009_Q04_001,Unbalanced growth and overvaluation,PDF009,PDF009_Q04,theory_evidence,validated_paraphrase,3. Conceptual objects
CLM_PDF009_Q04_001,Debt rollover and dynamic efficiency,PDF009,PDF009_Q04,theory_evidence,validated_paraphrase,3. Conceptual objects
CLM_PDF009_Q04_002,Definitions and conceptual separations,PDF009,PDF009_Q04,variables_parameters,validated_paraphrase,3. Conceptual objects
CLM_PDF009_Q04_002,Asset-price and wealth-measurement claims,PDF009,PDF009_Q04,variables_parameters,validated_paraphrase,3. Conceptual objects
CLM_PDF009_Q04_002,Growth and capital-formation mechanisms,PDF009,PDF009_Q04,variables_parameters,validated_paraphrase,3. Conceptual objects
CLM_PDF009_Q04_002,"Credit, leverage, collateral, and monetary policy",PDF009,PDF009_Q04,variables_parameters,validated_paraphrase,3. Conceptual objects
CLM_PDF009_Q04_002,Unbalanced growth and overvaluation,PDF009,PDF009_Q04,variables_parameters,validated_paraphrase,3. Conceptual objects
CLM_PDF009_Q04_002,Debt rollover and dynamic efficiency,PDF009,PDF009_Q04,variables_parameters,validated_paraphrase,3. Conceptual objects
CLM_PDF009_Q04_003,Definitions and conceptual separations,PDF009,PDF009_Q04,variables_parameters,validated_paraphrase,3. Conceptual objects
CLM_PDF009_Q04_003,Asset-price and wealth-measurement claims,PDF009,PDF009_Q04,variables_parameters,validated_paraphrase,3. Conceptual objects
CLM_PDF009_Q04_003,Debt rollover and dynamic efficiency,PDF009,PDF009_Q04,variables_parameters,validated_paraphrase,3. Conceptual objects
CLM_PDF009_Q04_003,Wobbly dynamics and endogenous instability,PDF009,PDF009_Q04,variables_parameters,validated_paraphrase,3. Conceptual objects
CLM_PDF009_Q04_003,Critical adaptation to urban land-rent financialization in Latin America,PDF009,PDF009_Q04,variables_parameters,validated_paraphrase,3. Conceptual objects
CLM_PDF009_Q04_004,Definitions and conceptual separations,PDF009,PDF009_Q04,variables_parameters,validated_paraphrase,3. Conceptual objects
CLM_PDF009_Q04_004,Asset-price and wealth-measurement claims,PDF009,PDF009_Q04,variables_parameters,validated_paraphrase,3. Conceptual objects
CLM_PDF009_Q04_004,Growth and capital-formation mechanisms,PDF009,PDF009_Q04,variables_parameters,validated_paraphrase,3. Conceptual objects
CLM_PDF009_Q04_004,"Credit, leverage, collateral, and monetary policy",PDF009,PDF009_Q04,variables_parameters,validated_paraphrase,3. Conceptual objects
CLM_PDF009_Q04_004,Debt rollover and dynamic efficiency,PDF009,PDF009_Q04,variables_parameters,validated_paraphrase,3. Conceptual objects
CLM_PDF009_Q04_005,Growth and capital-formation mechanisms,PDF009,PDF009_Q04,mechanism,validated_paraphrase,1. Introduction
CLM_PDF009_Q04_005,"Credit, leverage, collateral, and monetary policy",PDF009,PDF009_Q04,mechanism,validated_paraphrase,1. Introduction
CLM_PDF009_Q04_005,Debt rollover and dynamic efficiency,PDF009,PDF009_Q04,mechanism,validated_paraphrase,1. Introduction
CLM_PDF009_Q04_005,Wobbly dynamics and endogenous instability,PDF009,PDF009_Q04,mechanism,validated_paraphrase,1. Introduction
CLM_PDF009_Q04_006,Definitions and conceptual separations,PDF009,PDF009_Q04,variables_parameters,validated_paraphrase,3. Conceptual objects
CLM_PDF009_Q04_006,Asset-price and wealth-measurement claims,PDF009,PDF009_Q04,variables_parameters,validated_paraphrase,3. Conceptual objects
CLM_PDF009_Q04_006,Growth and capital-formation mechanisms,PDF009,PDF009_Q04,variables_parameters,validated_paraphrase,3. Conceptual objects
CLM_PDF009_Q04_006,"Credit, leverage, collateral, and monetary policy",PDF009,PDF009_Q04,variables_parameters,validated_paraphrase,3. Conceptual objects
CLM_PDF009_Q04_006,Unbalanced growth and overvaluation,PDF009,PDF009_Q04,variables_parameters,validated_paraphrase,3. Conceptual objects
CLM_PDF009_Q04_006,Debt rollover and dynamic efficiency,PDF009,PDF009_Q04,variables_parameters,validated_paraphrase,3. Conceptual objects
CLM_PDF009_Q04_007,Definitions and conceptual separations,PDF009,PDF009_Q04,variables_parameters,validated_paraphrase,3. Conceptual objects
CLM_PDF009_Q04_007,Asset-price and wealth-measurement claims,PDF009,PDF009_Q04,variables_parameters,validated_paraphrase,3. Conceptual objects
CLM_PDF009_Q04_007,Growth and capital-formation mechanisms,PDF009,PDF009_Q04,variables_parameters,validated_paraphrase,3. Conceptual objects
CLM_PDF009_Q04_007,"Credit, leverage, collateral, and monetary policy",PDF009,PDF009_Q04,variables_parameters,validated_paraphrase,3. Conceptual objects
CLM_PDF009_Q04_007,Debt rollover and dynamic efficiency,PDF009,PDF009_Q04,variables_parameters,validated_paraphrase,3. Conceptual objects
CLM_PDF009_Q05_001,Definitions and conceptual separations,PDF009,PDF009_Q05,mechanism,validated_paraphrase,3. Conceptual objects
CLM_PDF009_Q05_001,Debt rollover and dynamic efficiency,PDF009,PDF009_Q05,mechanism,validated_paraphrase,3. Conceptual objects
CLM_PDF009_Q05_001,Policy and institutional implications,PDF009,PDF009_Q05,mechanism,validated_paraphrase,3. Conceptual objects
CLM_PDF009_Q05_002,Growth and capital-formation mechanisms,PDF009,PDF009_Q05,mechanism,validated_paraphrase,1. Introduction
CLM_PDF009_Q05_002,"Credit, leverage, collateral, and monetary policy",PDF009,PDF009_Q05,mechanism,validated_paraphrase,1. Introduction
CLM_PDF009_Q05_002,Debt rollover and dynamic efficiency,PDF009,PDF009_Q05,mechanism,validated_paraphrase,1. Introduction
CLM_PDF009_Q05_003,Definitions and conceptual separations,PDF009,PDF009_Q05,variables_parameters,validated_paraphrase,3. Conceptual objects
CLM_PDF009_Q05_003,Debt rollover and dynamic efficiency,PDF009,PDF009_Q05,variables_parameters,validated_paraphrase,3. Conceptual objects
CLM_PDF009_Q05_003,Critical adaptation to urban land-rent financialization in Latin America,PDF009,PDF009_Q05,variables_parameters,validated_paraphrase,3. Conceptual objects
CLM_PDF009_Q05_004,Definitions and conceptual separations,PDF009,PDF009_Q05,mechanism,validated_paraphrase,3. Conceptual objects
CLM_PDF009_Q05_004,Growth and capital-formation mechanisms,PDF009,PDF009_Q05,mechanism,validated_paraphrase,3. Conceptual objects
CLM_PDF009_Q05_004,"Credit, leverage, collateral, and monetary policy",PDF009,PDF009_Q05,mechanism,validated_paraphrase,3. Conceptual objects
CLM_PDF009_Q05_004,Debt rollover and dynamic efficiency,PDF009,PDF009_Q05,mechanism,validated_paraphrase,3. Conceptual objects
CLM_PDF009_Q05_005,Definitions and conceptual separations,PDF009,PDF009_Q05,variables_parameters,validated_paraphrase,3. Conceptual objects
CLM_PDF009_Q05_005,Growth and capital-formation mechanisms,PDF009,PDF009_Q05,variables_parameters,validated_paraphrase,3. Conceptual objects
CLM_PDF009_Q05_005,"Credit, leverage, collateral, and monetary policy",PDF009,PDF009_Q05,variables_parameters,validated_paraphrase,3. Conceptual objects
CLM_PDF009_Q05_005,Debt rollover and dynamic efficiency,PDF009,PDF009_Q05,variables_parameters,validated_paraphrase,3. Conceptual objects
CLM_PDF009_Q05_006,Definitions and conceptual separations,PDF009,PDF009_Q05,causality,validated_paraphrase,3. Conceptual objects
CLM_PDF009_Q05_006,Asset-price and wealth-measurement claims,PDF009,PDF009_Q05,causality,validated_paraphrase,3. Conceptual objects
CLM_PDF009_Q05_006,Debt rollover and dynamic efficiency,PDF009,PDF009_Q05,causality,validated_paraphrase,3. Conceptual objects
CLM_PDF009_Q05_006,Policy and institutional implications,PDF009,PDF009_Q05,causality,validated_paraphrase,3. Conceptual objects
CLM_PDF009_Q05_007,Growth and capital-formation mechanisms,PDF009,PDF009_Q05,mechanism,validated_paraphrase,1. Introduction
CLM_PDF009_Q05_007,"Credit, leverage, collateral, and monetary policy",PDF009,PDF009_Q05,mechanism,validated_paraphrase,1. Introduction
CLM_PDF009_Q05_007,Debt rollover and dynamic efficiency,PDF009,PDF009_Q05,mechanism,validated_paraphrase,1. Introduction
CLM_PDF009_Q06_001,Definitions and conceptual separations,PDF009,PDF009_Q06,definition,validated_paraphrase,3. Conceptual objects
CLM_PDF009_Q06_001,Asset-price and wealth-measurement claims,PDF009,PDF009_Q06,definition,validated_paraphrase,3. Conceptual objects
CLM_PDF009_Q06_001,Growth and capital-formation mechanisms,PDF009,PDF009_Q06,definition,validated_paraphrase,3. Conceptual objects
CLM_PDF009_Q06_001,"Credit, leverage, collateral, and monetary policy",PDF009,PDF009_Q06,definition,validated_paraphrase,3. Conceptual objects
CLM_PDF009_Q06_001,Debt rollover and dynamic efficiency,PDF009,PDF009_Q06,definition,validated_paraphrase,3. Conceptual objects
CLM_PDF009_Q06_002,Definitions and conceptual separations,PDF009,PDF009_Q06,definition,validated_paraphrase,3. Conceptual objects
CLM_PDF009_Q06_002,Asset-price and wealth-measurement claims,PDF009,PDF009_Q06,definition,validated_paraphrase,3. Conceptual objects
CLM_PDF009_Q06_002,Growth and capital-formation mechanisms,PDF009,PDF009_Q06,definition,validated_paraphrase,3. Conceptual objects
CLM_PDF009_Q06_002,"Credit, leverage, collateral, and monetary policy",PDF009,PDF009_Q06,definition,validated_paraphrase,3. Conceptual objects
CLM_PDF009_Q06_002,Debt rollover and dynamic efficiency,PDF009,PDF009_Q06,definition,validated_paraphrase,3. Conceptual objects
CLM_PDF009_Q06_003,Definitions and conceptual separations,PDF009,PDF009_Q06,theory_evidence,validated_paraphrase,3. Conceptual objects
CLM_PDF009_Q06_003,Asset-price and wealth-measurement claims,PDF009,PDF009_Q06,theory_evidence,validated_paraphrase,3. Conceptual objects
CLM_PDF009_Q06_003,Debt rollover and dynamic efficiency,PDF009,PDF009_Q06,theory_evidence,validated_paraphrase,3. Conceptual objects
CLM_PDF009_Q06_003,Wobbly dynamics and endogenous instability,PDF009,PDF009_Q06,theory_evidence,validated_paraphrase,3. Conceptual objects
CLM_PDF009_Q06_003,Critical adaptation to urban land-rent financialization in Latin America,PDF009,PDF009_Q06,theory_evidence,validated_paraphrase,3. Conceptual objects
CLM_PDF009_Q06_004,Definitions and conceptual separations,PDF009,PDF009_Q06,variables_parameters,validated_paraphrase,3. Conceptual objects
CLM_PDF009_Q06_004,Asset-price and wealth-measurement claims,PDF009,PDF009_Q06,variables_parameters,validated_paraphrase,3. Conceptual objects
CLM_PDF009_Q06_004,Growth and capital-formation mechanisms,PDF009,PDF009_Q06,variables_parameters,validated_paraphrase,3. Conceptual objects
CLM_PDF009_Q06_004,"Credit, leverage, collateral, and monetary policy",PDF009,PDF009_Q06,variables_parameters,validated_paraphrase,3. Conceptual objects
CLM_PDF009_Q06_004,Debt rollover and dynamic efficiency,PDF009,PDF009_Q06,variables_parameters,validated_paraphrase,3. Conceptual objects
CLM_PDF009_Q06_005,Definitions and conceptual separations,PDF009,PDF009_Q06,mechanism,validated_paraphrase,3. Conceptual objects
CLM_PDF009_Q06_005,Asset-price and wealth-measurement claims,PDF009,PDF009_Q06,mechanism,validated_paraphrase,3. Conceptual objects
CLM_PDF009_Q06_005,Growth and capital-formation mechanisms,PDF009,PDF009_Q06,mechanism,validated_paraphrase,3. Conceptual objects
CLM_PDF009_Q06_005,"Credit, leverage, collateral, and monetary policy",PDF009,PDF009_Q06,mechanism,validated_paraphrase,3. Conceptual objects
CLM_PDF009_Q06_005,Unbalanced growth and overvaluation,PDF009,PDF009_Q06,mechanism,validated_paraphrase,3. Conceptual objects
CLM_PDF009_Q06_005,Debt rollover and dynamic efficiency,PDF009,PDF009_Q06,mechanism,validated_paraphrase,3. Conceptual objects
CLM_PDF009_Q06_006,Definitions and conceptual separations,PDF009,PDF009_Q06,causality,validated_paraphrase,3. Conceptual objects
CLM_PDF009_Q06_006,Asset-price and wealth-measurement claims,PDF009,PDF009_Q06,causality,validated_paraphrase,3. Conceptual objects
CLM_PDF009_Q06_006,Growth and capital-formation mechanisms,PDF009,PDF009_Q06,causality,validated_paraphrase,3. Conceptual objects
CLM_PDF009_Q06_006,"Credit, leverage, collateral, and monetary policy",PDF009,PDF009_Q06,causality,validated_paraphrase,3. Conceptual objects
CLM_PDF009_Q06_006,Debt rollover and dynamic efficiency,PDF009,PDF009_Q06,causality,validated_paraphrase,3. Conceptual objects
CLM_PDF009_Q06_007,Definitions and conceptual separations,PDF009,PDF009_Q06,variables_parameters,validated_paraphrase,3. Conceptual objects
CLM_PDF009_Q06_007,Asset-price and wealth-measurement claims,PDF009,PDF009_Q06,variables_parameters,validated_paraphrase,3. Conceptual objects
CLM_PDF009_Q06_007,Growth and capital-formation mechanisms,PDF009,PDF009_Q06,variables_parameters,validated_paraphrase,3. Conceptual objects
CLM_PDF009_Q06_007,"Credit, leverage, collateral, and monetary policy",PDF009,PDF009_Q06,variables_parameters,validated_paraphrase,3. Conceptual objects
CLM_PDF009_Q06_007,Debt rollover and dynamic efficiency,PDF009,PDF009_Q06,variables_parameters,validated_paraphrase,3. Conceptual objects
CLM_PDF009_Q07_001,Definitions and conceptual separations,PDF009,PDF009_Q07,variables_parameters,validated_paraphrase,3. Conceptual objects
CLM_PDF009_Q07_001,Asset-price and wealth-measurement claims,PDF009,PDF009_Q07,variables_parameters,validated_paraphrase,3. Conceptual objects
CLM_PDF009_Q07_001,Growth and capital-formation mechanisms,PDF009,PDF009_Q07,variables_parameters,validated_paraphrase,3. Conceptual objects
CLM_PDF009_Q07_001,"Credit, leverage, collateral, and monetary policy",PDF009,PDF009_Q07,variables_parameters,validated_paraphrase,3. Conceptual objects
CLM_PDF009_Q07_001,Unbalanced growth and overvaluation,PDF009,PDF009_Q07,variables_parameters,validated_paraphrase,3. Conceptual objects
CLM_PDF009_Q07_001,Debt rollover and dynamic efficiency,PDF009,PDF009_Q07,variables_parameters,validated_paraphrase,3. Conceptual objects
CLM_PDF009_Q07_002,Definitions and conceptual separations,PDF009,PDF009_Q07,definition,validated_paraphrase,3. Conceptual objects
CLM_PDF009_Q07_002,Asset-price and wealth-measurement claims,PDF009,PDF009_Q07,definition,validated_paraphrase,3. Conceptual objects
CLM_PDF009_Q07_002,Growth and capital-formation mechanisms,PDF009,PDF009_Q07,definition,validated_paraphrase,3. Conceptual objects
CLM_PDF009_Q07_002,"Credit, leverage, collateral, and monetary policy",PDF009,PDF009_Q07,definition,validated_paraphrase,3. Conceptual objects
CLM_PDF009_Q07_002,Unbalanced growth and overvaluation,PDF009,PDF009_Q07,definition,validated_paraphrase,3. Conceptual objects
CLM_PDF009_Q07_002,Debt rollover and dynamic efficiency,PDF009,PDF009_Q07,definition,validated_paraphrase,3. Conceptual objects
CLM_PDF009_Q07_003,Definitions and conceptual separations,PDF009,PDF009_Q07,mechanism,validated_paraphrase,9. Critical appraisal
CLM_PDF009_Q07_003,Growth and capital-formation mechanisms,PDF009,PDF009_Q07,mechanism,validated_paraphrase,9. Critical appraisal
CLM_PDF009_Q07_003,Unbalanced growth and overvaluation,PDF009,PDF009_Q07,mechanism,validated_paraphrase,9. Critical appraisal
CLM_PDF009_Q07_003,Debt rollover and dynamic efficiency,PDF009,PDF009_Q07,mechanism,validated_paraphrase,9. Critical appraisal
CLM_PDF009_Q07_003,Critical adaptation to urban land-rent financialization in Latin America,PDF009,PDF009_Q07,mechanism,validated_paraphrase,9. Critical appraisal
CLM_PDF009_Q07_004,Growth and capital-formation mechanisms,PDF009,PDF009_Q07,variables_parameters,validated_paraphrase,1. Introduction
CLM_PDF009_Q07_004,"Credit, leverage, collateral, and monetary policy",PDF009,PDF009_Q07,variables_parameters,validated_paraphrase,1. Introduction
CLM_PDF009_Q07_004,Debt rollover and dynamic efficiency,PDF009,PDF009_Q07,variables_parameters,validated_paraphrase,1. Introduction
CLM_PDF009_Q07_005,Definitions and conceptual separations,PDF009,PDF009_Q07,variables_parameters,validated_paraphrase,1. Introduction
CLM_PDF009_Q07_005,Growth and capital-formation mechanisms,PDF009,PDF009_Q07,variables_parameters,validated_paraphrase,1. Introduction
CLM_PDF009_Q07_005,"Credit, leverage, collateral, and monetary policy",PDF009,PDF009_Q07,variables_parameters,validated_paraphrase,1. Introduction
CLM_PDF009_Q07_005,Unbalanced growth and overvaluation,PDF009,PDF009_Q07,variables_parameters,validated_paraphrase,1. Introduction
CLM_PDF009_Q07_005,Debt rollover and dynamic efficiency,PDF009,PDF009_Q07,variables_parameters,validated_paraphrase,1. Introduction
CLM_PDF009_Q07_006,Definitions and conceptual separations,PDF009,PDF009_Q07,mechanism,validated_paraphrase,3. Conceptual objects
CLM_PDF009_Q07_006,Asset-price and wealth-measurement claims,PDF009,PDF009_Q07,mechanism,validated_paraphrase,3. Conceptual objects
CLM_PDF009_Q07_006,Growth and capital-formation mechanisms,PDF009,PDF009_Q07,mechanism,validated_paraphrase,3. Conceptual objects
CLM_PDF009_Q07_006,Unbalanced growth and overvaluation,PDF009,PDF009_Q07,mechanism,validated_paraphrase,3. Conceptual objects
CLM_PDF009_Q07_006,Debt rollover and dynamic efficiency,PDF009,PDF009_Q07,mechanism,validated_paraphrase,3. Conceptual objects
CLM_PDF009_Q07_006,Critical adaptation to urban land-rent financialization in Latin America,PDF009,PDF009_Q07,mechanism,validated_paraphrase,3. Conceptual objects
CLM_PDF009_Q07_007,Definitions and conceptual separations,PDF009,PDF009_Q07,variables_parameters,validated_paraphrase,3. Conceptual objects
CLM_PDF009_Q07_007,Asset-price and wealth-measurement claims,PDF009,PDF009_Q07,variables_parameters,validated_paraphrase,3. Conceptual objects
CLM_PDF009_Q07_007,Growth and capital-formation mechanisms,PDF009,PDF009_Q07,variables_parameters,validated_paraphrase,3. Conceptual objects
CLM_PDF009_Q07_007,"Credit, leverage, collateral, and monetary policy",PDF009,PDF009_Q07,variables_parameters,validated_paraphrase,3. Conceptual objects
CLM_PDF009_Q07_007,Debt rollover and dynamic efficiency,PDF009,PDF009_Q07,variables_parameters,validated_paraphrase,3. Conceptual objects
CLM_PDF010_Q01_001,Definitions and conceptual separations,PDF010,PDF010_Q01,mechanism,validated_paraphrase,3. Conceptual objects
CLM_PDF010_Q01_001,Asset-price and wealth-measurement claims,PDF010,PDF010_Q01,mechanism,validated_paraphrase,3. Conceptual objects
CLM_PDF010_Q01_001,Growth and capital-formation mechanisms,PDF010,PDF010_Q01,mechanism,validated_paraphrase,3. Conceptual objects
CLM_PDF010_Q01_001,"Credit, leverage, collateral, and monetary policy",PDF010,PDF010_Q01,mechanism,validated_paraphrase,3. Conceptual objects
CLM_PDF010_Q01_001,Debt rollover and dynamic efficiency,PDF010,PDF010_Q01,mechanism,validated_paraphrase,3. Conceptual objects
CLM_PDF010_Q01_002,Definitions and conceptual separations,PDF010,PDF010_Q01,causality,validated_paraphrase,3. Conceptual objects
CLM_PDF010_Q01_002,Asset-price and wealth-measurement claims,PDF010,PDF010_Q01,causality,validated_paraphrase,3. Conceptual objects
CLM_PDF010_Q01_002,Growth and capital-formation mechanisms,PDF010,PDF010_Q01,causality,validated_paraphrase,3. Conceptual objects
CLM_PDF010_Q01_002,"Credit, leverage, collateral, and monetary policy",PDF010,PDF010_Q01,causality,validated_paraphrase,3. Conceptual objects
CLM_PDF010_Q01_002,Debt rollover and dynamic efficiency,PDF010,PDF010_Q01,causality,validated_paraphrase,3. Conceptual objects
CLM_PDF010_Q01_003,Definitions and conceptual separations,PDF010,PDF010_Q01,theory_evidence,validated_paraphrase,3. Conceptual objects
CLM_PDF010_Q01_003,Asset-price and wealth-measurement claims,PDF010,PDF010_Q01,theory_evidence,validated_paraphrase,3. Conceptual objects
CLM_PDF010_Q01_003,Growth and capital-formation mechanisms,PDF010,PDF010_Q01,theory_evidence,validated_paraphrase,3. Conceptual objects
CLM_PDF010_Q01_003,"Credit, leverage, collateral, and monetary policy",PDF010,PDF010_Q01,theory_evidence,validated_paraphrase,3. Conceptual objects
CLM_PDF010_Q01_003,Debt rollover and dynamic efficiency,PDF010,PDF010_Q01,theory_evidence,validated_paraphrase,3. Conceptual objects
CLM_PDF010_Q01_003,Critical adaptation to urban land-rent financialization in Latin America,PDF010,PDF010_Q01,theory_evidence,validated_paraphrase,3. Conceptual objects
CLM_PDF010_Q01_004,Definitions and conceptual separations,PDF010,PDF010_Q01,mechanism,validated_paraphrase,5. Mechanism II
CLM_PDF010_Q01_004,Growth and capital-formation mechanisms,PDF010,PDF010_Q01,mechanism,validated_paraphrase,5. Mechanism II
CLM_PDF010_Q01_004,"Credit, leverage, collateral, and monetary policy",PDF010,PDF010_Q01,mechanism,validated_paraphrase,5. Mechanism II
CLM_PDF010_Q01_004,Unbalanced growth and overvaluation,PDF010,PDF010_Q01,mechanism,validated_paraphrase,5. Mechanism II
CLM_PDF010_Q01_004,Debt rollover and dynamic efficiency,PDF010,PDF010_Q01,mechanism,validated_paraphrase,5. Mechanism II
CLM_PDF010_Q01_005,Growth and capital-formation mechanisms,PDF010,PDF010_Q01,variables_parameters,validated_paraphrase,5. Mechanism II
CLM_PDF010_Q01_005,"Credit, leverage, collateral, and monetary policy",PDF010,PDF010_Q01,variables_parameters,validated_paraphrase,5. Mechanism II
CLM_PDF010_Q01_005,Debt rollover and dynamic efficiency,PDF010,PDF010_Q01,variables_parameters,validated_paraphrase,5. Mechanism II
CLM_PDF010_Q01_006,Growth and capital-formation mechanisms,PDF010,PDF010_Q01,causality,validated_paraphrase,5. Mechanism II
CLM_PDF010_Q01_006,"Credit, leverage, collateral, and monetary policy",PDF010,PDF010_Q01,causality,validated_paraphrase,5. Mechanism II
CLM_PDF010_Q01_006,Debt rollover and dynamic efficiency,PDF010,PDF010_Q01,causality,validated_paraphrase,5. Mechanism II
CLM_PDF010_Q01_007,Definitions and conceptual separations,PDF010,PDF010_Q01,mechanism,validated_paraphrase,3. Conceptual objects
CLM_PDF010_Q01_007,Asset-price and wealth-measurement claims,PDF010,PDF010_Q01,mechanism,validated_paraphrase,3. Conceptual objects
CLM_PDF010_Q01_007,Growth and capital-formation mechanisms,PDF010,PDF010_Q01,mechanism,validated_paraphrase,3. Conceptual objects
CLM_PDF010_Q01_007,"Credit, leverage, collateral, and monetary policy",PDF010,PDF010_Q01,mechanism,validated_paraphrase,3. Conceptual objects
CLM_PDF010_Q01_007,Debt rollover and dynamic efficiency,PDF010,PDF010_Q01,mechanism,validated_paraphrase,3. Conceptual objects
CLM_PDF010_Q02_001,Definitions and conceptual separations,PDF010,PDF010_Q02,variables_parameters,validated_paraphrase,3. Conceptual objects
CLM_PDF010_Q02_001,Asset-price and wealth-measurement claims,PDF010,PDF010_Q02,variables_parameters,validated_paraphrase,3. Conceptual objects
CLM_PDF010_Q02_001,Growth and capital-formation mechanisms,PDF010,PDF010_Q02,variables_parameters,validated_paraphrase,3. Conceptual objects
CLM_PDF010_Q02_001,"Credit, leverage, collateral, and monetary policy",PDF010,PDF010_Q02,variables_parameters,validated_paraphrase,3. Conceptual objects
CLM_PDF010_Q02_001,Unbalanced growth and overvaluation,PDF010,PDF010_Q02,variables_parameters,validated_paraphrase,3. Conceptual objects
CLM_PDF010_Q02_001,Debt rollover and dynamic efficiency,PDF010,PDF010_Q02,variables_parameters,validated_paraphrase,3. Conceptual objects
CLM_PDF010_Q02_002,Definitions and conceptual separations,PDF010,PDF010_Q02,variables_parameters,validated_paraphrase,3. Conceptual objects
CLM_PDF010_Q02_002,Asset-price and wealth-measurement claims,PDF010,PDF010_Q02,variables_parameters,validated_paraphrase,3. Conceptual objects
CLM_PDF010_Q02_002,Growth and capital-formation mechanisms,PDF010,PDF010_Q02,variables_parameters,validated_paraphrase,3. Conceptual objects
CLM_PDF010_Q02_002,"Credit, leverage, collateral, and monetary policy",PDF010,PDF010_Q02,variables_parameters,validated_paraphrase,3. Conceptual objects
CLM_PDF010_Q02_002,Unbalanced growth and overvaluation,PDF010,PDF010_Q02,variables_parameters,validated_paraphrase,3. Conceptual objects
CLM_PDF010_Q02_002,Debt rollover and dynamic efficiency,PDF010,PDF010_Q02,variables_parameters,validated_paraphrase,3. Conceptual objects
CLM_PDF010_Q02_003,Definitions and conceptual separations,PDF010,PDF010_Q02,theory_evidence,validated_paraphrase,3. Conceptual objects
CLM_PDF010_Q02_003,"Credit, leverage, collateral, and monetary policy",PDF010,PDF010_Q02,theory_evidence,validated_paraphrase,3. Conceptual objects
CLM_PDF010_Q02_003,Unbalanced growth and overvaluation,PDF010,PDF010_Q02,theory_evidence,validated_paraphrase,3. Conceptual objects
CLM_PDF010_Q02_003,Debt rollover and dynamic efficiency,PDF010,PDF010_Q02,theory_evidence,validated_paraphrase,3. Conceptual objects
CLM_PDF010_Q02_003,Critical adaptation to urban land-rent financialization in Latin America,PDF010,PDF010_Q02,theory_evidence,validated_paraphrase,3. Conceptual objects
CLM_PDF010_Q02_004,Definitions and conceptual separations,PDF010,PDF010_Q02,mechanism,validated_paraphrase,3. Conceptual objects
CLM_PDF010_Q02_004,Asset-price and wealth-measurement claims,PDF010,PDF010_Q02,mechanism,validated_paraphrase,3. Conceptual objects
CLM_PDF010_Q02_004,Growth and capital-formation mechanisms,PDF010,PDF010_Q02,mechanism,validated_paraphrase,3. Conceptual objects
CLM_PDF010_Q02_004,"Credit, leverage, collateral, and monetary policy",PDF010,PDF010_Q02,mechanism,validated_paraphrase,3. Conceptual objects
CLM_PDF010_Q02_004,Unbalanced growth and overvaluation,PDF010,PDF010_Q02,mechanism,validated_paraphrase,3. Conceptual objects
CLM_PDF010_Q02_004,Debt rollover and dynamic efficiency,PDF010,PDF010_Q02,mechanism,validated_paraphrase,3. Conceptual objects
CLM_PDF010_Q02_005,Definitions and conceptual separations,PDF010,PDF010_Q02,variables_parameters,validated_paraphrase,3. Conceptual objects
CLM_PDF010_Q02_005,Asset-price and wealth-measurement claims,PDF010,PDF010_Q02,variables_parameters,validated_paraphrase,3. Conceptual objects
CLM_PDF010_Q02_005,Growth and capital-formation mechanisms,PDF010,PDF010_Q02,variables_parameters,validated_paraphrase,3. Conceptual objects
CLM_PDF010_Q02_005,"Credit, leverage, collateral, and monetary policy",PDF010,PDF010_Q02,variables_parameters,validated_paraphrase,3. Conceptual objects
CLM_PDF010_Q02_005,Debt rollover and dynamic efficiency,PDF010,PDF010_Q02,variables_parameters,validated_paraphrase,3. Conceptual objects
CLM_PDF010_Q02_006,Definitions and conceptual separations,PDF010,PDF010_Q02,variables_parameters,validated_paraphrase,3. Conceptual objects
CLM_PDF010_Q02_006,Growth and capital-formation mechanisms,PDF010,PDF010_Q02,variables_parameters,validated_paraphrase,3. Conceptual objects
CLM_PDF010_Q02_006,"Credit, leverage, collateral, and monetary policy",PDF010,PDF010_Q02,variables_parameters,validated_paraphrase,3. Conceptual objects
CLM_PDF010_Q02_006,Debt rollover and dynamic efficiency,PDF010,PDF010_Q02,variables_parameters,validated_paraphrase,3. Conceptual objects
CLM_PDF010_Q02_007,Definitions and conceptual separations,PDF010,PDF010_Q02,causality,validated_paraphrase,3. Conceptual objects
CLM_PDF010_Q02_007,Asset-price and wealth-measurement claims,PDF010,PDF010_Q02,causality,validated_paraphrase,3. Conceptual objects
CLM_PDF010_Q02_007,Growth and capital-formation mechanisms,PDF010,PDF010_Q02,causality,validated_paraphrase,3. Conceptual objects
CLM_PDF010_Q02_007,"Credit, leverage, collateral, and monetary policy",PDF010,PDF010_Q02,causality,validated_paraphrase,3. Conceptual objects
CLM_PDF010_Q02_007,Debt rollover and dynamic efficiency,PDF010,PDF010_Q02,causality,validated_paraphrase,3. Conceptual objects
CLM_PDF010_Q03_001,Definitions and conceptual separations,PDF010,PDF010_Q03,variables_parameters,validated_paraphrase,3. Conceptual objects
CLM_PDF010_Q03_001,Asset-price and wealth-measurement claims,PDF010,PDF010_Q03,variables_parameters,validated_paraphrase,3. Conceptual objects
CLM_PDF010_Q03_001,Growth and capital-formation mechanisms,PDF010,PDF010_Q03,variables_parameters,validated_paraphrase,3. Conceptual objects
CLM_PDF010_Q03_001,"Credit, leverage, collateral, and monetary policy",PDF010,PDF010_Q03,variables_parameters,validated_paraphrase,3. Conceptual objects
CLM_PDF010_Q03_001,Debt rollover and dynamic efficiency,PDF010,PDF010_Q03,variables_parameters,validated_paraphrase,3. Conceptual objects
CLM_PDF010_Q03_001,Policy and institutional implications,PDF010,PDF010_Q03,variables_parameters,validated_paraphrase,3. Conceptual objects
CLM_PDF010_Q03_002,Growth and capital-formation mechanisms,PDF010,PDF010_Q03,variables_parameters,validated_paraphrase,5. Mechanism II
CLM_PDF010_Q03_002,"Credit, leverage, collateral, and monetary policy",PDF010,PDF010_Q03,variables_parameters,validated_paraphrase,5. Mechanism II
CLM_PDF010_Q03_002,Debt rollover and dynamic efficiency,PDF010,PDF010_Q03,variables_parameters,validated_paraphrase,5. Mechanism II
CLM_PDF010_Q03_003,Definitions and conceptual separations,PDF010,PDF010_Q03,theory_evidence,validated_paraphrase,3. Conceptual objects
CLM_PDF010_Q03_003,Growth and capital-formation mechanisms,PDF010,PDF010_Q03,theory_evidence,validated_paraphrase,3. Conceptual objects
CLM_PDF010_Q03_003,"Credit, leverage, collateral, and monetary policy",PDF010,PDF010_Q03,theory_evidence,validated_paraphrase,3. Conceptual objects
CLM_PDF010_Q03_003,Debt rollover and dynamic efficiency,PDF010,PDF010_Q03,theory_evidence,validated_paraphrase,3. Conceptual objects
CLM_PDF010_Q03_003,Critical adaptation to urban land-rent financialization in Latin America,PDF010,PDF010_Q03,theory_evidence,validated_paraphrase,3. Conceptual objects
CLM_PDF010_Q03_004,Definitions and conceptual separations,PDF010,PDF010_Q03,variables_parameters,validated_paraphrase,3. Conceptual objects
CLM_PDF010_Q03_004,Growth and capital-formation mechanisms,PDF010,PDF010_Q03,variables_parameters,validated_paraphrase,3. Conceptual objects
CLM_PDF010_Q03_004,"Credit, leverage, collateral, and monetary policy",PDF010,PDF010_Q03,variables_parameters,validated_paraphrase,3. Conceptual objects
CLM_PDF010_Q03_004,Debt rollover and dynamic efficiency,PDF010,PDF010_Q03,variables_parameters,validated_paraphrase,3. Conceptual objects
CLM_PDF010_Q03_004,Policy and institutional implications,PDF010,PDF010_Q03,variables_parameters,validated_paraphrase,3. Conceptual objects
CLM_PDF010_Q03_005,Definitions and conceptual separations,PDF010,PDF010_Q03,mechanism,validated_paraphrase,3. Conceptual objects
CLM_PDF010_Q03_005,Asset-price and wealth-measurement claims,PDF010,PDF010_Q03,mechanism,validated_paraphrase,3. Conceptual objects
CLM_PDF010_Q03_005,Growth and capital-formation mechanisms,PDF010,PDF010_Q03,mechanism,validated_paraphrase,3. Conceptual objects
CLM_PDF010_Q03_005,"Credit, leverage, collateral, and monetary policy",PDF010,PDF010_Q03,mechanism,validated_paraphrase,3. Conceptual objects
CLM_PDF010_Q03_005,Unbalanced growth and overvaluation,PDF010,PDF010_Q03,mechanism,validated_paraphrase,3. Conceptual objects
CLM_PDF010_Q03_005,Debt rollover and dynamic efficiency,PDF010,PDF010_Q03,mechanism,validated_paraphrase,3. Conceptual objects
CLM_PDF010_Q03_006,Definitions and conceptual separations,PDF010,PDF010_Q03,variables_parameters,validated_paraphrase,3. Conceptual objects
CLM_PDF010_Q03_006,Asset-price and wealth-measurement claims,PDF010,PDF010_Q03,variables_parameters,validated_paraphrase,3. Conceptual objects
CLM_PDF010_Q03_006,Growth and capital-formation mechanisms,PDF010,PDF010_Q03,variables_parameters,validated_paraphrase,3. Conceptual objects
CLM_PDF010_Q03_006,"Credit, leverage, collateral, and monetary policy",PDF010,PDF010_Q03,variables_parameters,validated_paraphrase,3. Conceptual objects
CLM_PDF010_Q03_006,Debt rollover and dynamic efficiency,PDF010,PDF010_Q03,variables_parameters,validated_paraphrase,3. Conceptual objects
CLM_PDF010_Q03_007,Definitions and conceptual separations,PDF010,PDF010_Q03,variables_parameters,validated_paraphrase,3. Conceptual objects
CLM_PDF010_Q03_007,Asset-price and wealth-measurement claims,PDF010,PDF010_Q03,variables_parameters,validated_paraphrase,3. Conceptual objects
CLM_PDF010_Q03_007,Growth and capital-formation mechanisms,PDF010,PDF010_Q03,variables_parameters,validated_paraphrase,3. Conceptual objects
CLM_PDF010_Q03_007,"Credit, leverage, collateral, and monetary policy",PDF010,PDF010_Q03,variables_parameters,validated_paraphrase,3. Conceptual objects
CLM_PDF010_Q03_007,Unbalanced growth and overvaluation,PDF010,PDF010_Q03,variables_parameters,validated_paraphrase,3. Conceptual objects
CLM_PDF010_Q03_007,Debt rollover and dynamic efficiency,PDF010,PDF010_Q03,variables_parameters,validated_paraphrase,3. Conceptual objects
CLM_PDF010_Q04_001,Definitions and conceptual separations,PDF010,PDF010_Q04,causality,validated_paraphrase,3. Conceptual objects
CLM_PDF010_Q04_001,Growth and capital-formation mechanisms,PDF010,PDF010_Q04,causality,validated_paraphrase,3. Conceptual objects
CLM_PDF010_Q04_001,"Credit, leverage, collateral, and monetary policy",PDF010,PDF010_Q04,causality,validated_paraphrase,3. Conceptual objects
CLM_PDF010_Q04_001,Debt rollover and dynamic efficiency,PDF010,PDF010_Q04,causality,validated_paraphrase,3. Conceptual objects
CLM_PDF010_Q04_002,Definitions and conceptual separations,PDF010,PDF010_Q04,variables_parameters,validated_paraphrase,3. Conceptual objects
CLM_PDF010_Q04_002,Growth and capital-formation mechanisms,PDF010,PDF010_Q04,variables_parameters,validated_paraphrase,3. Conceptual objects
CLM_PDF010_Q04_002,"Credit, leverage, collateral, and monetary policy",PDF010,PDF010_Q04,variables_parameters,validated_paraphrase,3. Conceptual objects
CLM_PDF010_Q04_002,Debt rollover and dynamic efficiency,PDF010,PDF010_Q04,variables_parameters,validated_paraphrase,3. Conceptual objects
CLM_PDF010_Q04_003,Definitions and conceptual separations,PDF010,PDF010_Q04,mechanism,validated_paraphrase,3. Conceptual objects
CLM_PDF010_Q04_003,Growth and capital-formation mechanisms,PDF010,PDF010_Q04,mechanism,validated_paraphrase,3. Conceptual objects
CLM_PDF010_Q04_003,Debt rollover and dynamic efficiency,PDF010,PDF010_Q04,mechanism,validated_paraphrase,3. Conceptual objects
CLM_PDF010_Q04_003,Wobbly dynamics and endogenous instability,PDF010,PDF010_Q04,mechanism,validated_paraphrase,3. Conceptual objects
CLM_PDF010_Q04_003,Critical adaptation to urban land-rent financialization in Latin America,PDF010,PDF010_Q04,mechanism,validated_paraphrase,3. Conceptual objects
CLM_PDF010_Q04_004,Definitions and conceptual separations,PDF010,PDF010_Q04,mechanism,validated_paraphrase,3. Conceptual objects
CLM_PDF010_Q04_004,Growth and capital-formation mechanisms,PDF010,PDF010_Q04,mechanism,validated_paraphrase,3. Conceptual objects
CLM_PDF010_Q04_004,"Credit, leverage, collateral, and monetary policy",PDF010,PDF010_Q04,mechanism,validated_paraphrase,3. Conceptual objects
CLM_PDF010_Q04_004,Debt rollover and dynamic efficiency,PDF010,PDF010_Q04,mechanism,validated_paraphrase,3. Conceptual objects
CLM_PDF010_Q04_005,Definitions and conceptual separations,PDF010,PDF010_Q04,variables_parameters,validated_paraphrase,3. Conceptual objects
CLM_PDF010_Q04_005,Growth and capital-formation mechanisms,PDF010,PDF010_Q04,variables_parameters,validated_paraphrase,3. Conceptual objects
CLM_PDF010_Q04_005,"Credit, leverage, collateral, and monetary policy",PDF010,PDF010_Q04,variables_parameters,validated_paraphrase,3. Conceptual objects
CLM_PDF010_Q04_005,Debt rollover and dynamic efficiency,PDF010,PDF010_Q04,variables_parameters,validated_paraphrase,3. Conceptual objects
CLM_PDF010_Q04_006,Growth and capital-formation mechanisms,PDF010,PDF010_Q04,variables_parameters,validated_paraphrase,1. Introduction
CLM_PDF010_Q04_006,"Credit, leverage, collateral, and monetary policy",PDF010,PDF010_Q04,variables_parameters,validated_paraphrase,1. Introduction
CLM_PDF010_Q04_006,Debt rollover and dynamic efficiency,PDF010,PDF010_Q04,variables_parameters,validated_paraphrase,1. Introduction
CLM_PDF010_Q04_007,Definitions and conceptual separations,PDF010,PDF010_Q04,mechanism,validated_paraphrase,3. Conceptual objects
CLM_PDF010_Q04_007,Growth and capital-formation mechanisms,PDF010,PDF010_Q04,mechanism,validated_paraphrase,3. Conceptual objects
CLM_PDF010_Q04_007,"Credit, leverage, collateral, and monetary policy",PDF010,PDF010_Q04,mechanism,validated_paraphrase,3. Conceptual objects
CLM_PDF010_Q04_007,Debt rollover and dynamic efficiency,PDF010,PDF010_Q04,mechanism,validated_paraphrase,3. Conceptual objects
CLM_PDF010_Q05_001,Definitions and conceptual separations,PDF010,PDF010_Q05,mechanism,validated_paraphrase,3. Conceptual objects
CLM_PDF010_Q05_001,Asset-price and wealth-measurement claims,PDF010,PDF010_Q05,mechanism,validated_paraphrase,3. Conceptual objects
CLM_PDF010_Q05_001,Growth and capital-formation mechanisms,PDF010,PDF010_Q05,mechanism,validated_paraphrase,3. Conceptual objects
CLM_PDF010_Q05_001,Unbalanced growth and overvaluation,PDF010,PDF010_Q05,mechanism,validated_paraphrase,3. Conceptual objects
CLM_PDF010_Q05_001,Debt rollover and dynamic efficiency,PDF010,PDF010_Q05,mechanism,validated_paraphrase,3. Conceptual objects
CLM_PDF010_Q05_001,Policy and institutional implications,PDF010,PDF010_Q05,mechanism,validated_paraphrase,3. Conceptual objects
CLM_PDF010_Q05_002,Definitions and conceptual separations,PDF010,PDF010_Q05,variables_parameters,validated_paraphrase,3. Conceptual objects
CLM_PDF010_Q05_002,Asset-price and wealth-measurement claims,PDF010,PDF010_Q05,variables_parameters,validated_paraphrase,3. Conceptual objects
CLM_PDF010_Q05_002,Debt rollover and dynamic efficiency,PDF010,PDF010_Q05,variables_parameters,validated_paraphrase,3. Conceptual objects
CLM_PDF010_Q05_002,Policy and institutional implications,PDF010,PDF010_Q05,variables_parameters,validated_paraphrase,3. Conceptual objects
CLM_PDF010_Q05_003,Definitions and conceptual separations,PDF010,PDF010_Q05,variables_parameters,validated_paraphrase,3. Conceptual objects
CLM_PDF010_Q05_003,Asset-price and wealth-measurement claims,PDF010,PDF010_Q05,variables_parameters,validated_paraphrase,3. Conceptual objects
CLM_PDF010_Q05_003,"Credit, leverage, collateral, and monetary policy",PDF010,PDF010_Q05,variables_parameters,validated_paraphrase,3. Conceptual objects
CLM_PDF010_Q05_003,Debt rollover and dynamic efficiency,PDF010,PDF010_Q05,variables_parameters,validated_paraphrase,3. Conceptual objects
CLM_PDF010_Q05_003,Policy and institutional implications,PDF010,PDF010_Q05,variables_parameters,validated_paraphrase,3. Conceptual objects
CLM_PDF010_Q05_003,Critical adaptation to urban land-rent financialization in Latin America,PDF010,PDF010_Q05,variables_parameters,validated_paraphrase,3. Conceptual objects
CLM_PDF010_Q05_004,Definitions and conceptual separations,PDF010,PDF010_Q05,mechanism,validated_paraphrase,3. Conceptual objects
CLM_PDF010_Q05_004,Asset-price and wealth-measurement claims,PDF010,PDF010_Q05,mechanism,validated_paraphrase,3. Conceptual objects
CLM_PDF010_Q05_004,Growth and capital-formation mechanisms,PDF010,PDF010_Q05,mechanism,validated_paraphrase,3. Conceptual objects
CLM_PDF010_Q05_004,"Credit, leverage, collateral, and monetary policy",PDF010,PDF010_Q05,mechanism,validated_paraphrase,3. Conceptual objects
CLM_PDF010_Q05_004,Debt rollover and dynamic efficiency,PDF010,PDF010_Q05,mechanism,validated_paraphrase,3. Conceptual objects
CLM_PDF010_Q05_005,Definitions and conceptual separations,PDF010,PDF010_Q05,variables_parameters,validated_paraphrase,3. Conceptual objects
CLM_PDF010_Q05_005,Debt rollover and dynamic efficiency,PDF010,PDF010_Q05,variables_parameters,validated_paraphrase,3. Conceptual objects
CLM_PDF010_Q05_005,Policy and institutional implications,PDF010,PDF010_Q05,variables_parameters,validated_paraphrase,3. Conceptual objects
CLM_PDF010_Q05_006,Definitions and conceptual separations,PDF010,PDF010_Q05,variables_parameters,validated_paraphrase,3. Conceptual objects
CLM_PDF010_Q05_006,Asset-price and wealth-measurement claims,PDF010,PDF010_Q05,variables_parameters,validated_paraphrase,3. Conceptual objects
CLM_PDF010_Q05_006,Growth and capital-formation mechanisms,PDF010,PDF010_Q05,variables_parameters,validated_paraphrase,3. Conceptual objects
CLM_PDF010_Q05_006,Debt rollover and dynamic efficiency,PDF010,PDF010_Q05,variables_parameters,validated_paraphrase,3. Conceptual objects
CLM_PDF010_Q05_006,Policy and institutional implications,PDF010,PDF010_Q05,variables_parameters,validated_paraphrase,3. Conceptual objects
CLM_PDF010_Q05_007,Definitions and conceptual separations,PDF010,PDF010_Q05,variables_parameters,validated_paraphrase,3. Conceptual objects
CLM_PDF010_Q05_007,Growth and capital-formation mechanisms,PDF010,PDF010_Q05,variables_parameters,validated_paraphrase,3. Conceptual objects
CLM_PDF010_Q05_007,"Credit, leverage, collateral, and monetary policy",PDF010,PDF010_Q05,variables_parameters,validated_paraphrase,3. Conceptual objects
CLM_PDF010_Q05_007,Debt rollover and dynamic efficiency,PDF010,PDF010_Q05,variables_parameters,validated_paraphrase,3. Conceptual objects
CLM_PDF010_Q06_001,Definitions and conceptual separations,PDF010,PDF010_Q06,variables_parameters,validated_paraphrase,3. Conceptual objects
CLM_PDF010_Q06_001,Growth and capital-formation mechanisms,PDF010,PDF010_Q06,variables_parameters,validated_paraphrase,3. Conceptual objects
CLM_PDF010_Q06_001,"Credit, leverage, collateral, and monetary policy",PDF010,PDF010_Q06,variables_parameters,validated_paraphrase,3. Conceptual objects
CLM_PDF010_Q06_001,Debt rollover and dynamic efficiency,PDF010,PDF010_Q06,variables_parameters,validated_paraphrase,3. Conceptual objects
CLM_PDF010_Q06_002,Definitions and conceptual separations,PDF010,PDF010_Q06,variables_parameters,validated_paraphrase,3. Conceptual objects
CLM_PDF010_Q06_002,Growth and capital-formation mechanisms,PDF010,PDF010_Q06,variables_parameters,validated_paraphrase,3. Conceptual objects
CLM_PDF010_Q06_002,"Credit, leverage, collateral, and monetary policy",PDF010,PDF010_Q06,variables_parameters,validated_paraphrase,3. Conceptual objects
CLM_PDF010_Q06_002,Debt rollover and dynamic efficiency,PDF010,PDF010_Q06,variables_parameters,validated_paraphrase,3. Conceptual objects
CLM_PDF010_Q06_003,Definitions and conceptual separations,PDF010,PDF010_Q06,variables_parameters,validated_paraphrase,3. Conceptual objects
CLM_PDF010_Q06_003,Debt rollover and dynamic efficiency,PDF010,PDF010_Q06,variables_parameters,validated_paraphrase,3. Conceptual objects
CLM_PDF010_Q06_003,Critical adaptation to urban land-rent financialization in Latin America,PDF010,PDF010_Q06,variables_parameters,validated_paraphrase,3. Conceptual objects
CLM_PDF010_Q06_004,Definitions and conceptual separations,PDF010,PDF010_Q06,mechanism,validated_paraphrase,5. Mechanism II
CLM_PDF010_Q06_004,Growth and capital-formation mechanisms,PDF010,PDF010_Q06,mechanism,validated_paraphrase,5. Mechanism II
CLM_PDF010_Q06_004,"Credit, leverage, collateral, and monetary policy",PDF010,PDF010_Q06,mechanism,validated_paraphrase,5. Mechanism II
CLM_PDF010_Q06_004,Unbalanced growth and overvaluation,PDF010,PDF010_Q06,mechanism,validated_paraphrase,5. Mechanism II
CLM_PDF010_Q06_004,Debt rollover and dynamic efficiency,PDF010,PDF010_Q06,mechanism,validated_paraphrase,5. Mechanism II
CLM_PDF010_Q06_005,Growth and capital-formation mechanisms,PDF010,PDF010_Q06,variables_parameters,validated_paraphrase,5. Mechanism II
CLM_PDF010_Q06_005,"Credit, leverage, collateral, and monetary policy",PDF010,PDF010_Q06,variables_parameters,validated_paraphrase,5. Mechanism II
CLM_PDF010_Q06_005,Debt rollover and dynamic efficiency,PDF010,PDF010_Q06,variables_parameters,validated_paraphrase,5. Mechanism II
CLM_PDF010_Q06_005,Policy and institutional implications,PDF010,PDF010_Q06,variables_parameters,validated_paraphrase,5. Mechanism II
CLM_PDF010_Q06_006,Definitions and conceptual separations,PDF010,PDF010_Q06,mechanism,validated_paraphrase,3. Conceptual objects
CLM_PDF010_Q06_006,Debt rollover and dynamic efficiency,PDF010,PDF010_Q06,mechanism,validated_paraphrase,3. Conceptual objects
CLM_PDF010_Q06_006,Critical adaptation to urban land-rent financialization in Latin America,PDF010,PDF010_Q06,mechanism,validated_paraphrase,3. Conceptual objects
CLM_PDF010_Q06_007,Definitions and conceptual separations,PDF010,PDF010_Q06,variables_parameters,validated_paraphrase,3. Conceptual objects
CLM_PDF010_Q06_007,Growth and capital-formation mechanisms,PDF010,PDF010_Q06,variables_parameters,validated_paraphrase,3. Conceptual objects
CLM_PDF010_Q06_007,"Credit, leverage, collateral, and monetary policy",PDF010,PDF010_Q06,variables_parameters,validated_paraphrase,3. Conceptual objects
CLM_PDF010_Q06_007,Debt rollover and dynamic efficiency,PDF010,PDF010_Q06,variables_parameters,validated_paraphrase,3. Conceptual objects
CLM_PDF010_Q07_001,Definitions and conceptual separations,PDF010,PDF010_Q07,causality,validated_paraphrase,3. Conceptual objects
CLM_PDF010_Q07_001,Asset-price and wealth-measurement claims,PDF010,PDF010_Q07,causality,validated_paraphrase,3. Conceptual objects
CLM_PDF010_Q07_001,Growth and capital-formation mechanisms,PDF010,PDF010_Q07,causality,validated_paraphrase,3. Conceptual objects
CLM_PDF010_Q07_001,"Credit, leverage, collateral, and monetary policy",PDF010,PDF010_Q07,causality,validated_paraphrase,3. Conceptual objects
CLM_PDF010_Q07_001,Debt rollover and dynamic efficiency,PDF010,PDF010_Q07,causality,validated_paraphrase,3. Conceptual objects
CLM_PDF010_Q07_002,Definitions and conceptual separations,PDF010,PDF010_Q07,causality,validated_paraphrase,3. Conceptual objects
CLM_PDF010_Q07_002,Asset-price and wealth-measurement claims,PDF010,PDF010_Q07,causality,validated_paraphrase,3. Conceptual objects
CLM_PDF010_Q07_002,Growth and capital-formation mechanisms,PDF010,PDF010_Q07,causality,validated_paraphrase,3. Conceptual objects
CLM_PDF010_Q07_002,"Credit, leverage, collateral, and monetary policy",PDF010,PDF010_Q07,causality,validated_paraphrase,3. Conceptual objects
CLM_PDF010_Q07_002,Debt rollover and dynamic efficiency,PDF010,PDF010_Q07,causality,validated_paraphrase,3. Conceptual objects
CLM_PDF010_Q07_003,Definitions and conceptual separations,PDF010,PDF010_Q07,theory_evidence,validated_paraphrase,3. Conceptual objects
CLM_PDF010_Q07_003,Debt rollover and dynamic efficiency,PDF010,PDF010_Q07,theory_evidence,validated_paraphrase,3. Conceptual objects
CLM_PDF010_Q07_003,Critical adaptation to urban land-rent financialization in Latin America,PDF010,PDF010_Q07,theory_evidence,validated_paraphrase,3. Conceptual objects
CLM_PDF010_Q07_004,Growth and capital-formation mechanisms,PDF010,PDF010_Q07,variables_parameters,validated_paraphrase,5. Mechanism II
CLM_PDF010_Q07_004,"Credit, leverage, collateral, and monetary policy",PDF010,PDF010_Q07,variables_parameters,validated_paraphrase,5. Mechanism II
CLM_PDF010_Q07_004,Debt rollover and dynamic efficiency,PDF010,PDF010_Q07,variables_parameters,validated_paraphrase,5. Mechanism II
CLM_PDF010_Q07_005,Definitions and conceptual separations,PDF010,PDF010_Q07,variables_parameters,validated_paraphrase,3. Conceptual objects
CLM_PDF010_Q07_005,Asset-price and wealth-measurement claims,PDF010,PDF010_Q07,variables_parameters,validated_paraphrase,3. Conceptual objects
CLM_PDF010_Q07_005,Growth and capital-formation mechanisms,PDF010,PDF010_Q07,variables_parameters,validated_paraphrase,3. Conceptual objects
CLM_PDF010_Q07_005,"Credit, leverage, collateral, and monetary policy",PDF010,PDF010_Q07,variables_parameters,validated_paraphrase,3. Conceptual objects
CLM_PDF010_Q07_005,Unbalanced growth and overvaluation,PDF010,PDF010_Q07,variables_parameters,validated_paraphrase,3. Conceptual objects
CLM_PDF010_Q07_005,Debt rollover and dynamic efficiency,PDF010,PDF010_Q07,variables_parameters,validated_paraphrase,3. Conceptual objects
CLM_PDF010_Q07_006,Definitions and conceptual separations,PDF010,PDF010_Q07,variables_parameters,validated_paraphrase,3. Conceptual objects
CLM_PDF010_Q07_006,Growth and capital-formation mechanisms,PDF010,PDF010_Q07,variables_parameters,validated_paraphrase,3. Conceptual objects
CLM_PDF010_Q07_006,"Credit, leverage, collateral, and monetary policy",PDF010,PDF010_Q07,variables_parameters,validated_paraphrase,3. Conceptual objects
CLM_PDF010_Q07_006,Debt rollover and dynamic efficiency,PDF010,PDF010_Q07,variables_parameters,validated_paraphrase,3. Conceptual objects
CLM_PDF010_Q07_007,Growth and capital-formation mechanisms,PDF010,PDF010_Q07,variables_parameters,validated_paraphrase,5. Mechanism II
CLM_PDF010_Q07_007,"Credit, leverage, collateral, and monetary policy",PDF010,PDF010_Q07,variables_parameters,validated_paraphrase,5. Mechanism II
CLM_PDF010_Q07_007,Debt rollover and dynamic efficiency,PDF010,PDF010_Q07,variables_parameters,validated_paraphrase,5. Mechanism II
CLM_PDF010_Q07_007,Policy and institutional implications,PDF010,PDF010_Q07,variables_parameters,validated_paraphrase,5. Mechanism II
CLM_PDF011_Q01_001,Definitions and conceptual separations,PDF011,PDF011_Q01,variables_parameters,validated_paraphrase,3. Conceptual objects
CLM_PDF011_Q01_001,Asset-price and wealth-measurement claims,PDF011,PDF011_Q01,variables_parameters,validated_paraphrase,3. Conceptual objects
CLM_PDF011_Q01_001,Growth and capital-formation mechanisms,PDF011,PDF011_Q01,variables_parameters,validated_paraphrase,3. Conceptual objects
CLM_PDF011_Q01_001,"Credit, leverage, collateral, and monetary policy",PDF011,PDF011_Q01,variables_parameters,validated_paraphrase,3. Conceptual objects
CLM_PDF011_Q01_001,Unbalanced growth and overvaluation,PDF011,PDF011_Q01,variables_parameters,validated_paraphrase,3. Conceptual objects
CLM_PDF011_Q01_001,Debt rollover and dynamic efficiency,PDF011,PDF011_Q01,variables_parameters,validated_paraphrase,3. Conceptual objects
CLM_PDF011_Q01_002,Definitions and conceptual separations,PDF011,PDF011_Q01,causality,validated_paraphrase,3. Conceptual objects
CLM_PDF011_Q01_002,Growth and capital-formation mechanisms,PDF011,PDF011_Q01,causality,validated_paraphrase,3. Conceptual objects
CLM_PDF011_Q01_002,"Credit, leverage, collateral, and monetary policy",PDF011,PDF011_Q01,causality,validated_paraphrase,3. Conceptual objects
CLM_PDF011_Q01_002,Debt rollover and dynamic efficiency,PDF011,PDF011_Q01,causality,validated_paraphrase,3. Conceptual objects
CLM_PDF011_Q01_003,Definitions and conceptual separations,PDF011,PDF011_Q01,variables_parameters,validated_paraphrase,3. Conceptual objects
CLM_PDF011_Q01_003,Asset-price and wealth-measurement claims,PDF011,PDF011_Q01,variables_parameters,validated_paraphrase,3. Conceptual objects
CLM_PDF011_Q01_003,Debt rollover and dynamic efficiency,PDF011,PDF011_Q01,variables_parameters,validated_paraphrase,3. Conceptual objects
CLM_PDF011_Q01_003,Critical adaptation to urban land-rent financialization in Latin America,PDF011,PDF011_Q01,variables_parameters,validated_paraphrase,3. Conceptual objects
CLM_PDF011_Q01_004,Definitions and conceptual separations,PDF011,PDF011_Q01,variables_parameters,validated_paraphrase,3. Conceptual objects
CLM_PDF011_Q01_004,Asset-price and wealth-measurement claims,PDF011,PDF011_Q01,variables_parameters,validated_paraphrase,3. Conceptual objects
CLM_PDF011_Q01_004,Growth and capital-formation mechanisms,PDF011,PDF011_Q01,variables_parameters,validated_paraphrase,3. Conceptual objects
CLM_PDF011_Q01_004,"Credit, leverage, collateral, and monetary policy",PDF011,PDF011_Q01,variables_parameters,validated_paraphrase,3. Conceptual objects
CLM_PDF011_Q01_004,Debt rollover and dynamic efficiency,PDF011,PDF011_Q01,variables_parameters,validated_paraphrase,3. Conceptual objects
CLM_PDF011_Q01_005,Definitions and conceptual separations,PDF011,PDF011_Q01,variables_parameters,validated_paraphrase,3. Conceptual objects
CLM_PDF011_Q01_005,Growth and capital-formation mechanisms,PDF011,PDF011_Q01,variables_parameters,validated_paraphrase,3. Conceptual objects
CLM_PDF011_Q01_005,"Credit, leverage, collateral, and monetary policy",PDF011,PDF011_Q01,variables_parameters,validated_paraphrase,3. Conceptual objects
CLM_PDF011_Q01_005,Debt rollover and dynamic efficiency,PDF011,PDF011_Q01,variables_parameters,validated_paraphrase,3. Conceptual objects
CLM_PDF011_Q01_006,Definitions and conceptual separations,PDF011,PDF011_Q01,variables_parameters,validated_paraphrase,3. Conceptual objects
CLM_PDF011_Q01_006,Asset-price and wealth-measurement claims,PDF011,PDF011_Q01,variables_parameters,validated_paraphrase,3. Conceptual objects
CLM_PDF011_Q01_006,Growth and capital-formation mechanisms,PDF011,PDF011_Q01,variables_parameters,validated_paraphrase,3. Conceptual objects
CLM_PDF011_Q01_006,"Credit, leverage, collateral, and monetary policy",PDF011,PDF011_Q01,variables_parameters,validated_paraphrase,3. Conceptual objects
CLM_PDF011_Q01_006,Debt rollover and dynamic efficiency,PDF011,PDF011_Q01,variables_parameters,validated_paraphrase,3. Conceptual objects
CLM_PDF011_Q01_007,Definitions and conceptual separations,PDF011,PDF011_Q01,mechanism,validated_paraphrase,3. Conceptual objects
CLM_PDF011_Q01_007,Asset-price and wealth-measurement claims,PDF011,PDF011_Q01,mechanism,validated_paraphrase,3. Conceptual objects
CLM_PDF011_Q01_007,Growth and capital-formation mechanisms,PDF011,PDF011_Q01,mechanism,validated_paraphrase,3. Conceptual objects
CLM_PDF011_Q01_007,"Credit, leverage, collateral, and monetary policy",PDF011,PDF011_Q01,mechanism,validated_paraphrase,3. Conceptual objects
CLM_PDF011_Q01_007,Unbalanced growth and overvaluation,PDF011,PDF011_Q01,mechanism,validated_paraphrase,3. Conceptual objects
CLM_PDF011_Q01_007,Debt rollover and dynamic efficiency,PDF011,PDF011_Q01,mechanism,validated_paraphrase,3. Conceptual objects
CLM_PDF011_Q02_001,Definitions and conceptual separations,PDF011,PDF011_Q02,causality,validated_paraphrase,3. Conceptual objects
CLM_PDF011_Q02_001,Asset-price and wealth-measurement claims,PDF011,PDF011_Q02,causality,validated_paraphrase,3. Conceptual objects
CLM_PDF011_Q02_001,Growth and capital-formation mechanisms,PDF011,PDF011_Q02,causality,validated_paraphrase,3. Conceptual objects
CLM_PDF011_Q02_001,"Credit, leverage, collateral, and monetary policy",PDF011,PDF011_Q02,causality,validated_paraphrase,3. Conceptual objects
CLM_PDF011_Q02_001,Unbalanced growth and overvaluation,PDF011,PDF011_Q02,causality,validated_paraphrase,3. Conceptual objects
CLM_PDF011_Q02_001,Debt rollover and dynamic efficiency,PDF011,PDF011_Q02,causality,validated_paraphrase,3. Conceptual objects
CLM_PDF011_Q02_002,Definitions and conceptual separations,PDF011,PDF011_Q02,definition,validated_paraphrase,3. Conceptual objects
CLM_PDF011_Q02_002,Asset-price and wealth-measurement claims,PDF011,PDF011_Q02,definition,validated_paraphrase,3. Conceptual objects
CLM_PDF011_Q02_002,Growth and capital-formation mechanisms,PDF011,PDF011_Q02,definition,validated_paraphrase,3. Conceptual objects
CLM_PDF011_Q02_002,"Credit, leverage, collateral, and monetary policy",PDF011,PDF011_Q02,definition,validated_paraphrase,3. Conceptual objects
CLM_PDF011_Q02_002,Debt rollover and dynamic efficiency,PDF011,PDF011_Q02,definition,validated_paraphrase,3. Conceptual objects
CLM_PDF011_Q02_003,Definitions and conceptual separations,PDF011,PDF011_Q02,variables_parameters,validated_paraphrase,3. Conceptual objects
CLM_PDF011_Q02_003,Asset-price and wealth-measurement claims,PDF011,PDF011_Q02,variables_parameters,validated_paraphrase,3. Conceptual objects
CLM_PDF011_Q02_003,Growth and capital-formation mechanisms,PDF011,PDF011_Q02,variables_parameters,validated_paraphrase,3. Conceptual objects
CLM_PDF011_Q02_003,Unbalanced growth and overvaluation,PDF011,PDF011_Q02,variables_parameters,validated_paraphrase,3. Conceptual objects
CLM_PDF011_Q02_003,Debt rollover and dynamic efficiency,PDF011,PDF011_Q02,variables_parameters,validated_paraphrase,3. Conceptual objects
CLM_PDF011_Q02_003,Critical adaptation to urban land-rent financialization in Latin America,PDF011,PDF011_Q02,variables_parameters,validated_paraphrase,3. Conceptual objects
CLM_PDF011_Q02_004,Definitions and conceptual separations,PDF011,PDF011_Q02,variables_parameters,validated_paraphrase,3. Conceptual objects
CLM_PDF011_Q02_004,Growth and capital-formation mechanisms,PDF011,PDF011_Q02,variables_parameters,validated_paraphrase,3. Conceptual objects
CLM_PDF011_Q02_004,"Credit, leverage, collateral, and monetary policy",PDF011,PDF011_Q02,variables_parameters,validated_paraphrase,3. Conceptual objects
CLM_PDF011_Q02_004,Debt rollover and dynamic efficiency,PDF011,PDF011_Q02,variables_parameters,validated_paraphrase,3. Conceptual objects
CLM_PDF011_Q02_005,Definitions and conceptual separations,PDF011,PDF011_Q02,variables_parameters,validated_paraphrase,3. Conceptual objects
CLM_PDF011_Q02_005,Asset-price and wealth-measurement claims,PDF011,PDF011_Q02,variables_parameters,validated_paraphrase,3. Conceptual objects
CLM_PDF011_Q02_005,Growth and capital-formation mechanisms,PDF011,PDF011_Q02,variables_parameters,validated_paraphrase,3. Conceptual objects
CLM_PDF011_Q02_005,"Credit, leverage, collateral, and monetary policy",PDF011,PDF011_Q02,variables_parameters,validated_paraphrase,3. Conceptual objects
CLM_PDF011_Q02_005,Unbalanced growth and overvaluation,PDF011,PDF011_Q02,variables_parameters,validated_paraphrase,3. Conceptual objects
CLM_PDF011_Q02_005,Debt rollover and dynamic efficiency,PDF011,PDF011_Q02,variables_parameters,validated_paraphrase,3. Conceptual objects
CLM_PDF011_Q02_006,Definitions and conceptual separations,PDF011,PDF011_Q02,variables_parameters,validated_paraphrase,3. Conceptual objects
CLM_PDF011_Q02_006,Asset-price and wealth-measurement claims,PDF011,PDF011_Q02,variables_parameters,validated_paraphrase,3. Conceptual objects
CLM_PDF011_Q02_006,Growth and capital-formation mechanisms,PDF011,PDF011_Q02,variables_parameters,validated_paraphrase,3. Conceptual objects
CLM_PDF011_Q02_006,"Credit, leverage, collateral, and monetary policy",PDF011,PDF011_Q02,variables_parameters,validated_paraphrase,3. Conceptual objects
CLM_PDF011_Q02_006,Unbalanced growth and overvaluation,PDF011,PDF011_Q02,variables_parameters,validated_paraphrase,3. Conceptual objects
CLM_PDF011_Q02_006,Debt rollover and dynamic efficiency,PDF011,PDF011_Q02,variables_parameters,validated_paraphrase,3. Conceptual objects
CLM_PDF011_Q02_007,Definitions and conceptual separations,PDF011,PDF011_Q02,variables_parameters,validated_paraphrase,3. Conceptual objects
CLM_PDF011_Q02_007,Asset-price and wealth-measurement claims,PDF011,PDF011_Q02,variables_parameters,validated_paraphrase,3. Conceptual objects
CLM_PDF011_Q02_007,Growth and capital-formation mechanisms,PDF011,PDF011_Q02,variables_parameters,validated_paraphrase,3. Conceptual objects
CLM_PDF011_Q02_007,"Credit, leverage, collateral, and monetary policy",PDF011,PDF011_Q02,variables_parameters,validated_paraphrase,3. Conceptual objects
CLM_PDF011_Q02_007,Debt rollover and dynamic efficiency,PDF011,PDF011_Q02,variables_parameters,validated_paraphrase,3. Conceptual objects
CLM_PDF011_Q03_001,Definitions and conceptual separations,PDF011,PDF011_Q03,variables_parameters,validated_paraphrase,3. Conceptual objects
CLM_PDF011_Q03_001,Asset-price and wealth-measurement claims,PDF011,PDF011_Q03,variables_parameters,validated_paraphrase,3. Conceptual objects
CLM_PDF011_Q03_001,Growth and capital-formation mechanisms,PDF011,PDF011_Q03,variables_parameters,validated_paraphrase,3. Conceptual objects
CLM_PDF011_Q03_001,"Credit, leverage, collateral, and monetary policy",PDF011,PDF011_Q03,variables_parameters,validated_paraphrase,3. Conceptual objects
CLM_PDF011_Q03_001,Unbalanced growth and overvaluation,PDF011,PDF011_Q03,variables_parameters,validated_paraphrase,3. Conceptual objects
CLM_PDF011_Q03_001,Debt rollover and dynamic efficiency,PDF011,PDF011_Q03,variables_parameters,validated_paraphrase,3. Conceptual objects
CLM_PDF011_Q03_002,Definitions and conceptual separations,PDF011,PDF011_Q03,variables_parameters,validated_paraphrase,9. Critical appraisal
CLM_PDF011_Q03_002,Growth and capital-formation mechanisms,PDF011,PDF011_Q03,variables_parameters,validated_paraphrase,9. Critical appraisal
CLM_PDF011_Q03_002,Unbalanced growth and overvaluation,PDF011,PDF011_Q03,variables_parameters,validated_paraphrase,9. Critical appraisal
CLM_PDF011_Q03_002,Debt rollover and dynamic efficiency,PDF011,PDF011_Q03,variables_parameters,validated_paraphrase,9. Critical appraisal
CLM_PDF011_Q03_002,Critical adaptation to urban land-rent financialization in Latin America,PDF011,PDF011_Q03,variables_parameters,validated_paraphrase,9. Critical appraisal
CLM_PDF011_Q03_003,Definitions and conceptual separations,PDF011,PDF011_Q03,mechanism,validated_paraphrase,1. Introduction
CLM_PDF011_Q03_003,Growth and capital-formation mechanisms,PDF011,PDF011_Q03,mechanism,validated_paraphrase,1. Introduction
CLM_PDF011_Q03_003,"Credit, leverage, collateral, and monetary policy",PDF011,PDF011_Q03,mechanism,validated_paraphrase,1. Introduction
CLM_PDF011_Q03_003,Unbalanced growth and overvaluation,PDF011,PDF011_Q03,mechanism,validated_paraphrase,1. Introduction
CLM_PDF011_Q03_003,Debt rollover and dynamic efficiency,PDF011,PDF011_Q03,mechanism,validated_paraphrase,1. Introduction
CLM_PDF011_Q03_004,Definitions and conceptual separations,PDF011,PDF011_Q03,variables_parameters,validated_paraphrase,3. Conceptual objects
CLM_PDF011_Q03_004,Asset-price and wealth-measurement claims,PDF011,PDF011_Q03,variables_parameters,validated_paraphrase,3. Conceptual objects
CLM_PDF011_Q03_004,Growth and capital-formation mechanisms,PDF011,PDF011_Q03,variables_parameters,validated_paraphrase,3. Conceptual objects
CLM_PDF011_Q03_004,"Credit, leverage, collateral, and monetary policy",PDF011,PDF011_Q03,variables_parameters,validated_paraphrase,3. Conceptual objects
CLM_PDF011_Q03_004,Unbalanced growth and overvaluation,PDF011,PDF011_Q03,variables_parameters,validated_paraphrase,3. Conceptual objects
CLM_PDF011_Q03_004,Debt rollover and dynamic efficiency,PDF011,PDF011_Q03,variables_parameters,validated_paraphrase,3. Conceptual objects
CLM_PDF011_Q03_004,Wobbly dynamics and endogenous instability,PDF011,PDF011_Q03,variables_parameters,validated_paraphrase,3. Conceptual objects
CLM_PDF011_Q03_005,Definitions and conceptual separations,PDF011,PDF011_Q03,variables_parameters,validated_paraphrase,1. Introduction
CLM_PDF011_Q03_005,Growth and capital-formation mechanisms,PDF011,PDF011_Q03,variables_parameters,validated_paraphrase,1. Introduction
CLM_PDF011_Q03_005,"Credit, leverage, collateral, and monetary policy",PDF011,PDF011_Q03,variables_parameters,validated_paraphrase,1. Introduction
CLM_PDF011_Q03_005,Unbalanced growth and overvaluation,PDF011,PDF011_Q03,variables_parameters,validated_paraphrase,1. Introduction
CLM_PDF011_Q03_005,Debt rollover and dynamic efficiency,PDF011,PDF011_Q03,variables_parameters,validated_paraphrase,1. Introduction
CLM_PDF011_Q03_006,Definitions and conceptual separations,PDF011,PDF011_Q03,mechanism,validated_paraphrase,3. Conceptual objects
CLM_PDF011_Q03_006,Asset-price and wealth-measurement claims,PDF011,PDF011_Q03,mechanism,validated_paraphrase,3. Conceptual objects
CLM_PDF011_Q03_006,Growth and capital-formation mechanisms,PDF011,PDF011_Q03,mechanism,validated_paraphrase,3. Conceptual objects
CLM_PDF011_Q03_006,Debt rollover and dynamic efficiency,PDF011,PDF011_Q03,mechanism,validated_paraphrase,3. Conceptual objects
CLM_PDF011_Q03_006,Critical adaptation to urban land-rent financialization in Latin America,PDF011,PDF011_Q03,mechanism,validated_paraphrase,3. Conceptual objects
CLM_PDF011_Q04_001,Definitions and conceptual separations,PDF011,PDF011_Q04,variables_parameters,validated_paraphrase,3. Conceptual objects
CLM_PDF011_Q04_001,Asset-price and wealth-measurement claims,PDF011,PDF011_Q04,variables_parameters,validated_paraphrase,3. Conceptual objects
CLM_PDF011_Q04_001,Growth and capital-formation mechanisms,PDF011,PDF011_Q04,variables_parameters,validated_paraphrase,3. Conceptual objects
CLM_PDF011_Q04_001,"Credit, leverage, collateral, and monetary policy",PDF011,PDF011_Q04,variables_parameters,validated_paraphrase,3. Conceptual objects
CLM_PDF011_Q04_001,Debt rollover and dynamic efficiency,PDF011,PDF011_Q04,variables_parameters,validated_paraphrase,3. Conceptual objects
CLM_PDF011_Q04_002,Definitions and conceptual separations,PDF011,PDF011_Q04,variables_parameters,validated_paraphrase,3. Conceptual objects
CLM_PDF011_Q04_002,Growth and capital-formation mechanisms,PDF011,PDF011_Q04,variables_parameters,validated_paraphrase,3. Conceptual objects
CLM_PDF011_Q04_002,"Credit, leverage, collateral, and monetary policy",PDF011,PDF011_Q04,variables_parameters,validated_paraphrase,3. Conceptual objects
CLM_PDF011_Q04_002,Debt rollover and dynamic efficiency,PDF011,PDF011_Q04,variables_parameters,validated_paraphrase,3. Conceptual objects
CLM_PDF011_Q04_003,Definitions and conceptual separations,PDF011,PDF011_Q04,variables_parameters,validated_paraphrase,3. Conceptual objects
CLM_PDF011_Q04_003,Asset-price and wealth-measurement claims,PDF011,PDF011_Q04,variables_parameters,validated_paraphrase,3. Conceptual objects
CLM_PDF011_Q04_003,Debt rollover and dynamic efficiency,PDF011,PDF011_Q04,variables_parameters,validated_paraphrase,3. Conceptual objects
CLM_PDF011_Q04_003,Critical adaptation to urban land-rent financialization in Latin America,PDF011,PDF011_Q04,variables_parameters,validated_paraphrase,3. Conceptual objects
CLM_PDF011_Q04_004,Definitions and conceptual separations,PDF011,PDF011_Q04,theory_evidence,validated_paraphrase,3. Conceptual objects
CLM_PDF011_Q04_004,Asset-price and wealth-measurement claims,PDF011,PDF011_Q04,theory_evidence,validated_paraphrase,3. Conceptual objects
CLM_PDF011_Q04_004,Growth and capital-formation mechanisms,PDF011,PDF011_Q04,theory_evidence,validated_paraphrase,3. Conceptual objects
CLM_PDF011_Q04_004,"Credit, leverage, collateral, and monetary policy",PDF011,PDF011_Q04,theory_evidence,validated_paraphrase,3. Conceptual objects
CLM_PDF011_Q04_004,Debt rollover and dynamic efficiency,PDF011,PDF011_Q04,theory_evidence,validated_paraphrase,3. Conceptual objects
CLM_PDF011_Q04_005,Definitions and conceptual separations,PDF011,PDF011_Q04,theory_evidence,validated_paraphrase,3. Conceptual objects
CLM_PDF011_Q04_005,Asset-price and wealth-measurement claims,PDF011,PDF011_Q04,theory_evidence,validated_paraphrase,3. Conceptual objects
CLM_PDF011_Q04_005,Growth and capital-formation mechanisms,PDF011,PDF011_Q04,theory_evidence,validated_paraphrase,3. Conceptual objects
CLM_PDF011_Q04_005,"Credit, leverage, collateral, and monetary policy",PDF011,PDF011_Q04,theory_evidence,validated_paraphrase,3. Conceptual objects
CLM_PDF011_Q04_005,Debt rollover and dynamic efficiency,PDF011,PDF011_Q04,theory_evidence,validated_paraphrase,3. Conceptual objects
CLM_PDF011_Q04_006,Definitions and conceptual separations,PDF011,PDF011_Q04,variables_parameters,validated_paraphrase,3. Conceptual objects
CLM_PDF011_Q04_006,Growth and capital-formation mechanisms,PDF011,PDF011_Q04,variables_parameters,validated_paraphrase,3. Conceptual objects
CLM_PDF011_Q04_006,"Credit, leverage, collateral, and monetary policy",PDF011,PDF011_Q04,variables_parameters,validated_paraphrase,3. Conceptual objects
CLM_PDF011_Q04_006,Debt rollover and dynamic efficiency,PDF011,PDF011_Q04,variables_parameters,validated_paraphrase,3. Conceptual objects
CLM_PDF011_Q04_007,Definitions and conceptual separations,PDF011,PDF011_Q04,causality,validated_paraphrase,3. Conceptual objects
CLM_PDF011_Q04_007,Asset-price and wealth-measurement claims,PDF011,PDF011_Q04,causality,validated_paraphrase,3. Conceptual objects
CLM_PDF011_Q04_007,Growth and capital-formation mechanisms,PDF011,PDF011_Q04,causality,validated_paraphrase,3. Conceptual objects
CLM_PDF011_Q04_007,"Credit, leverage, collateral, and monetary policy",PDF011,PDF011_Q04,causality,validated_paraphrase,3. Conceptual objects
CLM_PDF011_Q04_007,Unbalanced growth and overvaluation,PDF011,PDF011_Q04,causality,validated_paraphrase,3. Conceptual objects
CLM_PDF011_Q04_007,Debt rollover and dynamic efficiency,PDF011,PDF011_Q04,causality,validated_paraphrase,3. Conceptual objects
CLM_PDF011_Q05_001,Definitions and conceptual separations,PDF011,PDF011_Q05,definition,validated_paraphrase,3. Conceptual objects
CLM_PDF011_Q05_001,Asset-price and wealth-measurement claims,PDF011,PDF011_Q05,definition,validated_paraphrase,3. Conceptual objects
CLM_PDF011_Q05_001,Growth and capital-formation mechanisms,PDF011,PDF011_Q05,definition,validated_paraphrase,3. Conceptual objects
CLM_PDF011_Q05_001,"Credit, leverage, collateral, and monetary policy",PDF011,PDF011_Q05,definition,validated_paraphrase,3. Conceptual objects
CLM_PDF011_Q05_001,Debt rollover and dynamic efficiency,PDF011,PDF011_Q05,definition,validated_paraphrase,3. Conceptual objects
CLM_PDF011_Q05_002,Growth and capital-formation mechanisms,PDF011,PDF011_Q05,variables_parameters,validated_paraphrase,5. Mechanism II
CLM_PDF011_Q05_002,"Credit, leverage, collateral, and monetary policy",PDF011,PDF011_Q05,variables_parameters,validated_paraphrase,5. Mechanism II
CLM_PDF011_Q05_002,Debt rollover and dynamic efficiency,PDF011,PDF011_Q05,variables_parameters,validated_paraphrase,5. Mechanism II
CLM_PDF011_Q05_003,Definitions and conceptual separations,PDF011,PDF011_Q05,definition,validated_paraphrase,3. Conceptual objects
CLM_PDF011_Q05_003,Growth and capital-formation mechanisms,PDF011,PDF011_Q05,definition,validated_paraphrase,3. Conceptual objects
CLM_PDF011_Q05_003,"Credit, leverage, collateral, and monetary policy",PDF011,PDF011_Q05,definition,validated_paraphrase,3. Conceptual objects
CLM_PDF011_Q05_003,Debt rollover and dynamic efficiency,PDF011,PDF011_Q05,definition,validated_paraphrase,3. Conceptual objects
CLM_PDF011_Q05_003,Critical adaptation to urban land-rent financialization in Latin America,PDF011,PDF011_Q05,definition,validated_paraphrase,3. Conceptual objects
CLM_PDF011_Q05_004,Definitions and conceptual separations,PDF011,PDF011_Q05,variables_parameters,validated_paraphrase,3. Conceptual objects
CLM_PDF011_Q05_004,Growth and capital-formation mechanisms,PDF011,PDF011_Q05,variables_parameters,validated_paraphrase,3. Conceptual objects
CLM_PDF011_Q05_004,"Credit, leverage, collateral, and monetary policy",PDF011,PDF011_Q05,variables_parameters,validated_paraphrase,3. Conceptual objects
CLM_PDF011_Q05_004,Debt rollover and dynamic efficiency,PDF011,PDF011_Q05,variables_parameters,validated_paraphrase,3. Conceptual objects
CLM_PDF011_Q05_005,Growth and capital-formation mechanisms,PDF011,PDF011_Q05,mechanism,validated_paraphrase,5. Mechanism II
CLM_PDF011_Q05_005,"Credit, leverage, collateral, and monetary policy",PDF011,PDF011_Q05,mechanism,validated_paraphrase,5. Mechanism II
CLM_PDF011_Q05_005,Debt rollover and dynamic efficiency,PDF011,PDF011_Q05,mechanism,validated_paraphrase,5. Mechanism II
CLM_PDF011_Q05_006,Definitions and conceptual separations,PDF011,PDF011_Q05,causality,validated_paraphrase,3. Conceptual objects
CLM_PDF011_Q05_006,Asset-price and wealth-measurement claims,PDF011,PDF011_Q05,causality,validated_paraphrase,3. Conceptual objects
CLM_PDF011_Q05_006,Growth and capital-formation mechanisms,PDF011,PDF011_Q05,causality,validated_paraphrase,3. Conceptual objects
CLM_PDF011_Q05_006,"Credit, leverage, collateral, and monetary policy",PDF011,PDF011_Q05,causality,validated_paraphrase,3. Conceptual objects
CLM_PDF011_Q05_006,Debt rollover and dynamic efficiency,PDF011,PDF011_Q05,causality,validated_paraphrase,3. Conceptual objects
CLM_PDF011_Q05_006,Policy and institutional implications,PDF011,PDF011_Q05,causality,validated_paraphrase,3. Conceptual objects
CLM_PDF011_Q05_007,Definitions and conceptual separations,PDF011,PDF011_Q05,variables_parameters,validated_paraphrase,3. Conceptual objects
CLM_PDF011_Q05_007,Asset-price and wealth-measurement claims,PDF011,PDF011_Q05,variables_parameters,validated_paraphrase,3. Conceptual objects
CLM_PDF011_Q05_007,Growth and capital-formation mechanisms,PDF011,PDF011_Q05,variables_parameters,validated_paraphrase,3. Conceptual objects
CLM_PDF011_Q05_007,"Credit, leverage, collateral, and monetary policy",PDF011,PDF011_Q05,variables_parameters,validated_paraphrase,3. Conceptual objects
CLM_PDF011_Q05_007,Debt rollover and dynamic efficiency,PDF011,PDF011_Q05,variables_parameters,validated_paraphrase,3. Conceptual objects
CLM_PDF011_Q06_001,Definitions and conceptual separations,PDF011,PDF011_Q06,variables_parameters,validated_paraphrase,3. Conceptual objects
CLM_PDF011_Q06_001,Asset-price and wealth-measurement claims,PDF011,PDF011_Q06,variables_parameters,validated_paraphrase,3. Conceptual objects
CLM_PDF011_Q06_001,Growth and capital-formation mechanisms,PDF011,PDF011_Q06,variables_parameters,validated_paraphrase,3. Conceptual objects
CLM_PDF011_Q06_001,"Credit, leverage, collateral, and monetary policy",PDF011,PDF011_Q06,variables_parameters,validated_paraphrase,3. Conceptual objects
CLM_PDF011_Q06_001,Unbalanced growth and overvaluation,PDF011,PDF011_Q06,variables_parameters,validated_paraphrase,3. Conceptual objects
CLM_PDF011_Q06_001,Debt rollover and dynamic efficiency,PDF011,PDF011_Q06,variables_parameters,validated_paraphrase,3. Conceptual objects
CLM_PDF011_Q06_002,Definitions and conceptual separations,PDF011,PDF011_Q06,variables_parameters,validated_paraphrase,3. Conceptual objects
CLM_PDF011_Q06_002,Asset-price and wealth-measurement claims,PDF011,PDF011_Q06,variables_parameters,validated_paraphrase,3. Conceptual objects
CLM_PDF011_Q06_002,Growth and capital-formation mechanisms,PDF011,PDF011_Q06,variables_parameters,validated_paraphrase,3. Conceptual objects
CLM_PDF011_Q06_002,"Credit, leverage, collateral, and monetary policy",PDF011,PDF011_Q06,variables_parameters,validated_paraphrase,3. Conceptual objects
CLM_PDF011_Q06_002,Debt rollover and dynamic efficiency,PDF011,PDF011_Q06,variables_parameters,validated_paraphrase,3. Conceptual objects
CLM_PDF011_Q06_003,Definitions and conceptual separations,PDF011,PDF011_Q06,variables_parameters,validated_paraphrase,3. Conceptual objects
CLM_PDF011_Q06_003,Asset-price and wealth-measurement claims,PDF011,PDF011_Q06,variables_parameters,validated_paraphrase,3. Conceptual objects
CLM_PDF011_Q06_003,Debt rollover and dynamic efficiency,PDF011,PDF011_Q06,variables_parameters,validated_paraphrase,3. Conceptual objects
CLM_PDF011_Q06_003,Critical adaptation to urban land-rent financialization in Latin America,PDF011,PDF011_Q06,variables_parameters,validated_paraphrase,3. Conceptual objects
CLM_PDF011_Q06_004,Definitions and conceptual separations,PDF011,PDF011_Q06,mechanism,validated_paraphrase,3. Conceptual objects
CLM_PDF011_Q06_004,Asset-price and wealth-measurement claims,PDF011,PDF011_Q06,mechanism,validated_paraphrase,3. Conceptual objects
CLM_PDF011_Q06_004,Growth and capital-formation mechanisms,PDF011,PDF011_Q06,mechanism,validated_paraphrase,3. Conceptual objects
CLM_PDF011_Q06_004,"Credit, leverage, collateral, and monetary policy",PDF011,PDF011_Q06,mechanism,validated_paraphrase,3. Conceptual objects
CLM_PDF011_Q06_004,Debt rollover and dynamic efficiency,PDF011,PDF011_Q06,mechanism,validated_paraphrase,3. Conceptual objects
CLM_PDF011_Q06_005,Definitions and conceptual separations,PDF011,PDF011_Q06,causality,validated_paraphrase,3. Conceptual objects
CLM_PDF011_Q06_005,Asset-price and wealth-measurement claims,PDF011,PDF011_Q06,causality,validated_paraphrase,3. Conceptual objects
CLM_PDF011_Q06_005,Growth and capital-formation mechanisms,PDF011,PDF011_Q06,causality,validated_paraphrase,3. Conceptual objects
CLM_PDF011_Q06_005,"Credit, leverage, collateral, and monetary policy",PDF011,PDF011_Q06,causality,validated_paraphrase,3. Conceptual objects
CLM_PDF011_Q06_005,Debt rollover and dynamic efficiency,PDF011,PDF011_Q06,causality,validated_paraphrase,3. Conceptual objects
CLM_PDF011_Q06_006,Definitions and conceptual separations,PDF011,PDF011_Q06,variables_parameters,validated_paraphrase,3. Conceptual objects
CLM_PDF011_Q06_006,Growth and capital-formation mechanisms,PDF011,PDF011_Q06,variables_parameters,validated_paraphrase,3. Conceptual objects
CLM_PDF011_Q06_006,"Credit, leverage, collateral, and monetary policy",PDF011,PDF011_Q06,variables_parameters,validated_paraphrase,3. Conceptual objects
CLM_PDF011_Q06_006,Unbalanced growth and overvaluation,PDF011,PDF011_Q06,variables_parameters,validated_paraphrase,3. Conceptual objects
CLM_PDF011_Q06_006,Debt rollover and dynamic efficiency,PDF011,PDF011_Q06,variables_parameters,validated_paraphrase,3. Conceptual objects
CLM_PDF011_Q06_007,Definitions and conceptual separations,PDF011,PDF011_Q06,variables_parameters,validated_paraphrase,3. Conceptual objects
CLM_PDF011_Q06_007,Asset-price and wealth-measurement claims,PDF011,PDF011_Q06,variables_parameters,validated_paraphrase,3. Conceptual objects
CLM_PDF011_Q06_007,Growth and capital-formation mechanisms,PDF011,PDF011_Q06,variables_parameters,validated_paraphrase,3. Conceptual objects
CLM_PDF011_Q06_007,Unbalanced growth and overvaluation,PDF011,PDF011_Q06,variables_parameters,validated_paraphrase,3. Conceptual objects
CLM_PDF011_Q06_007,Debt rollover and dynamic efficiency,PDF011,PDF011_Q06,variables_parameters,validated_paraphrase,3. Conceptual objects
CLM_PDF011_Q07_001,Definitions and conceptual separations,PDF011,PDF011_Q07,variables_parameters,validated_paraphrase,3. Conceptual objects
CLM_PDF011_Q07_001,Asset-price and wealth-measurement claims,PDF011,PDF011_Q07,variables_parameters,validated_paraphrase,3. Conceptual objects
CLM_PDF011_Q07_001,Growth and capital-formation mechanisms,PDF011,PDF011_Q07,variables_parameters,validated_paraphrase,3. Conceptual objects
CLM_PDF011_Q07_001,"Credit, leverage, collateral, and monetary policy",PDF011,PDF011_Q07,variables_parameters,validated_paraphrase,3. Conceptual objects
CLM_PDF011_Q07_001,Unbalanced growth and overvaluation,PDF011,PDF011_Q07,variables_parameters,validated_paraphrase,3. Conceptual objects
CLM_PDF011_Q07_001,Debt rollover and dynamic efficiency,PDF011,PDF011_Q07,variables_parameters,validated_paraphrase,3. Conceptual objects
CLM_PDF011_Q07_002,Definitions and conceptual separations,PDF011,PDF011_Q07,variables_parameters,validated_paraphrase,3. Conceptual objects
CLM_PDF011_Q07_002,Debt rollover and dynamic efficiency,PDF011,PDF011_Q07,variables_parameters,validated_paraphrase,3. Conceptual objects
CLM_PDF011_Q07_002,Critical adaptation to urban land-rent financialization in Latin America,PDF011,PDF011_Q07,variables_parameters,validated_paraphrase,3. Conceptual objects
CLM_PDF011_Q07_003,Definitions and conceptual separations,PDF011,PDF011_Q07,variables_parameters,validated_paraphrase,1. Introduction
CLM_PDF011_Q07_003,Growth and capital-formation mechanisms,PDF011,PDF011_Q07,variables_parameters,validated_paraphrase,1. Introduction
CLM_PDF011_Q07_003,"Credit, leverage, collateral, and monetary policy",PDF011,PDF011_Q07,variables_parameters,validated_paraphrase,1. Introduction
CLM_PDF011_Q07_003,Unbalanced growth and overvaluation,PDF011,PDF011_Q07,variables_parameters,validated_paraphrase,1. Introduction
CLM_PDF011_Q07_003,Debt rollover and dynamic efficiency,PDF011,PDF011_Q07,variables_parameters,validated_paraphrase,1. Introduction
CLM_PDF011_Q07_004,Definitions and conceptual separations,PDF011,PDF011_Q07,variables_parameters,validated_paraphrase,5. Mechanism II
CLM_PDF011_Q07_004,Growth and capital-formation mechanisms,PDF011,PDF011_Q07,variables_parameters,validated_paraphrase,5. Mechanism II
CLM_PDF011_Q07_004,"Credit, leverage, collateral, and monetary policy",PDF011,PDF011_Q07,variables_parameters,validated_paraphrase,5. Mechanism II
CLM_PDF011_Q07_004,Unbalanced growth and overvaluation,PDF011,PDF011_Q07,variables_parameters,validated_paraphrase,5. Mechanism II
CLM_PDF011_Q07_004,Debt rollover and dynamic efficiency,PDF011,PDF011_Q07,variables_parameters,validated_paraphrase,5. Mechanism II
CLM_PDF011_Q07_004,Wobbly dynamics and endogenous instability,PDF011,PDF011_Q07,variables_parameters,validated_paraphrase,5. Mechanism II
CLM_PDF011_Q07_005,Definitions and conceptual separations,PDF011,PDF011_Q07,mechanism,validated_paraphrase,3. Conceptual objects
CLM_PDF011_Q07_005,Asset-price and wealth-measurement claims,PDF011,PDF011_Q07,mechanism,validated_paraphrase,3. Conceptual objects
CLM_PDF011_Q07_005,Growth and capital-formation mechanisms,PDF011,PDF011_Q07,mechanism,validated_paraphrase,3. Conceptual objects
CLM_PDF011_Q07_005,Unbalanced growth and overvaluation,PDF011,PDF011_Q07,mechanism,validated_paraphrase,3. Conceptual objects
CLM_PDF011_Q07_005,Debt rollover and dynamic efficiency,PDF011,PDF011_Q07,mechanism,validated_paraphrase,3. Conceptual objects
CLM_PDF011_Q07_005,Critical adaptation to urban land-rent financialization in Latin America,PDF011,PDF011_Q07,mechanism,validated_paraphrase,3. Conceptual objects
CLM_PDF011_Q07_006,Growth and capital-formation mechanisms,PDF011,PDF011_Q07,mechanism,validated_paraphrase,1. Introduction
CLM_PDF011_Q07_006,"Credit, leverage, collateral, and monetary policy",PDF011,PDF011_Q07,mechanism,validated_paraphrase,1. Introduction
CLM_PDF011_Q07_006,Debt rollover and dynamic efficiency,PDF011,PDF011_Q07,mechanism,validated_paraphrase,1. Introduction
CLM_PDF012_Q01_001,Definitions and conceptual separations,PDF012,PDF012_Q01,variables_parameters,validated_paraphrase,1. Introduction
CLM_PDF012_Q01_001,Growth and capital-formation mechanisms,PDF012,PDF012_Q01,variables_parameters,validated_paraphrase,1. Introduction
CLM_PDF012_Q01_001,"Credit, leverage, collateral, and monetary policy",PDF012,PDF012_Q01,variables_parameters,validated_paraphrase,1. Introduction
CLM_PDF012_Q01_001,Unbalanced growth and overvaluation,PDF012,PDF012_Q01,variables_parameters,validated_paraphrase,1. Introduction
CLM_PDF012_Q01_001,Debt rollover and dynamic efficiency,PDF012,PDF012_Q01,variables_parameters,validated_paraphrase,1. Introduction
CLM_PDF012_Q01_001,Wobbly dynamics and endogenous instability,PDF012,PDF012_Q01,variables_parameters,validated_paraphrase,1. Introduction
CLM_PDF012_Q01_002,Definitions and conceptual separations,PDF012,PDF012_Q01,variables_parameters,validated_paraphrase,1. Introduction
CLM_PDF012_Q01_002,Growth and capital-formation mechanisms,PDF012,PDF012_Q01,variables_parameters,validated_paraphrase,1. Introduction
CLM_PDF012_Q01_002,"Credit, leverage, collateral, and monetary policy",PDF012,PDF012_Q01,variables_parameters,validated_paraphrase,1. Introduction
CLM_PDF012_Q01_002,Unbalanced growth and overvaluation,PDF012,PDF012_Q01,variables_parameters,validated_paraphrase,1. Introduction
CLM_PDF012_Q01_002,Debt rollover and dynamic efficiency,PDF012,PDF012_Q01,variables_parameters,validated_paraphrase,1. Introduction
CLM_PDF012_Q01_002,Wobbly dynamics and endogenous instability,PDF012,PDF012_Q01,variables_parameters,validated_paraphrase,1. Introduction
CLM_PDF012_Q01_003,Definitions and conceptual separations,PDF012,PDF012_Q01,theory_evidence,validated_paraphrase,9. Critical appraisal
CLM_PDF012_Q01_003,"Credit, leverage, collateral, and monetary policy",PDF012,PDF012_Q01,theory_evidence,validated_paraphrase,9. Critical appraisal
CLM_PDF012_Q01_003,Unbalanced growth and overvaluation,PDF012,PDF012_Q01,theory_evidence,validated_paraphrase,9. Critical appraisal
CLM_PDF012_Q01_003,Debt rollover and dynamic efficiency,PDF012,PDF012_Q01,theory_evidence,validated_paraphrase,9. Critical appraisal
CLM_PDF012_Q01_003,Critical adaptation to urban land-rent financialization in Latin America,PDF012,PDF012_Q01,theory_evidence,validated_paraphrase,9. Critical appraisal
CLM_PDF012_Q01_004,Definitions and conceptual separations,PDF012,PDF012_Q01,causality,validated_paraphrase,1. Introduction
CLM_PDF012_Q01_004,Growth and capital-formation mechanisms,PDF012,PDF012_Q01,causality,validated_paraphrase,1. Introduction
CLM_PDF012_Q01_004,"Credit, leverage, collateral, and monetary policy",PDF012,PDF012_Q01,causality,validated_paraphrase,1. Introduction
CLM_PDF012_Q01_004,Unbalanced growth and overvaluation,PDF012,PDF012_Q01,causality,validated_paraphrase,1. Introduction
CLM_PDF012_Q01_004,Debt rollover and dynamic efficiency,PDF012,PDF012_Q01,causality,validated_paraphrase,1. Introduction
CLM_PDF012_Q01_004,Wobbly dynamics and endogenous instability,PDF012,PDF012_Q01,causality,validated_paraphrase,1. Introduction
CLM_PDF012_Q01_005,Definitions and conceptual separations,PDF012,PDF012_Q01,theory_evidence,validated_paraphrase,1. Introduction
CLM_PDF012_Q01_005,Growth and capital-formation mechanisms,PDF012,PDF012_Q01,theory_evidence,validated_paraphrase,1. Introduction
CLM_PDF012_Q01_005,"Credit, leverage, collateral, and monetary policy",PDF012,PDF012_Q01,theory_evidence,validated_paraphrase,1. Introduction
CLM_PDF012_Q01_005,Unbalanced growth and overvaluation,PDF012,PDF012_Q01,theory_evidence,validated_paraphrase,1. Introduction
CLM_PDF012_Q01_005,Debt rollover and dynamic efficiency,PDF012,PDF012_Q01,theory_evidence,validated_paraphrase,1. Introduction
CLM_PDF012_Q01_006,Definitions and conceptual separations,PDF012,PDF012_Q01,variables_parameters,validated_paraphrase,1. Introduction
CLM_PDF012_Q01_006,Growth and capital-formation mechanisms,PDF012,PDF012_Q01,variables_parameters,validated_paraphrase,1. Introduction
CLM_PDF012_Q01_006,"Credit, leverage, collateral, and monetary policy",PDF012,PDF012_Q01,variables_parameters,validated_paraphrase,1. Introduction
CLM_PDF012_Q01_006,Unbalanced growth and overvaluation,PDF012,PDF012_Q01,variables_parameters,validated_paraphrase,1. Introduction
CLM_PDF012_Q01_006,Debt rollover and dynamic efficiency,PDF012,PDF012_Q01,variables_parameters,validated_paraphrase,1. Introduction
CLM_PDF012_Q01_007,Growth and capital-formation mechanisms,PDF012,PDF012_Q01,causality,validated_paraphrase,1. Introduction
CLM_PDF012_Q01_007,"Credit, leverage, collateral, and monetary policy",PDF012,PDF012_Q01,causality,validated_paraphrase,1. Introduction
CLM_PDF012_Q01_007,Debt rollover and dynamic efficiency,PDF012,PDF012_Q01,causality,validated_paraphrase,1. Introduction
CLM_PDF012_Q01_007,Wobbly dynamics and endogenous instability,PDF012,PDF012_Q01,causality,validated_paraphrase,1. Introduction
CLM_PDF012_Q02_001,Definitions and conceptual separations,PDF012,PDF012_Q02,causality,validated_paraphrase,1. Introduction
CLM_PDF012_Q02_001,Growth and capital-formation mechanisms,PDF012,PDF012_Q02,causality,validated_paraphrase,1. Introduction
CLM_PDF012_Q02_001,"Credit, leverage, collateral, and monetary policy",PDF012,PDF012_Q02,causality,validated_paraphrase,1. Introduction
CLM_PDF012_Q02_001,Unbalanced growth and overvaluation,PDF012,PDF012_Q02,causality,validated_paraphrase,1. Introduction
CLM_PDF012_Q02_001,Debt rollover and dynamic efficiency,PDF012,PDF012_Q02,causality,validated_paraphrase,1. Introduction
CLM_PDF012_Q02_001,Wobbly dynamics and endogenous instability,PDF012,PDF012_Q02,causality,validated_paraphrase,1. Introduction
CLM_PDF012_Q02_002,Definitions and conceptual separations,PDF012,PDF012_Q02,variables_parameters,validated_paraphrase,1. Introduction
CLM_PDF012_Q02_002,Growth and capital-formation mechanisms,PDF012,PDF012_Q02,variables_parameters,validated_paraphrase,1. Introduction
CLM_PDF012_Q02_002,"Credit, leverage, collateral, and monetary policy",PDF012,PDF012_Q02,variables_parameters,validated_paraphrase,1. Introduction
CLM_PDF012_Q02_002,Unbalanced growth and overvaluation,PDF012,PDF012_Q02,variables_parameters,validated_paraphrase,1. Introduction
CLM_PDF012_Q02_002,Debt rollover and dynamic efficiency,PDF012,PDF012_Q02,variables_parameters,validated_paraphrase,1. Introduction
CLM_PDF012_Q02_002,Wobbly dynamics and endogenous instability,PDF012,PDF012_Q02,variables_parameters,validated_paraphrase,1. Introduction
CLM_PDF012_Q02_003,Definitions and conceptual separations,PDF012,PDF012_Q02,variables_parameters,validated_paraphrase,9. Critical appraisal
CLM_PDF012_Q02_003,Growth and capital-formation mechanisms,PDF012,PDF012_Q02,variables_parameters,validated_paraphrase,9. Critical appraisal
CLM_PDF012_Q02_003,Unbalanced growth and overvaluation,PDF012,PDF012_Q02,variables_parameters,validated_paraphrase,9. Critical appraisal
CLM_PDF012_Q02_003,Debt rollover and dynamic efficiency,PDF012,PDF012_Q02,variables_parameters,validated_paraphrase,9. Critical appraisal
CLM_PDF012_Q02_003,Critical adaptation to urban land-rent financialization in Latin America,PDF012,PDF012_Q02,variables_parameters,validated_paraphrase,9. Critical appraisal
CLM_PDF012_Q02_004,Growth and capital-formation mechanisms,PDF012,PDF012_Q02,variables_parameters,validated_paraphrase,1. Introduction
CLM_PDF012_Q02_004,"Credit, leverage, collateral, and monetary policy",PDF012,PDF012_Q02,variables_parameters,validated_paraphrase,1. Introduction
CLM_PDF012_Q02_004,Debt rollover and dynamic efficiency,PDF012,PDF012_Q02,variables_parameters,validated_paraphrase,1. Introduction
CLM_PDF012_Q02_004,Wobbly dynamics and endogenous instability,PDF012,PDF012_Q02,variables_parameters,validated_paraphrase,1. Introduction
CLM_PDF012_Q02_005,Definitions and conceptual separations,PDF012,PDF012_Q02,theory_evidence,validated_paraphrase,1. Introduction
CLM_PDF012_Q02_005,Growth and capital-formation mechanisms,PDF012,PDF012_Q02,theory_evidence,validated_paraphrase,1. Introduction
CLM_PDF012_Q02_005,"Credit, leverage, collateral, and monetary policy",PDF012,PDF012_Q02,theory_evidence,validated_paraphrase,1. Introduction
CLM_PDF012_Q02_005,Unbalanced growth and overvaluation,PDF012,PDF012_Q02,theory_evidence,validated_paraphrase,1. Introduction
CLM_PDF012_Q02_005,Debt rollover and dynamic efficiency,PDF012,PDF012_Q02,theory_evidence,validated_paraphrase,1. Introduction
CLM_PDF012_Q02_005,Wobbly dynamics and endogenous instability,PDF012,PDF012_Q02,theory_evidence,validated_paraphrase,1. Introduction
CLM_PDF012_Q02_006,Definitions and conceptual separations,PDF012,PDF012_Q02,variables_parameters,validated_paraphrase,1. Introduction
CLM_PDF012_Q02_006,Growth and capital-formation mechanisms,PDF012,PDF012_Q02,variables_parameters,validated_paraphrase,1. Introduction
CLM_PDF012_Q02_006,"Credit, leverage, collateral, and monetary policy",PDF012,PDF012_Q02,variables_parameters,validated_paraphrase,1. Introduction
CLM_PDF012_Q02_006,Unbalanced growth and overvaluation,PDF012,PDF012_Q02,variables_parameters,validated_paraphrase,1. Introduction
CLM_PDF012_Q02_006,Debt rollover and dynamic efficiency,PDF012,PDF012_Q02,variables_parameters,validated_paraphrase,1. Introduction
CLM_PDF012_Q02_007,Definitions and conceptual separations,PDF012,PDF012_Q02,variables_parameters,validated_paraphrase,1. Introduction
CLM_PDF012_Q02_007,Growth and capital-formation mechanisms,PDF012,PDF012_Q02,variables_parameters,validated_paraphrase,1. Introduction
CLM_PDF012_Q02_007,"Credit, leverage, collateral, and monetary policy",PDF012,PDF012_Q02,variables_parameters,validated_paraphrase,1. Introduction
CLM_PDF012_Q02_007,Unbalanced growth and overvaluation,PDF012,PDF012_Q02,variables_parameters,validated_paraphrase,1. Introduction
CLM_PDF012_Q02_007,Debt rollover and dynamic efficiency,PDF012,PDF012_Q02,variables_parameters,validated_paraphrase,1. Introduction
CLM_PDF012_Q02_007,Wobbly dynamics and endogenous instability,PDF012,PDF012_Q02,variables_parameters,validated_paraphrase,1. Introduction
CLM_PDF012_Q03_001,Definitions and conceptual separations,PDF012,PDF012_Q03,causality,validated_paraphrase,1. Introduction
CLM_PDF012_Q03_001,Growth and capital-formation mechanisms,PDF012,PDF012_Q03,causality,validated_paraphrase,1. Introduction
CLM_PDF012_Q03_001,"Credit, leverage, collateral, and monetary policy",PDF012,PDF012_Q03,causality,validated_paraphrase,1. Introduction
CLM_PDF012_Q03_001,Unbalanced growth and overvaluation,PDF012,PDF012_Q03,causality,validated_paraphrase,1. Introduction
CLM_PDF012_Q03_001,Debt rollover and dynamic efficiency,PDF012,PDF012_Q03,causality,validated_paraphrase,1. Introduction
CLM_PDF012_Q03_001,Wobbly dynamics and endogenous instability,PDF012,PDF012_Q03,causality,validated_paraphrase,1. Introduction
CLM_PDF012_Q03_002,Definitions and conceptual separations,PDF012,PDF012_Q03,variables_parameters,validated_paraphrase,1. Introduction
CLM_PDF012_Q03_002,Growth and capital-formation mechanisms,PDF012,PDF012_Q03,variables_parameters,validated_paraphrase,1. Introduction
CLM_PDF012_Q03_002,"Credit, leverage, collateral, and monetary policy",PDF012,PDF012_Q03,variables_parameters,validated_paraphrase,1. Introduction
CLM_PDF012_Q03_002,Unbalanced growth and overvaluation,PDF012,PDF012_Q03,variables_parameters,validated_paraphrase,1. Introduction
CLM_PDF012_Q03_002,Debt rollover and dynamic efficiency,PDF012,PDF012_Q03,variables_parameters,validated_paraphrase,1. Introduction
CLM_PDF012_Q03_002,Wobbly dynamics and endogenous instability,PDF012,PDF012_Q03,variables_parameters,validated_paraphrase,1. Introduction
CLM_PDF012_Q03_003,Definitions and conceptual separations,PDF012,PDF012_Q03,variables_parameters,validated_paraphrase,9. Critical appraisal
CLM_PDF012_Q03_003,Growth and capital-formation mechanisms,PDF012,PDF012_Q03,variables_parameters,validated_paraphrase,9. Critical appraisal
CLM_PDF012_Q03_003,Unbalanced growth and overvaluation,PDF012,PDF012_Q03,variables_parameters,validated_paraphrase,9. Critical appraisal
CLM_PDF012_Q03_003,Debt rollover and dynamic efficiency,PDF012,PDF012_Q03,variables_parameters,validated_paraphrase,9. Critical appraisal
CLM_PDF012_Q03_003,Critical adaptation to urban land-rent financialization in Latin America,PDF012,PDF012_Q03,variables_parameters,validated_paraphrase,9. Critical appraisal
CLM_PDF012_Q03_004,Definitions and conceptual separations,PDF012,PDF012_Q03,variables_parameters,validated_paraphrase,1. Introduction
CLM_PDF012_Q03_004,Growth and capital-formation mechanisms,PDF012,PDF012_Q03,variables_parameters,validated_paraphrase,1. Introduction
CLM_PDF012_Q03_004,"Credit, leverage, collateral, and monetary policy",PDF012,PDF012_Q03,variables_parameters,validated_paraphrase,1. Introduction
CLM_PDF012_Q03_004,Unbalanced growth and overvaluation,PDF012,PDF012_Q03,variables_parameters,validated_paraphrase,1. Introduction
CLM_PDF012_Q03_004,Debt rollover and dynamic efficiency,PDF012,PDF012_Q03,variables_parameters,validated_paraphrase,1. Introduction
CLM_PDF012_Q03_004,Wobbly dynamics and endogenous instability,PDF012,PDF012_Q03,variables_parameters,validated_paraphrase,1. Introduction
CLM_PDF012_Q03_005,Definitions and conceptual separations,PDF012,PDF012_Q03,mechanism,validated_paraphrase,1. Introduction
CLM_PDF012_Q03_005,Growth and capital-formation mechanisms,PDF012,PDF012_Q03,mechanism,validated_paraphrase,1. Introduction
CLM_PDF012_Q03_005,"Credit, leverage, collateral, and monetary policy",PDF012,PDF012_Q03,mechanism,validated_paraphrase,1. Introduction
CLM_PDF012_Q03_005,Unbalanced growth and overvaluation,PDF012,PDF012_Q03,mechanism,validated_paraphrase,1. Introduction
CLM_PDF012_Q03_005,Debt rollover and dynamic efficiency,PDF012,PDF012_Q03,mechanism,validated_paraphrase,1. Introduction
CLM_PDF012_Q03_006,Definitions and conceptual separations,PDF012,PDF012_Q03,causality,validated_paraphrase,1. Introduction
CLM_PDF012_Q03_006,Growth and capital-formation mechanisms,PDF012,PDF012_Q03,causality,validated_paraphrase,1. Introduction
CLM_PDF012_Q03_006,"Credit, leverage, collateral, and monetary policy",PDF012,PDF012_Q03,causality,validated_paraphrase,1. Introduction
CLM_PDF012_Q03_006,Unbalanced growth and overvaluation,PDF012,PDF012_Q03,causality,validated_paraphrase,1. Introduction
CLM_PDF012_Q03_006,Debt rollover and dynamic efficiency,PDF012,PDF012_Q03,causality,validated_paraphrase,1. Introduction
CLM_PDF012_Q03_007,Growth and capital-formation mechanisms,PDF012,PDF012_Q03,causality,validated_paraphrase,1. Introduction
CLM_PDF012_Q03_007,"Credit, leverage, collateral, and monetary policy",PDF012,PDF012_Q03,causality,validated_paraphrase,1. Introduction
CLM_PDF012_Q03_007,Debt rollover and dynamic efficiency,PDF012,PDF012_Q03,causality,validated_paraphrase,1. Introduction
CLM_PDF012_Q03_007,Wobbly dynamics and endogenous instability,PDF012,PDF012_Q03,causality,validated_paraphrase,1. Introduction
CLM_PDF012_Q04_001,Growth and capital-formation mechanisms,PDF012,PDF012_Q04,variables_parameters,validated_paraphrase,1. Introduction
CLM_PDF012_Q04_001,"Credit, leverage, collateral, and monetary policy",PDF012,PDF012_Q04,variables_parameters,validated_paraphrase,1. Introduction
CLM_PDF012_Q04_001,Unbalanced growth and overvaluation,PDF012,PDF012_Q04,variables_parameters,validated_paraphrase,1. Introduction
CLM_PDF012_Q04_001,Debt rollover and dynamic efficiency,PDF012,PDF012_Q04,variables_parameters,validated_paraphrase,1. Introduction
CLM_PDF012_Q04_001,Wobbly dynamics and endogenous instability,PDF012,PDF012_Q04,variables_parameters,validated_paraphrase,1. Introduction
CLM_PDF012_Q04_002,Growth and capital-formation mechanisms,PDF012,PDF012_Q04,causality,validated_paraphrase,1. Introduction
CLM_PDF012_Q04_002,"Credit, leverage, collateral, and monetary policy",PDF012,PDF012_Q04,causality,validated_paraphrase,1. Introduction
CLM_PDF012_Q04_002,Debt rollover and dynamic efficiency,PDF012,PDF012_Q04,causality,validated_paraphrase,1. Introduction
CLM_PDF012_Q04_002,Wobbly dynamics and endogenous instability,PDF012,PDF012_Q04,causality,validated_paraphrase,1. Introduction
CLM_PDF012_Q04_003,Debt rollover and dynamic efficiency,PDF012,PDF012_Q04,variables_parameters,validated_paraphrase,9. Critical appraisal
CLM_PDF012_Q04_003,Critical adaptation to urban land-rent financialization in Latin America,PDF012,PDF012_Q04,variables_parameters,validated_paraphrase,9. Critical appraisal
CLM_PDF012_Q04_004,Growth and capital-formation mechanisms,PDF012,PDF012_Q04,variables_parameters,validated_paraphrase,1. Introduction
CLM_PDF012_Q04_004,"Credit, leverage, collateral, and monetary policy",PDF012,PDF012_Q04,variables_parameters,validated_paraphrase,1. Introduction
CLM_PDF012_Q04_004,Debt rollover and dynamic efficiency,PDF012,PDF012_Q04,variables_parameters,validated_paraphrase,1. Introduction
CLM_PDF012_Q04_005,Growth and capital-formation mechanisms,PDF012,PDF012_Q04,mechanism,validated_paraphrase,1. Introduction
CLM_PDF012_Q04_005,"Credit, leverage, collateral, and monetary policy",PDF012,PDF012_Q04,mechanism,validated_paraphrase,1. Introduction
CLM_PDF012_Q04_005,Debt rollover and dynamic efficiency,PDF012,PDF012_Q04,mechanism,validated_paraphrase,1. Introduction
CLM_PDF012_Q04_006,Growth and capital-formation mechanisms,PDF012,PDF012_Q04,causality,validated_paraphrase,1. Introduction
CLM_PDF012_Q04_006,"Credit, leverage, collateral, and monetary policy",PDF012,PDF012_Q04,causality,validated_paraphrase,1. Introduction
CLM_PDF012_Q04_006,Debt rollover and dynamic efficiency,PDF012,PDF012_Q04,causality,validated_paraphrase,1. Introduction
CLM_PDF012_Q04_007,Definitions and conceptual separations,PDF012,PDF012_Q04,mechanism,validated_paraphrase,1. Introduction
CLM_PDF012_Q04_007,Growth and capital-formation mechanisms,PDF012,PDF012_Q04,mechanism,validated_paraphrase,1. Introduction
CLM_PDF012_Q04_007,"Credit, leverage, collateral, and monetary policy",PDF012,PDF012_Q04,mechanism,validated_paraphrase,1. Introduction
CLM_PDF012_Q04_007,Unbalanced growth and overvaluation,PDF012,PDF012_Q04,mechanism,validated_paraphrase,1. Introduction
CLM_PDF012_Q04_007,Debt rollover and dynamic efficiency,PDF012,PDF012_Q04,mechanism,validated_paraphrase,1. Introduction
CLM_PDF012_Q04_007,Wobbly dynamics and endogenous instability,PDF012,PDF012_Q04,mechanism,validated_paraphrase,1. Introduction
CLM_PDF012_Q05_001,Definitions and conceptual separations,PDF012,PDF012_Q05,variables_parameters,validated_paraphrase,1. Introduction
CLM_PDF012_Q05_001,Growth and capital-formation mechanisms,PDF012,PDF012_Q05,variables_parameters,validated_paraphrase,1. Introduction
CLM_PDF012_Q05_001,"Credit, leverage, collateral, and monetary policy",PDF012,PDF012_Q05,variables_parameters,validated_paraphrase,1. Introduction
CLM_PDF012_Q05_001,Unbalanced growth and overvaluation,PDF012,PDF012_Q05,variables_parameters,validated_paraphrase,1. Introduction
CLM_PDF012_Q05_001,Debt rollover and dynamic efficiency,PDF012,PDF012_Q05,variables_parameters,validated_paraphrase,1. Introduction
CLM_PDF012_Q05_001,Wobbly dynamics and endogenous instability,PDF012,PDF012_Q05,variables_parameters,validated_paraphrase,1. Introduction
CLM_PDF012_Q05_002,Definitions and conceptual separations,PDF012,PDF012_Q05,variables_parameters,validated_paraphrase,1. Introduction
CLM_PDF012_Q05_002,Growth and capital-formation mechanisms,PDF012,PDF012_Q05,variables_parameters,validated_paraphrase,1. Introduction
CLM_PDF012_Q05_002,"Credit, leverage, collateral, and monetary policy",PDF012,PDF012_Q05,variables_parameters,validated_paraphrase,1. Introduction
CLM_PDF012_Q05_002,Unbalanced growth and overvaluation,PDF012,PDF012_Q05,variables_parameters,validated_paraphrase,1. Introduction
CLM_PDF012_Q05_002,Debt rollover and dynamic efficiency,PDF012,PDF012_Q05,variables_parameters,validated_paraphrase,1. Introduction
CLM_PDF012_Q05_002,Wobbly dynamics and endogenous instability,PDF012,PDF012_Q05,variables_parameters,validated_paraphrase,1. Introduction
CLM_PDF012_Q05_003,Definitions and conceptual separations,PDF012,PDF012_Q05,variables_parameters,validated_paraphrase,9. Critical appraisal
CLM_PDF012_Q05_003,Growth and capital-formation mechanisms,PDF012,PDF012_Q05,variables_parameters,validated_paraphrase,9. Critical appraisal
CLM_PDF012_Q05_003,Unbalanced growth and overvaluation,PDF012,PDF012_Q05,variables_parameters,validated_paraphrase,9. Critical appraisal
CLM_PDF012_Q05_003,Debt rollover and dynamic efficiency,PDF012,PDF012_Q05,variables_parameters,validated_paraphrase,9. Critical appraisal
CLM_PDF012_Q05_003,Critical adaptation to urban land-rent financialization in Latin America,PDF012,PDF012_Q05,variables_parameters,validated_paraphrase,9. Critical appraisal
CLM_PDF012_Q05_004,Growth and capital-formation mechanisms,PDF012,PDF012_Q05,variables_parameters,validated_paraphrase,1. Introduction
CLM_PDF012_Q05_004,"Credit, leverage, collateral, and monetary policy",PDF012,PDF012_Q05,variables_parameters,validated_paraphrase,1. Introduction
CLM_PDF012_Q05_004,Debt rollover and dynamic efficiency,PDF012,PDF012_Q05,variables_parameters,validated_paraphrase,1. Introduction
CLM_PDF012_Q05_004,Wobbly dynamics and endogenous instability,PDF012,PDF012_Q05,variables_parameters,validated_paraphrase,1. Introduction
CLM_PDF012_Q05_005,Definitions and conceptual separations,PDF012,PDF012_Q05,theory_evidence,validated_paraphrase,1. Introduction
CLM_PDF012_Q05_005,Growth and capital-formation mechanisms,PDF012,PDF012_Q05,theory_evidence,validated_paraphrase,1. Introduction
CLM_PDF012_Q05_005,"Credit, leverage, collateral, and monetary policy",PDF012,PDF012_Q05,theory_evidence,validated_paraphrase,1. Introduction
CLM_PDF012_Q05_005,Unbalanced growth and overvaluation,PDF012,PDF012_Q05,theory_evidence,validated_paraphrase,1. Introduction
CLM_PDF012_Q05_005,Debt rollover and dynamic efficiency,PDF012,PDF012_Q05,theory_evidence,validated_paraphrase,1. Introduction
CLM_PDF012_Q05_005,Wobbly dynamics and endogenous instability,PDF012,PDF012_Q05,theory_evidence,validated_paraphrase,1. Introduction
CLM_PDF012_Q05_006,Definitions and conceptual separations,PDF012,PDF012_Q05,theory_evidence,validated_paraphrase,1. Introduction
CLM_PDF012_Q05_006,Growth and capital-formation mechanisms,PDF012,PDF012_Q05,theory_evidence,validated_paraphrase,1. Introduction
CLM_PDF012_Q05_006,"Credit, leverage, collateral, and monetary policy",PDF012,PDF012_Q05,theory_evidence,validated_paraphrase,1. Introduction
CLM_PDF012_Q05_006,Unbalanced growth and overvaluation,PDF012,PDF012_Q05,theory_evidence,validated_paraphrase,1. Introduction
CLM_PDF012_Q05_006,Debt rollover and dynamic efficiency,PDF012,PDF012_Q05,theory_evidence,validated_paraphrase,1. Introduction
CLM_PDF012_Q05_007,Definitions and conceptual separations,PDF012,PDF012_Q05,causality,validated_paraphrase,1. Introduction
CLM_PDF012_Q05_007,Growth and capital-formation mechanisms,PDF012,PDF012_Q05,causality,validated_paraphrase,1. Introduction
CLM_PDF012_Q05_007,"Credit, leverage, collateral, and monetary policy",PDF012,PDF012_Q05,causality,validated_paraphrase,1. Introduction
CLM_PDF012_Q05_007,Unbalanced growth and overvaluation,PDF012,PDF012_Q05,causality,validated_paraphrase,1. Introduction
CLM_PDF012_Q05_007,Debt rollover and dynamic efficiency,PDF012,PDF012_Q05,causality,validated_paraphrase,1. Introduction
CLM_PDF012_Q05_007,Wobbly dynamics and endogenous instability,PDF012,PDF012_Q05,causality,validated_paraphrase,1. Introduction
CLM_PDF012_Q06_001,Definitions and conceptual separations,PDF012,PDF012_Q06,variables_parameters,validated_paraphrase,9. Critical appraisal
CLM_PDF012_Q06_001,"Credit, leverage, collateral, and monetary policy",PDF012,PDF012_Q06,variables_parameters,validated_paraphrase,9. Critical appraisal
CLM_PDF012_Q06_001,Unbalanced growth and overvaluation,PDF012,PDF012_Q06,variables_parameters,validated_paraphrase,9. Critical appraisal
CLM_PDF012_Q06_001,Debt rollover and dynamic efficiency,PDF012,PDF012_Q06,variables_parameters,validated_paraphrase,9. Critical appraisal
CLM_PDF012_Q06_001,Wobbly dynamics and endogenous instability,PDF012,PDF012_Q06,variables_parameters,validated_paraphrase,9. Critical appraisal
CLM_PDF012_Q06_001,Critical adaptation to urban land-rent financialization in Latin America,PDF012,PDF012_Q06,variables_parameters,validated_paraphrase,9. Critical appraisal
CLM_PDF012_Q06_002,Definitions and conceptual separations,PDF012,PDF012_Q06,variables_parameters,validated_paraphrase,1. Introduction
CLM_PDF012_Q06_002,Growth and capital-formation mechanisms,PDF012,PDF012_Q06,variables_parameters,validated_paraphrase,1. Introduction
CLM_PDF012_Q06_002,"Credit, leverage, collateral, and monetary policy",PDF012,PDF012_Q06,variables_parameters,validated_paraphrase,1. Introduction
CLM_PDF012_Q06_002,Unbalanced growth and overvaluation,PDF012,PDF012_Q06,variables_parameters,validated_paraphrase,1. Introduction
CLM_PDF012_Q06_002,Debt rollover and dynamic efficiency,PDF012,PDF012_Q06,variables_parameters,validated_paraphrase,1. Introduction
CLM_PDF012_Q06_002,Wobbly dynamics and endogenous instability,PDF012,PDF012_Q06,variables_parameters,validated_paraphrase,1. Introduction
CLM_PDF012_Q06_003,Debt rollover and dynamic efficiency,PDF012,PDF012_Q06,variables_parameters,validated_paraphrase,9. Critical appraisal
CLM_PDF012_Q06_003,Critical adaptation to urban land-rent financialization in Latin America,PDF012,PDF012_Q06,variables_parameters,validated_paraphrase,9. Critical appraisal
CLM_PDF012_Q06_004,Definitions and conceptual separations,PDF012,PDF012_Q06,theory_evidence,validated_paraphrase,1. Introduction
CLM_PDF012_Q06_004,Growth and capital-formation mechanisms,PDF012,PDF012_Q06,theory_evidence,validated_paraphrase,1. Introduction
CLM_PDF012_Q06_004,"Credit, leverage, collateral, and monetary policy",PDF012,PDF012_Q06,theory_evidence,validated_paraphrase,1. Introduction
CLM_PDF012_Q06_004,Unbalanced growth and overvaluation,PDF012,PDF012_Q06,theory_evidence,validated_paraphrase,1. Introduction
CLM_PDF012_Q06_004,Debt rollover and dynamic efficiency,PDF012,PDF012_Q06,theory_evidence,validated_paraphrase,1. Introduction
CLM_PDF012_Q06_005,Definitions and conceptual separations,PDF012,PDF012_Q06,causality,validated_paraphrase,1. Introduction
CLM_PDF012_Q06_005,Growth and capital-formation mechanisms,PDF012,PDF012_Q06,causality,validated_paraphrase,1. Introduction
CLM_PDF012_Q06_005,"Credit, leverage, collateral, and monetary policy",PDF012,PDF012_Q06,causality,validated_paraphrase,1. Introduction
CLM_PDF012_Q06_005,Unbalanced growth and overvaluation,PDF012,PDF012_Q06,causality,validated_paraphrase,1. Introduction
CLM_PDF012_Q06_005,Debt rollover and dynamic efficiency,PDF012,PDF012_Q06,causality,validated_paraphrase,1. Introduction
CLM_PDF012_Q06_006,Growth and capital-formation mechanisms,PDF012,PDF012_Q06,variables_parameters,validated_paraphrase,1. Introduction
CLM_PDF012_Q06_006,"Credit, leverage, collateral, and monetary policy",PDF012,PDF012_Q06,variables_parameters,validated_paraphrase,1. Introduction
CLM_PDF012_Q06_006,Debt rollover and dynamic efficiency,PDF012,PDF012_Q06,variables_parameters,validated_paraphrase,1. Introduction
CLM_PDF012_Q06_007,Growth and capital-formation mechanisms,PDF012,PDF012_Q06,causality,validated_paraphrase,1. Introduction
CLM_PDF012_Q06_007,"Credit, leverage, collateral, and monetary policy",PDF012,PDF012_Q06,causality,validated_paraphrase,1. Introduction
CLM_PDF012_Q06_007,Debt rollover and dynamic efficiency,PDF012,PDF012_Q06,causality,validated_paraphrase,1. Introduction
CLM_PDF012_Q06_007,Wobbly dynamics and endogenous instability,PDF012,PDF012_Q06,causality,validated_paraphrase,1. Introduction
CLM_PDF012_Q07_001,Definitions and conceptual separations,PDF012,PDF012_Q07,variables_parameters,validated_paraphrase,1. Introduction
CLM_PDF012_Q07_001,Asset-price and wealth-measurement claims,PDF012,PDF012_Q07,variables_parameters,validated_paraphrase,1. Introduction
CLM_PDF012_Q07_001,Growth and capital-formation mechanisms,PDF012,PDF012_Q07,variables_parameters,validated_paraphrase,1. Introduction
CLM_PDF012_Q07_001,"Credit, leverage, collateral, and monetary policy",PDF012,PDF012_Q07,variables_parameters,validated_paraphrase,1. Introduction
CLM_PDF012_Q07_001,Unbalanced growth and overvaluation,PDF012,PDF012_Q07,variables_parameters,validated_paraphrase,1. Introduction
CLM_PDF012_Q07_001,Debt rollover and dynamic efficiency,PDF012,PDF012_Q07,variables_parameters,validated_paraphrase,1. Introduction
CLM_PDF012_Q07_001,Wobbly dynamics and endogenous instability,PDF012,PDF012_Q07,variables_parameters,validated_paraphrase,1. Introduction
CLM_PDF012_Q07_002,Definitions and conceptual separations,PDF012,PDF012_Q07,variables_parameters,validated_paraphrase,1. Introduction
CLM_PDF012_Q07_002,Growth and capital-formation mechanisms,PDF012,PDF012_Q07,variables_parameters,validated_paraphrase,1. Introduction
CLM_PDF012_Q07_002,"Credit, leverage, collateral, and monetary policy",PDF012,PDF012_Q07,variables_parameters,validated_paraphrase,1. Introduction
CLM_PDF012_Q07_002,Unbalanced growth and overvaluation,PDF012,PDF012_Q07,variables_parameters,validated_paraphrase,1. Introduction
CLM_PDF012_Q07_002,Debt rollover and dynamic efficiency,PDF012,PDF012_Q07,variables_parameters,validated_paraphrase,1. Introduction
CLM_PDF012_Q07_002,Wobbly dynamics and endogenous instability,PDF012,PDF012_Q07,variables_parameters,validated_paraphrase,1. Introduction
CLM_PDF012_Q07_003,Definitions and conceptual separations,PDF012,PDF012_Q07,theory_evidence,validated_paraphrase,9. Critical appraisal
CLM_PDF012_Q07_003,Growth and capital-formation mechanisms,PDF012,PDF012_Q07,theory_evidence,validated_paraphrase,9. Critical appraisal
CLM_PDF012_Q07_003,Unbalanced growth and overvaluation,PDF012,PDF012_Q07,theory_evidence,validated_paraphrase,9. Critical appraisal
CLM_PDF012_Q07_003,Debt rollover and dynamic efficiency,PDF012,PDF012_Q07,theory_evidence,validated_paraphrase,9. Critical appraisal
CLM_PDF012_Q07_003,Critical adaptation to urban land-rent financialization in Latin America,PDF012,PDF012_Q07,theory_evidence,validated_paraphrase,9. Critical appraisal
CLM_PDF012_Q07_004,Definitions and conceptual separations,PDF012,PDF012_Q07,variables_parameters,validated_paraphrase,1. Introduction
CLM_PDF012_Q07_004,Growth and capital-formation mechanisms,PDF012,PDF012_Q07,variables_parameters,validated_paraphrase,1. Introduction
CLM_PDF012_Q07_004,"Credit, leverage, collateral, and monetary policy",PDF012,PDF012_Q07,variables_parameters,validated_paraphrase,1. Introduction
CLM_PDF012_Q07_004,Unbalanced growth and overvaluation,PDF012,PDF012_Q07,variables_parameters,validated_paraphrase,1. Introduction
CLM_PDF012_Q07_004,Debt rollover and dynamic efficiency,PDF012,PDF012_Q07,variables_parameters,validated_paraphrase,1. Introduction
CLM_PDF012_Q07_004,Wobbly dynamics and endogenous instability,PDF012,PDF012_Q07,variables_parameters,validated_paraphrase,1. Introduction
CLM_PDF012_Q07_005,Definitions and conceptual separations,PDF012,PDF012_Q07,mechanism,validated_paraphrase,1. Introduction
CLM_PDF012_Q07_005,Growth and capital-formation mechanisms,PDF012,PDF012_Q07,mechanism,validated_paraphrase,1. Introduction
CLM_PDF012_Q07_005,"Credit, leverage, collateral, and monetary policy",PDF012,PDF012_Q07,mechanism,validated_paraphrase,1. Introduction
CLM_PDF012_Q07_005,Unbalanced growth and overvaluation,PDF012,PDF012_Q07,mechanism,validated_paraphrase,1. Introduction
CLM_PDF012_Q07_005,Debt rollover and dynamic efficiency,PDF012,PDF012_Q07,mechanism,validated_paraphrase,1. Introduction
CLM_PDF012_Q07_006,Definitions and conceptual separations,PDF012,PDF012_Q07,variables_parameters,validated_paraphrase,1. Introduction
CLM_PDF012_Q07_006,Growth and capital-formation mechanisms,PDF012,PDF012_Q07,variables_parameters,validated_paraphrase,1. Introduction
CLM_PDF012_Q07_006,"Credit, leverage, collateral, and monetary policy",PDF012,PDF012_Q07,variables_parameters,validated_paraphrase,1. Introduction
CLM_PDF012_Q07_006,Unbalanced growth and overvaluation,PDF012,PDF012_Q07,variables_parameters,validated_paraphrase,1. Introduction
CLM_PDF012_Q07_006,Debt rollover and dynamic efficiency,PDF012,PDF012_Q07,variables_parameters,validated_paraphrase,1. Introduction
CLM_PDF012_Q07_006,Wobbly dynamics and endogenous instability,PDF012,PDF012_Q07,variables_parameters,validated_paraphrase,1. Introduction
CLM_PDF012_Q07_007,Asset-price and wealth-measurement claims,PDF012,PDF012_Q07,variables_parameters,validated_paraphrase,1. Introduction
CLM_PDF012_Q07_007,Growth and capital-formation mechanisms,PDF012,PDF012_Q07,variables_parameters,validated_paraphrase,1. Introduction
CLM_PDF012_Q07_007,"Credit, leverage, collateral, and monetary policy",PDF012,PDF012_Q07,variables_parameters,validated_paraphrase,1. Introduction
CLM_PDF012_Q07_007,Debt rollover and dynamic efficiency,PDF012,PDF012_Q07,variables_parameters,validated_paraphrase,1. Introduction
CLM_PDF012_Q07_007,Wobbly dynamics and endogenous instability,PDF012,PDF012_Q07,variables_parameters,validated_paraphrase,1. Introduction
CLM_PDF013_Q01_001,Definitions and conceptual separations,PDF013,PDF013_Q01,variables_parameters,validated_paraphrase,5. Mechanism II
CLM_PDF013_Q01_001,Growth and capital-formation mechanisms,PDF013,PDF013_Q01,variables_parameters,validated_paraphrase,5. Mechanism II
CLM_PDF013_Q01_001,"Credit, leverage, collateral, and monetary policy",PDF013,PDF013_Q01,variables_parameters,validated_paraphrase,5. Mechanism II
CLM_PDF013_Q01_001,Debt rollover and dynamic efficiency,PDF013,PDF013_Q01,variables_parameters,validated_paraphrase,5. Mechanism II
CLM_PDF013_Q01_002,Definitions and conceptual separations,PDF013,PDF013_Q01,variables_parameters,validated_paraphrase,3. Conceptual objects
CLM_PDF013_Q01_002,Growth and capital-formation mechanisms,PDF013,PDF013_Q01,variables_parameters,validated_paraphrase,3. Conceptual objects
CLM_PDF013_Q01_002,"Credit, leverage, collateral, and monetary policy",PDF013,PDF013_Q01,variables_parameters,validated_paraphrase,3. Conceptual objects
CLM_PDF013_Q01_002,Debt rollover and dynamic efficiency,PDF013,PDF013_Q01,variables_parameters,validated_paraphrase,3. Conceptual objects
CLM_PDF013_Q01_003,Definitions and conceptual separations,PDF013,PDF013_Q01,variables_parameters,validated_paraphrase,3. Conceptual objects
CLM_PDF013_Q01_003,Growth and capital-formation mechanisms,PDF013,PDF013_Q01,variables_parameters,validated_paraphrase,3. Conceptual objects
CLM_PDF013_Q01_003,"Credit, leverage, collateral, and monetary policy",PDF013,PDF013_Q01,variables_parameters,validated_paraphrase,3. Conceptual objects
CLM_PDF013_Q01_003,Debt rollover and dynamic efficiency,PDF013,PDF013_Q01,variables_parameters,validated_paraphrase,3. Conceptual objects
CLM_PDF013_Q01_003,Critical adaptation to urban land-rent financialization in Latin America,PDF013,PDF013_Q01,variables_parameters,validated_paraphrase,3. Conceptual objects
CLM_PDF013_Q01_004,Definitions and conceptual separations,PDF013,PDF013_Q01,variables_parameters,validated_paraphrase,1. Introduction
CLM_PDF013_Q01_004,Growth and capital-formation mechanisms,PDF013,PDF013_Q01,variables_parameters,validated_paraphrase,1. Introduction
CLM_PDF013_Q01_004,"Credit, leverage, collateral, and monetary policy",PDF013,PDF013_Q01,variables_parameters,validated_paraphrase,1. Introduction
CLM_PDF013_Q01_004,Debt rollover and dynamic efficiency,PDF013,PDF013_Q01,variables_parameters,validated_paraphrase,1. Introduction
CLM_PDF013_Q01_005,Growth and capital-formation mechanisms,PDF013,PDF013_Q01,variables_parameters,validated_paraphrase,5. Mechanism II
CLM_PDF013_Q01_005,"Credit, leverage, collateral, and monetary policy",PDF013,PDF013_Q01,variables_parameters,validated_paraphrase,5. Mechanism II
CLM_PDF013_Q01_005,Debt rollover and dynamic efficiency,PDF013,PDF013_Q01,variables_parameters,validated_paraphrase,5. Mechanism II
CLM_PDF013_Q01_005,Policy and institutional implications,PDF013,PDF013_Q01,variables_parameters,validated_paraphrase,5. Mechanism II
CLM_PDF013_Q01_006,Definitions and conceptual separations,PDF013,PDF013_Q01,variables_parameters,validated_paraphrase,5. Mechanism II
CLM_PDF013_Q01_006,Growth and capital-formation mechanisms,PDF013,PDF013_Q01,variables_parameters,validated_paraphrase,5. Mechanism II
CLM_PDF013_Q01_006,"Credit, leverage, collateral, and monetary policy",PDF013,PDF013_Q01,variables_parameters,validated_paraphrase,5. Mechanism II
CLM_PDF013_Q01_006,Debt rollover and dynamic efficiency,PDF013,PDF013_Q01,variables_parameters,validated_paraphrase,5. Mechanism II
CLM_PDF013_Q01_007,Definitions and conceptual separations,PDF013,PDF013_Q01,variables_parameters,validated_paraphrase,3. Conceptual objects
CLM_PDF013_Q01_007,Growth and capital-formation mechanisms,PDF013,PDF013_Q01,variables_parameters,validated_paraphrase,3. Conceptual objects
CLM_PDF013_Q01_007,"Credit, leverage, collateral, and monetary policy",PDF013,PDF013_Q01,variables_parameters,validated_paraphrase,3. Conceptual objects
CLM_PDF013_Q01_007,Debt rollover and dynamic efficiency,PDF013,PDF013_Q01,variables_parameters,validated_paraphrase,3. Conceptual objects
CLM_PDF013_Q02_001,Definitions and conceptual separations,PDF013,PDF013_Q02,variables_parameters,validated_paraphrase,3. Conceptual objects
CLM_PDF013_Q02_001,Growth and capital-formation mechanisms,PDF013,PDF013_Q02,variables_parameters,validated_paraphrase,3. Conceptual objects
CLM_PDF013_Q02_001,"Credit, leverage, collateral, and monetary policy",PDF013,PDF013_Q02,variables_parameters,validated_paraphrase,3. Conceptual objects
CLM_PDF013_Q02_001,Debt rollover and dynamic efficiency,PDF013,PDF013_Q02,variables_parameters,validated_paraphrase,3. Conceptual objects
CLM_PDF013_Q02_002,Definitions and conceptual separations,PDF013,PDF013_Q02,variables_parameters,validated_paraphrase,3. Conceptual objects
CLM_PDF013_Q02_002,Growth and capital-formation mechanisms,PDF013,PDF013_Q02,variables_parameters,validated_paraphrase,3. Conceptual objects
CLM_PDF013_Q02_002,"Credit, leverage, collateral, and monetary policy",PDF013,PDF013_Q02,variables_parameters,validated_paraphrase,3. Conceptual objects
CLM_PDF013_Q02_002,Debt rollover and dynamic efficiency,PDF013,PDF013_Q02,variables_parameters,validated_paraphrase,3. Conceptual objects
CLM_PDF013_Q02_003,Definitions and conceptual separations,PDF013,PDF013_Q02,theory_evidence,validated_paraphrase,5. Mechanism II
CLM_PDF013_Q02_003,Growth and capital-formation mechanisms,PDF013,PDF013_Q02,theory_evidence,validated_paraphrase,5. Mechanism II
CLM_PDF013_Q02_003,"Credit, leverage, collateral, and monetary policy",PDF013,PDF013_Q02,theory_evidence,validated_paraphrase,5. Mechanism II
CLM_PDF013_Q02_003,Debt rollover and dynamic efficiency,PDF013,PDF013_Q02,theory_evidence,validated_paraphrase,5. Mechanism II
CLM_PDF013_Q02_003,Critical adaptation to urban land-rent financialization in Latin America,PDF013,PDF013_Q02,theory_evidence,validated_paraphrase,5. Mechanism II
CLM_PDF013_Q02_004,Definitions and conceptual separations,PDF013,PDF013_Q02,variables_parameters,validated_paraphrase,3. Conceptual objects
CLM_PDF013_Q02_004,Growth and capital-formation mechanisms,PDF013,PDF013_Q02,variables_parameters,validated_paraphrase,3. Conceptual objects
CLM_PDF013_Q02_004,"Credit, leverage, collateral, and monetary policy",PDF013,PDF013_Q02,variables_parameters,validated_paraphrase,3. Conceptual objects
CLM_PDF013_Q02_004,Debt rollover and dynamic efficiency,PDF013,PDF013_Q02,variables_parameters,validated_paraphrase,3. Conceptual objects
CLM_PDF013_Q02_005,Definitions and conceptual separations,PDF013,PDF013_Q02,variables_parameters,validated_paraphrase,1. Introduction
CLM_PDF013_Q02_005,Growth and capital-formation mechanisms,PDF013,PDF013_Q02,variables_parameters,validated_paraphrase,1. Introduction
CLM_PDF013_Q02_005,"Credit, leverage, collateral, and monetary policy",PDF013,PDF013_Q02,variables_parameters,validated_paraphrase,1. Introduction
CLM_PDF013_Q02_005,Unbalanced growth and overvaluation,PDF013,PDF013_Q02,variables_parameters,validated_paraphrase,1. Introduction
CLM_PDF013_Q02_005,Debt rollover and dynamic efficiency,PDF013,PDF013_Q02,variables_parameters,validated_paraphrase,1. Introduction
CLM_PDF013_Q02_006,Definitions and conceptual separations,PDF013,PDF013_Q02,variables_parameters,validated_paraphrase,3. Conceptual objects
CLM_PDF013_Q02_006,Growth and capital-formation mechanisms,PDF013,PDF013_Q02,variables_parameters,validated_paraphrase,3. Conceptual objects
CLM_PDF013_Q02_006,"Credit, leverage, collateral, and monetary policy",PDF013,PDF013_Q02,variables_parameters,validated_paraphrase,3. Conceptual objects
CLM_PDF013_Q02_006,Unbalanced growth and overvaluation,PDF013,PDF013_Q02,variables_parameters,validated_paraphrase,3. Conceptual objects
CLM_PDF013_Q02_006,Debt rollover and dynamic efficiency,PDF013,PDF013_Q02,variables_parameters,validated_paraphrase,3. Conceptual objects
CLM_PDF013_Q02_007,Definitions and conceptual separations,PDF013,PDF013_Q02,variables_parameters,validated_paraphrase,3. Conceptual objects
CLM_PDF013_Q02_007,Growth and capital-formation mechanisms,PDF013,PDF013_Q02,variables_parameters,validated_paraphrase,3. Conceptual objects
CLM_PDF013_Q02_007,"Credit, leverage, collateral, and monetary policy",PDF013,PDF013_Q02,variables_parameters,validated_paraphrase,3. Conceptual objects
CLM_PDF013_Q02_007,Debt rollover and dynamic efficiency,PDF013,PDF013_Q02,variables_parameters,validated_paraphrase,3. Conceptual objects
CLM_PDF013_Q03_001,Definitions and conceptual separations,PDF013,PDF013_Q03,variables_parameters,validated_paraphrase,3. Conceptual objects
CLM_PDF013_Q03_001,Growth and capital-formation mechanisms,PDF013,PDF013_Q03,variables_parameters,validated_paraphrase,3. Conceptual objects
CLM_PDF013_Q03_001,"Credit, leverage, collateral, and monetary policy",PDF013,PDF013_Q03,variables_parameters,validated_paraphrase,3. Conceptual objects
CLM_PDF013_Q03_001,Debt rollover and dynamic efficiency,PDF013,PDF013_Q03,variables_parameters,validated_paraphrase,3. Conceptual objects
CLM_PDF013_Q03_002,Growth and capital-formation mechanisms,PDF013,PDF013_Q03,variables_parameters,validated_paraphrase,5. Mechanism II
CLM_PDF013_Q03_002,"Credit, leverage, collateral, and monetary policy",PDF013,PDF013_Q03,variables_parameters,validated_paraphrase,5. Mechanism II
CLM_PDF013_Q03_002,Debt rollover and dynamic efficiency,PDF013,PDF013_Q03,variables_parameters,validated_paraphrase,5. Mechanism II
CLM_PDF013_Q03_002,Wobbly dynamics and endogenous instability,PDF013,PDF013_Q03,variables_parameters,validated_paraphrase,5. Mechanism II
CLM_PDF013_Q03_003,Growth and capital-formation mechanisms,PDF013,PDF013_Q03,theory_evidence,validated_paraphrase,5. Mechanism II
CLM_PDF013_Q03_003,"Credit, leverage, collateral, and monetary policy",PDF013,PDF013_Q03,theory_evidence,validated_paraphrase,5. Mechanism II
CLM_PDF013_Q03_003,Debt rollover and dynamic efficiency,PDF013,PDF013_Q03,theory_evidence,validated_paraphrase,5. Mechanism II
CLM_PDF013_Q03_003,Critical adaptation to urban land-rent financialization in Latin America,PDF013,PDF013_Q03,theory_evidence,validated_paraphrase,5. Mechanism II
CLM_PDF013_Q03_004,Definitions and conceptual separations,PDF013,PDF013_Q03,variables_parameters,validated_paraphrase,3. Conceptual objects
CLM_PDF013_Q03_004,Debt rollover and dynamic efficiency,PDF013,PDF013_Q03,variables_parameters,validated_paraphrase,3. Conceptual objects
CLM_PDF013_Q03_005,Definitions and conceptual separations,PDF013,PDF013_Q03,variables_parameters,validated_paraphrase,3. Conceptual objects
CLM_PDF013_Q03_005,Growth and capital-formation mechanisms,PDF013,PDF013_Q03,variables_parameters,validated_paraphrase,3. Conceptual objects
CLM_PDF013_Q03_005,"Credit, leverage, collateral, and monetary policy",PDF013,PDF013_Q03,variables_parameters,validated_paraphrase,3. Conceptual objects
CLM_PDF013_Q03_005,Debt rollover and dynamic efficiency,PDF013,PDF013_Q03,variables_parameters,validated_paraphrase,3. Conceptual objects
CLM_PDF013_Q03_006,Definitions and conceptual separations,PDF013,PDF013_Q03,variables_parameters,validated_paraphrase,3. Conceptual objects
CLM_PDF013_Q03_006,Growth and capital-formation mechanisms,PDF013,PDF013_Q03,variables_parameters,validated_paraphrase,3. Conceptual objects
CLM_PDF013_Q03_006,"Credit, leverage, collateral, and monetary policy",PDF013,PDF013_Q03,variables_parameters,validated_paraphrase,3. Conceptual objects
CLM_PDF013_Q03_006,Debt rollover and dynamic efficiency,PDF013,PDF013_Q03,variables_parameters,validated_paraphrase,3. Conceptual objects
CLM_PDF013_Q03_007,Definitions and conceptual separations,PDF013,PDF013_Q03,variables_parameters,validated_paraphrase,3. Conceptual objects
CLM_PDF013_Q03_007,Growth and capital-formation mechanisms,PDF013,PDF013_Q03,variables_parameters,validated_paraphrase,3. Conceptual objects
CLM_PDF013_Q03_007,"Credit, leverage, collateral, and monetary policy",PDF013,PDF013_Q03,variables_parameters,validated_paraphrase,3. Conceptual objects
CLM_PDF013_Q03_007,Debt rollover and dynamic efficiency,PDF013,PDF013_Q03,variables_parameters,validated_paraphrase,3. Conceptual objects
CLM_PDF013_Q04_001,Definitions and conceptual separations,PDF013,PDF013_Q04,causality,validated_paraphrase,3. Conceptual objects
CLM_PDF013_Q04_001,Growth and capital-formation mechanisms,PDF013,PDF013_Q04,causality,validated_paraphrase,3. Conceptual objects
CLM_PDF013_Q04_001,"Credit, leverage, collateral, and monetary policy",PDF013,PDF013_Q04,causality,validated_paraphrase,3. Conceptual objects
CLM_PDF013_Q04_001,Debt rollover and dynamic efficiency,PDF013,PDF013_Q04,causality,validated_paraphrase,3. Conceptual objects
CLM_PDF013_Q04_002,Definitions and conceptual separations,PDF013,PDF013_Q04,causality,validated_paraphrase,4. Mechanism I
CLM_PDF013_Q04_002,Growth and capital-formation mechanisms,PDF013,PDF013_Q04,causality,validated_paraphrase,4. Mechanism I
CLM_PDF013_Q04_002,"Credit, leverage, collateral, and monetary policy",PDF013,PDF013_Q04,causality,validated_paraphrase,4. Mechanism I
CLM_PDF013_Q04_002,Debt rollover and dynamic efficiency,PDF013,PDF013_Q04,causality,validated_paraphrase,4. Mechanism I
CLM_PDF013_Q04_003,Definitions and conceptual separations,PDF013,PDF013_Q04,variables_parameters,validated_paraphrase,3. Conceptual objects
CLM_PDF013_Q04_003,Growth and capital-formation mechanisms,PDF013,PDF013_Q04,variables_parameters,validated_paraphrase,3. Conceptual objects
CLM_PDF013_Q04_003,"Credit, leverage, collateral, and monetary policy",PDF013,PDF013_Q04,variables_parameters,validated_paraphrase,3. Conceptual objects
CLM_PDF013_Q04_003,Debt rollover and dynamic efficiency,PDF013,PDF013_Q04,variables_parameters,validated_paraphrase,3. Conceptual objects
CLM_PDF013_Q04_003,Critical adaptation to urban land-rent financialization in Latin America,PDF013,PDF013_Q04,variables_parameters,validated_paraphrase,3. Conceptual objects
CLM_PDF013_Q04_004,Growth and capital-formation mechanisms,PDF013,PDF013_Q04,variables_parameters,validated_paraphrase,5. Mechanism II
CLM_PDF013_Q04_004,"Credit, leverage, collateral, and monetary policy",PDF013,PDF013_Q04,variables_parameters,validated_paraphrase,5. Mechanism II
CLM_PDF013_Q04_004,Debt rollover and dynamic efficiency,PDF013,PDF013_Q04,variables_parameters,validated_paraphrase,5. Mechanism II
CLM_PDF013_Q04_005,Definitions and conceptual separations,PDF013,PDF013_Q04,causality,validated_paraphrase,3. Conceptual objects
CLM_PDF013_Q04_005,Growth and capital-formation mechanisms,PDF013,PDF013_Q04,causality,validated_paraphrase,3. Conceptual objects
CLM_PDF013_Q04_005,"Credit, leverage, collateral, and monetary policy",PDF013,PDF013_Q04,causality,validated_paraphrase,3. Conceptual objects
CLM_PDF013_Q04_005,Debt rollover and dynamic efficiency,PDF013,PDF013_Q04,causality,validated_paraphrase,3. Conceptual objects
CLM_PDF013_Q04_006,Growth and capital-formation mechanisms,PDF013,PDF013_Q04,mechanism,validated_paraphrase,1. Introduction
CLM_PDF013_Q04_006,"Credit, leverage, collateral, and monetary policy",PDF013,PDF013_Q04,mechanism,validated_paraphrase,1. Introduction
CLM_PDF013_Q04_006,Debt rollover and dynamic efficiency,PDF013,PDF013_Q04,mechanism,validated_paraphrase,1. Introduction
CLM_PDF013_Q04_007,Definitions and conceptual separations,PDF013,PDF013_Q04,variables_parameters,validated_paraphrase,3. Conceptual objects
CLM_PDF013_Q04_007,Growth and capital-formation mechanisms,PDF013,PDF013_Q04,variables_parameters,validated_paraphrase,3. Conceptual objects
CLM_PDF013_Q04_007,"Credit, leverage, collateral, and monetary policy",PDF013,PDF013_Q04,variables_parameters,validated_paraphrase,3. Conceptual objects
CLM_PDF013_Q04_007,Debt rollover and dynamic efficiency,PDF013,PDF013_Q04,variables_parameters,validated_paraphrase,3. Conceptual objects
CLM_PDF013_Q05_001,Definitions and conceptual separations,PDF013,PDF013_Q05,variables_parameters,validated_paraphrase,3. Conceptual objects
CLM_PDF013_Q05_001,Growth and capital-formation mechanisms,PDF013,PDF013_Q05,variables_parameters,validated_paraphrase,3. Conceptual objects
CLM_PDF013_Q05_001,"Credit, leverage, collateral, and monetary policy",PDF013,PDF013_Q05,variables_parameters,validated_paraphrase,3. Conceptual objects
CLM_PDF013_Q05_001,Debt rollover and dynamic efficiency,PDF013,PDF013_Q05,variables_parameters,validated_paraphrase,3. Conceptual objects
CLM_PDF013_Q05_002,Growth and capital-formation mechanisms,PDF013,PDF013_Q05,variables_parameters,validated_paraphrase,1. Introduction
CLM_PDF013_Q05_002,"Credit, leverage, collateral, and monetary policy",PDF013,PDF013_Q05,variables_parameters,validated_paraphrase,1. Introduction
CLM_PDF013_Q05_002,Debt rollover and dynamic efficiency,PDF013,PDF013_Q05,variables_parameters,validated_paraphrase,1. Introduction
CLM_PDF013_Q05_003,Definitions and conceptual separations,PDF013,PDF013_Q05,theory_evidence,validated_paraphrase,3. Conceptual objects
CLM_PDF013_Q05_003,"Credit, leverage, collateral, and monetary policy",PDF013,PDF013_Q05,theory_evidence,validated_paraphrase,3. Conceptual objects
CLM_PDF013_Q05_003,Debt rollover and dynamic efficiency,PDF013,PDF013_Q05,theory_evidence,validated_paraphrase,3. Conceptual objects
CLM_PDF013_Q05_003,Critical adaptation to urban land-rent financialization in Latin America,PDF013,PDF013_Q05,theory_evidence,validated_paraphrase,3. Conceptual objects
CLM_PDF013_Q05_004,Growth and capital-formation mechanisms,PDF013,PDF013_Q05,variables_parameters,validated_paraphrase,1. Introduction
CLM_PDF013_Q05_004,"Credit, leverage, collateral, and monetary policy",PDF013,PDF013_Q05,variables_parameters,validated_paraphrase,1. Introduction
CLM_PDF013_Q05_004,Debt rollover and dynamic efficiency,PDF013,PDF013_Q05,variables_parameters,validated_paraphrase,1. Introduction
CLM_PDF013_Q05_005,Growth and capital-formation mechanisms,PDF013,PDF013_Q05,theory_evidence,validated_paraphrase,5. Mechanism II
CLM_PDF013_Q05_005,"Credit, leverage, collateral, and monetary policy",PDF013,PDF013_Q05,theory_evidence,validated_paraphrase,5. Mechanism II
CLM_PDF013_Q05_005,Debt rollover and dynamic efficiency,PDF013,PDF013_Q05,theory_evidence,validated_paraphrase,5. Mechanism II
CLM_PDF013_Q05_006,Definitions and conceptual separations,PDF013,PDF013_Q05,causality,validated_paraphrase,3. Conceptual objects
CLM_PDF013_Q05_006,Growth and capital-formation mechanisms,PDF013,PDF013_Q05,causality,validated_paraphrase,3. Conceptual objects
CLM_PDF013_Q05_006,"Credit, leverage, collateral, and monetary policy",PDF013,PDF013_Q05,causality,validated_paraphrase,3. Conceptual objects
CLM_PDF013_Q05_006,Debt rollover and dynamic efficiency,PDF013,PDF013_Q05,causality,validated_paraphrase,3. Conceptual objects
CLM_PDF013_Q05_007,Growth and capital-formation mechanisms,PDF013,PDF013_Q05,causality,validated_paraphrase,5. Mechanism II
CLM_PDF013_Q05_007,"Credit, leverage, collateral, and monetary policy",PDF013,PDF013_Q05,causality,validated_paraphrase,5. Mechanism II
CLM_PDF013_Q05_007,Debt rollover and dynamic efficiency,PDF013,PDF013_Q05,causality,validated_paraphrase,5. Mechanism II
CLM_PDF013_Q05_007,Wobbly dynamics and endogenous instability,PDF013,PDF013_Q05,causality,validated_paraphrase,5. Mechanism II
CLM_PDF013_Q06_001,Definitions and conceptual separations,PDF013,PDF013_Q06,mechanism,validated_paraphrase,4. Mechanism I
CLM_PDF013_Q06_001,Growth and capital-formation mechanisms,PDF013,PDF013_Q06,mechanism,validated_paraphrase,4. Mechanism I
CLM_PDF013_Q06_001,"Credit, leverage, collateral, and monetary policy",PDF013,PDF013_Q06,mechanism,validated_paraphrase,4. Mechanism I
CLM_PDF013_Q06_001,Unbalanced growth and overvaluation,PDF013,PDF013_Q06,mechanism,validated_paraphrase,4. Mechanism I
CLM_PDF013_Q06_001,Debt rollover and dynamic efficiency,PDF013,PDF013_Q06,mechanism,validated_paraphrase,4. Mechanism I
CLM_PDF013_Q06_001,Policy and institutional implications,PDF013,PDF013_Q06,mechanism,validated_paraphrase,4. Mechanism I
CLM_PDF013_Q06_002,Growth and capital-formation mechanisms,PDF013,PDF013_Q06,causality,validated_paraphrase,1. Introduction
CLM_PDF013_Q06_002,"Credit, leverage, collateral, and monetary policy",PDF013,PDF013_Q06,causality,validated_paraphrase,1. Introduction
CLM_PDF013_Q06_002,Debt rollover and dynamic efficiency,PDF013,PDF013_Q06,causality,validated_paraphrase,1. Introduction
CLM_PDF013_Q06_003,Definitions and conceptual separations,PDF013,PDF013_Q06,theory_evidence,validated_paraphrase,3. Conceptual objects
CLM_PDF013_Q06_003,"Credit, leverage, collateral, and monetary policy",PDF013,PDF013_Q06,theory_evidence,validated_paraphrase,3. Conceptual objects
CLM_PDF013_Q06_003,Debt rollover and dynamic efficiency,PDF013,PDF013_Q06,theory_evidence,validated_paraphrase,3. Conceptual objects
CLM_PDF013_Q06_003,Critical adaptation to urban land-rent financialization in Latin America,PDF013,PDF013_Q06,theory_evidence,validated_paraphrase,3. Conceptual objects
CLM_PDF013_Q06_004,Definitions and conceptual separations,PDF013,PDF013_Q06,variables_parameters,validated_paraphrase,9. Critical appraisal
CLM_PDF013_Q06_004,"Credit, leverage, collateral, and monetary policy",PDF013,PDF013_Q06,variables_parameters,validated_paraphrase,9. Critical appraisal
CLM_PDF013_Q06_004,Debt rollover and dynamic efficiency,PDF013,PDF013_Q06,variables_parameters,validated_paraphrase,9. Critical appraisal
CLM_PDF013_Q06_004,Critical adaptation to urban land-rent financialization in Latin America,PDF013,PDF013_Q06,variables_parameters,validated_paraphrase,9. Critical appraisal
CLM_PDF013_Q06_005,Growth and capital-formation mechanisms,PDF013,PDF013_Q06,variables_parameters,validated_paraphrase,1. Introduction
CLM_PDF013_Q06_005,"Credit, leverage, collateral, and monetary policy",PDF013,PDF013_Q06,variables_parameters,validated_paraphrase,1. Introduction
CLM_PDF013_Q06_005,Debt rollover and dynamic efficiency,PDF013,PDF013_Q06,variables_parameters,validated_paraphrase,1. Introduction
CLM_PDF013_Q06_006,Definitions and conceptual separations,PDF013,PDF013_Q06,variables_parameters,validated_paraphrase,5. Mechanism II
CLM_PDF013_Q06_006,Growth and capital-formation mechanisms,PDF013,PDF013_Q06,variables_parameters,validated_paraphrase,5. Mechanism II
CLM_PDF013_Q06_006,"Credit, leverage, collateral, and monetary policy",PDF013,PDF013_Q06,variables_parameters,validated_paraphrase,5. Mechanism II
CLM_PDF013_Q06_006,Debt rollover and dynamic efficiency,PDF013,PDF013_Q06,variables_parameters,validated_paraphrase,5. Mechanism II
CLM_PDF013_Q06_007,Definitions and conceptual separations,PDF013,PDF013_Q06,variables_parameters,validated_paraphrase,3. Conceptual objects
CLM_PDF013_Q06_007,Growth and capital-formation mechanisms,PDF013,PDF013_Q06,variables_parameters,validated_paraphrase,3. Conceptual objects
CLM_PDF013_Q06_007,"Credit, leverage, collateral, and monetary policy",PDF013,PDF013_Q06,variables_parameters,validated_paraphrase,3. Conceptual objects
CLM_PDF013_Q06_007,Debt rollover and dynamic efficiency,PDF013,PDF013_Q06,variables_parameters,validated_paraphrase,3. Conceptual objects
CLM_PDF013_Q07_001,Definitions and conceptual separations,PDF013,PDF013_Q07,variables_parameters,validated_paraphrase,3. Conceptual objects
CLM_PDF013_Q07_001,Growth and capital-formation mechanisms,PDF013,PDF013_Q07,variables_parameters,validated_paraphrase,3. Conceptual objects
CLM_PDF013_Q07_001,"Credit, leverage, collateral, and monetary policy",PDF013,PDF013_Q07,variables_parameters,validated_paraphrase,3. Conceptual objects
CLM_PDF013_Q07_001,Unbalanced growth and overvaluation,PDF013,PDF013_Q07,variables_parameters,validated_paraphrase,3. Conceptual objects
CLM_PDF013_Q07_001,Debt rollover and dynamic efficiency,PDF013,PDF013_Q07,variables_parameters,validated_paraphrase,3. Conceptual objects
CLM_PDF013_Q07_002,Definitions and conceptual separations,PDF013,PDF013_Q07,variables_parameters,validated_paraphrase,5. Mechanism II
CLM_PDF013_Q07_002,Growth and capital-formation mechanisms,PDF013,PDF013_Q07,variables_parameters,validated_paraphrase,5. Mechanism II
CLM_PDF013_Q07_002,"Credit, leverage, collateral, and monetary policy",PDF013,PDF013_Q07,variables_parameters,validated_paraphrase,5. Mechanism II
CLM_PDF013_Q07_002,Debt rollover and dynamic efficiency,PDF013,PDF013_Q07,variables_parameters,validated_paraphrase,5. Mechanism II
CLM_PDF013_Q07_003,Definitions and conceptual separations,PDF013,PDF013_Q07,theory_evidence,validated_paraphrase,3. Conceptual objects
CLM_PDF013_Q07_003,Growth and capital-formation mechanisms,PDF013,PDF013_Q07,theory_evidence,validated_paraphrase,3. Conceptual objects
CLM_PDF013_Q07_003,"Credit, leverage, collateral, and monetary policy",PDF013,PDF013_Q07,theory_evidence,validated_paraphrase,3. Conceptual objects
CLM_PDF013_Q07_003,Debt rollover and dynamic efficiency,PDF013,PDF013_Q07,theory_evidence,validated_paraphrase,3. Conceptual objects
CLM_PDF013_Q07_003,Critical adaptation to urban land-rent financialization in Latin America,PDF013,PDF013_Q07,theory_evidence,validated_paraphrase,3. Conceptual objects
CLM_PDF013_Q07_004,"Credit, leverage, collateral, and monetary policy",PDF013,PDF013_Q07,variables_parameters,validated_paraphrase,10. Research agenda
CLM_PDF013_Q07_004,Debt rollover and dynamic efficiency,PDF013,PDF013_Q07,variables_parameters,validated_paraphrase,10. Research agenda
CLM_PDF013_Q07_004,Policy and institutional implications,PDF013,PDF013_Q07,variables_parameters,validated_paraphrase,10. Research agenda
CLM_PDF013_Q07_005,Definitions and conceptual separations,PDF013,PDF013_Q07,variables_parameters,validated_paraphrase,3. Conceptual objects
CLM_PDF013_Q07_005,Growth and capital-formation mechanisms,PDF013,PDF013_Q07,variables_parameters,validated_paraphrase,3. Conceptual objects
CLM_PDF013_Q07_005,"Credit, leverage, collateral, and monetary policy",PDF013,PDF013_Q07,variables_parameters,validated_paraphrase,3. Conceptual objects
CLM_PDF013_Q07_005,Debt rollover and dynamic efficiency,PDF013,PDF013_Q07,variables_parameters,validated_paraphrase,3. Conceptual objects
CLM_PDF013_Q07_006,Definitions and conceptual separations,PDF013,PDF013_Q07,mechanism,validated_paraphrase,1. Introduction
CLM_PDF013_Q07_006,Growth and capital-formation mechanisms,PDF013,PDF013_Q07,mechanism,validated_paraphrase,1. Introduction
CLM_PDF013_Q07_006,"Credit, leverage, collateral, and monetary policy",PDF013,PDF013_Q07,mechanism,validated_paraphrase,1. Introduction
CLM_PDF013_Q07_006,Debt rollover and dynamic efficiency,PDF013,PDF013_Q07,mechanism,validated_paraphrase,1. Introduction
CLM_PDF013_Q07_007,Definitions and conceptual separations,PDF013,PDF013_Q07,variables_parameters,validated_paraphrase,3. Conceptual objects
CLM_PDF013_Q07_007,Growth and capital-formation mechanisms,PDF013,PDF013_Q07,variables_parameters,validated_paraphrase,3. Conceptual objects
CLM_PDF013_Q07_007,"Credit, leverage, collateral, and monetary policy",PDF013,PDF013_Q07,variables_parameters,validated_paraphrase,3. Conceptual objects
CLM_PDF013_Q07_007,Debt rollover and dynamic efficiency,PDF013,PDF013_Q07,variables_parameters,validated_paraphrase,3. Conceptual objects
CLM_PDF014_Q01_001,Debt rollover and dynamic efficiency,PDF014,PDF014_Q01,causality,validated_paraphrase,7. Mechanism IV
CLM_PDF014_Q01_002,Definitions and conceptual separations,PDF014,PDF014_Q01,causality,validated_paraphrase,7. Mechanism IV
CLM_PDF014_Q01_002,"Credit, leverage, collateral, and monetary policy",PDF014,PDF014_Q01,causality,validated_paraphrase,7. Mechanism IV
CLM_PDF014_Q01_002,Debt rollover and dynamic efficiency,PDF014,PDF014_Q01,causality,validated_paraphrase,7. Mechanism IV
CLM_PDF014_Q01_002,Critical adaptation to urban land-rent financialization in Latin America,PDF014,PDF014_Q01,causality,validated_paraphrase,7. Mechanism IV
CLM_PDF014_Q01_003,Growth and capital-formation mechanisms,PDF014,PDF014_Q01,causality,validated_paraphrase,7. Mechanism IV
CLM_PDF014_Q01_003,"Credit, leverage, collateral, and monetary policy",PDF014,PDF014_Q01,causality,validated_paraphrase,7. Mechanism IV
CLM_PDF014_Q01_003,Debt rollover and dynamic efficiency,PDF014,PDF014_Q01,causality,validated_paraphrase,7. Mechanism IV
CLM_PDF014_Q01_004,Debt rollover and dynamic efficiency,PDF014,PDF014_Q01,variables_parameters,validated_paraphrase,7. Mechanism IV
CLM_PDF014_Q01_005,Growth and capital-formation mechanisms,PDF014,PDF014_Q01,variables_parameters,validated_paraphrase,1. Introduction
CLM_PDF014_Q01_005,"Credit, leverage, collateral, and monetary policy",PDF014,PDF014_Q01,variables_parameters,validated_paraphrase,1. Introduction
CLM_PDF014_Q01_005,Debt rollover and dynamic efficiency,PDF014,PDF014_Q01,variables_parameters,validated_paraphrase,1. Introduction
CLM_PDF014_Q01_006,Definitions and conceptual separations,PDF014,PDF014_Q01,causality,validated_paraphrase,7. Mechanism IV
CLM_PDF014_Q01_006,Growth and capital-formation mechanisms,PDF014,PDF014_Q01,causality,validated_paraphrase,7. Mechanism IV
CLM_PDF014_Q01_006,Unbalanced growth and overvaluation,PDF014,PDF014_Q01,causality,validated_paraphrase,7. Mechanism IV
CLM_PDF014_Q01_006,Debt rollover and dynamic efficiency,PDF014,PDF014_Q01,causality,validated_paraphrase,7. Mechanism IV
CLM_PDF014_Q01_006,Policy and institutional implications,PDF014,PDF014_Q01,causality,validated_paraphrase,7. Mechanism IV
CLM_PDF014_Q02_001,Definitions and conceptual separations,PDF014,PDF014_Q02,causality,validated_paraphrase,6. Mechanism III
CLM_PDF014_Q02_001,Growth and capital-formation mechanisms,PDF014,PDF014_Q02,causality,validated_paraphrase,6. Mechanism III
CLM_PDF014_Q02_001,Unbalanced growth and overvaluation,PDF014,PDF014_Q02,causality,validated_paraphrase,6. Mechanism III
CLM_PDF014_Q02_001,Debt rollover and dynamic efficiency,PDF014,PDF014_Q02,causality,validated_paraphrase,6. Mechanism III
CLM_PDF014_Q02_002,"Credit, leverage, collateral, and monetary policy",PDF014,PDF014_Q02,variables_parameters,validated_paraphrase,7. Mechanism IV
CLM_PDF014_Q02_002,Debt rollover and dynamic efficiency,PDF014,PDF014_Q02,variables_parameters,validated_paraphrase,7. Mechanism IV
CLM_PDF014_Q02_003,Definitions and conceptual separations,PDF014,PDF014_Q02,variables_parameters,validated_paraphrase,3. Conceptual objects
CLM_PDF014_Q02_003,Debt rollover and dynamic efficiency,PDF014,PDF014_Q02,variables_parameters,validated_paraphrase,3. Conceptual objects
CLM_PDF014_Q02_003,Critical adaptation to urban land-rent financialization in Latin America,PDF014,PDF014_Q02,variables_parameters,validated_paraphrase,3. Conceptual objects
CLM_PDF014_Q02_004,Debt rollover and dynamic efficiency,PDF014,PDF014_Q02,variables_parameters,validated_paraphrase,7. Mechanism IV
CLM_PDF014_Q02_005,Growth and capital-formation mechanisms,PDF014,PDF014_Q02,variables_parameters,validated_paraphrase,7. Mechanism IV
CLM_PDF014_Q02_005,Debt rollover and dynamic efficiency,PDF014,PDF014_Q02,variables_parameters,validated_paraphrase,7. Mechanism IV
CLM_PDF014_Q02_006,Growth and capital-formation mechanisms,PDF014,PDF014_Q02,variables_parameters,validated_paraphrase,6. Mechanism III
CLM_PDF014_Q02_006,"Credit, leverage, collateral, and monetary policy",PDF014,PDF014_Q02,variables_parameters,validated_paraphrase,6. Mechanism III
CLM_PDF014_Q02_006,Unbalanced growth and overvaluation,PDF014,PDF014_Q02,variables_parameters,validated_paraphrase,6. Mechanism III
CLM_PDF014_Q02_006,Debt rollover and dynamic efficiency,PDF014,PDF014_Q02,variables_parameters,validated_paraphrase,6. Mechanism III
CLM_PDF014_Q02_007,"Credit, leverage, collateral, and monetary policy",PDF014,PDF014_Q02,causality,validated_paraphrase,7. Mechanism IV
CLM_PDF014_Q02_007,Debt rollover and dynamic efficiency,PDF014,PDF014_Q02,causality,validated_paraphrase,7. Mechanism IV
CLM_PDF014_Q02_007,Wobbly dynamics and endogenous instability,PDF014,PDF014_Q02,causality,validated_paraphrase,7. Mechanism IV
CLM_PDF014_Q03_001,Growth and capital-formation mechanisms,PDF014,PDF014_Q03,causality,validated_paraphrase,7. Mechanism IV
CLM_PDF014_Q03_001,"Credit, leverage, collateral, and monetary policy",PDF014,PDF014_Q03,causality,validated_paraphrase,7. Mechanism IV
CLM_PDF014_Q03_001,Debt rollover and dynamic efficiency,PDF014,PDF014_Q03,causality,validated_paraphrase,7. Mechanism IV
CLM_PDF014_Q03_002,Growth and capital-formation mechanisms,PDF014,PDF014_Q03,variables_parameters,validated_paraphrase,7. Mechanism IV
CLM_PDF014_Q03_002,Debt rollover and dynamic efficiency,PDF014,PDF014_Q03,variables_parameters,validated_paraphrase,7. Mechanism IV
CLM_PDF014_Q03_003,Definitions and conceptual separations,PDF014,PDF014_Q03,variables_parameters,validated_paraphrase,6. Mechanism III
CLM_PDF014_Q03_003,Growth and capital-formation mechanisms,PDF014,PDF014_Q03,variables_parameters,validated_paraphrase,6. Mechanism III
CLM_PDF014_Q03_003,Unbalanced growth and overvaluation,PDF014,PDF014_Q03,variables_parameters,validated_paraphrase,6. Mechanism III
CLM_PDF014_Q03_003,Debt rollover and dynamic efficiency,PDF014,PDF014_Q03,variables_parameters,validated_paraphrase,6. Mechanism III
CLM_PDF014_Q03_003,Critical adaptation to urban land-rent financialization in Latin America,PDF014,PDF014_Q03,variables_parameters,validated_paraphrase,6. Mechanism III
CLM_PDF014_Q03_004,Definitions and conceptual separations,PDF014,PDF014_Q03,variables_parameters,validated_paraphrase,1. Introduction
CLM_PDF014_Q03_004,Growth and capital-formation mechanisms,PDF014,PDF014_Q03,variables_parameters,validated_paraphrase,1. Introduction
CLM_PDF014_Q03_004,"Credit, leverage, collateral, and monetary policy",PDF014,PDF014_Q03,variables_parameters,validated_paraphrase,1. Introduction
CLM_PDF014_Q03_004,Unbalanced growth and overvaluation,PDF014,PDF014_Q03,variables_parameters,validated_paraphrase,1. Introduction
CLM_PDF014_Q03_004,Debt rollover and dynamic efficiency,PDF014,PDF014_Q03,variables_parameters,validated_paraphrase,1. Introduction
CLM_PDF014_Q03_005,Definitions and conceptual separations,PDF014,PDF014_Q03,causality,validated_paraphrase,3. Conceptual objects
CLM_PDF014_Q03_005,Growth and capital-formation mechanisms,PDF014,PDF014_Q03,causality,validated_paraphrase,3. Conceptual objects
CLM_PDF014_Q03_005,"Credit, leverage, collateral, and monetary policy",PDF014,PDF014_Q03,causality,validated_paraphrase,3. Conceptual objects
CLM_PDF014_Q03_005,Unbalanced growth and overvaluation,PDF014,PDF014_Q03,causality,validated_paraphrase,3. Conceptual objects
CLM_PDF014_Q03_005,Debt rollover and dynamic efficiency,PDF014,PDF014_Q03,causality,validated_paraphrase,3. Conceptual objects
CLM_PDF014_Q03_006,"Credit, leverage, collateral, and monetary policy",PDF014,PDF014_Q03,causality,validated_paraphrase,7. Mechanism IV
CLM_PDF014_Q03_006,Debt rollover and dynamic efficiency,PDF014,PDF014_Q03,causality,validated_paraphrase,7. Mechanism IV
CLM_PDF014_Q03_007,Debt rollover and dynamic efficiency,PDF014,PDF014_Q03,causality,validated_paraphrase,7. Mechanism IV
CLM_PDF014_Q04_001,Growth and capital-formation mechanisms,PDF014,PDF014_Q04,variables_parameters,validated_paraphrase,6. Mechanism III
CLM_PDF014_Q04_001,"Credit, leverage, collateral, and monetary policy",PDF014,PDF014_Q04,variables_parameters,validated_paraphrase,6. Mechanism III
CLM_PDF014_Q04_001,Unbalanced growth and overvaluation,PDF014,PDF014_Q04,variables_parameters,validated_paraphrase,6. Mechanism III
CLM_PDF014_Q04_001,Debt rollover and dynamic efficiency,PDF014,PDF014_Q04,variables_parameters,validated_paraphrase,6. Mechanism III
CLM_PDF014_Q04_001,Wobbly dynamics and endogenous instability,PDF014,PDF014_Q04,variables_parameters,validated_paraphrase,6. Mechanism III
CLM_PDF014_Q04_002,Debt rollover and dynamic efficiency,PDF014,PDF014_Q04,causality,validated_paraphrase,7. Mechanism IV
CLM_PDF014_Q04_003,Growth and capital-formation mechanisms,PDF014,PDF014_Q04,variables_parameters,validated_paraphrase,6. Mechanism III
CLM_PDF014_Q04_003,Unbalanced growth and overvaluation,PDF014,PDF014_Q04,variables_parameters,validated_paraphrase,6. Mechanism III
CLM_PDF014_Q04_003,Debt rollover and dynamic efficiency,PDF014,PDF014_Q04,variables_parameters,validated_paraphrase,6. Mechanism III
CLM_PDF014_Q04_003,Critical adaptation to urban land-rent financialization in Latin America,PDF014,PDF014_Q04,variables_parameters,validated_paraphrase,6. Mechanism III
CLM_PDF014_Q04_004,Definitions and conceptual separations,PDF014,PDF014_Q04,variables_parameters,validated_paraphrase,6. Mechanism III
CLM_PDF014_Q04_004,Growth and capital-formation mechanisms,PDF014,PDF014_Q04,variables_parameters,validated_paraphrase,6. Mechanism III
CLM_PDF014_Q04_004,Unbalanced growth and overvaluation,PDF014,PDF014_Q04,variables_parameters,validated_paraphrase,6. Mechanism III
CLM_PDF014_Q04_004,Debt rollover and dynamic efficiency,PDF014,PDF014_Q04,variables_parameters,validated_paraphrase,6. Mechanism III
CLM_PDF014_Q04_005,Definitions and conceptual separations,PDF014,PDF014_Q04,variables_parameters,validated_paraphrase,1. Introduction
CLM_PDF014_Q04_005,Growth and capital-formation mechanisms,PDF014,PDF014_Q04,variables_parameters,validated_paraphrase,1. Introduction
CLM_PDF014_Q04_005,"Credit, leverage, collateral, and monetary policy",PDF014,PDF014_Q04,variables_parameters,validated_paraphrase,1. Introduction
CLM_PDF014_Q04_005,Unbalanced growth and overvaluation,PDF014,PDF014_Q04,variables_parameters,validated_paraphrase,1. Introduction
CLM_PDF014_Q04_005,Debt rollover and dynamic efficiency,PDF014,PDF014_Q04,variables_parameters,validated_paraphrase,1. Introduction
CLM_PDF014_Q04_006,Definitions and conceptual separations,PDF014,PDF014_Q04,variables_parameters,validated_paraphrase,1. Introduction
CLM_PDF014_Q04_006,Growth and capital-formation mechanisms,PDF014,PDF014_Q04,variables_parameters,validated_paraphrase,1. Introduction
CLM_PDF014_Q04_006,"Credit, leverage, collateral, and monetary policy",PDF014,PDF014_Q04,variables_parameters,validated_paraphrase,1. Introduction
CLM_PDF014_Q04_006,Unbalanced growth and overvaluation,PDF014,PDF014_Q04,variables_parameters,validated_paraphrase,1. Introduction
CLM_PDF014_Q04_006,Debt rollover and dynamic efficiency,PDF014,PDF014_Q04,variables_parameters,validated_paraphrase,1. Introduction
CLM_PDF014_Q04_007,"Credit, leverage, collateral, and monetary policy",PDF014,PDF014_Q04,variables_parameters,validated_paraphrase,7. Mechanism IV
CLM_PDF014_Q04_007,Unbalanced growth and overvaluation,PDF014,PDF014_Q04,variables_parameters,validated_paraphrase,7. Mechanism IV
CLM_PDF014_Q04_007,Debt rollover and dynamic efficiency,PDF014,PDF014_Q04,variables_parameters,validated_paraphrase,7. Mechanism IV
CLM_PDF014_Q05_001,Definitions and conceptual separations,PDF014,PDF014_Q05,causality,validated_paraphrase,6. Mechanism III
CLM_PDF014_Q05_001,Growth and capital-formation mechanisms,PDF014,PDF014_Q05,causality,validated_paraphrase,6. Mechanism III
CLM_PDF014_Q05_001,Unbalanced growth and overvaluation,PDF014,PDF014_Q05,causality,validated_paraphrase,6. Mechanism III
CLM_PDF014_Q05_001,Debt rollover and dynamic efficiency,PDF014,PDF014_Q05,causality,validated_paraphrase,6. Mechanism III
CLM_PDF014_Q05_002,Definitions and conceptual separations,PDF014,PDF014_Q05,variables_parameters,validated_paraphrase,6. Mechanism III
CLM_PDF014_Q05_002,Growth and capital-formation mechanisms,PDF014,PDF014_Q05,variables_parameters,validated_paraphrase,6. Mechanism III
CLM_PDF014_Q05_002,Unbalanced growth and overvaluation,PDF014,PDF014_Q05,variables_parameters,validated_paraphrase,6. Mechanism III
CLM_PDF014_Q05_002,Debt rollover and dynamic efficiency,PDF014,PDF014_Q05,variables_parameters,validated_paraphrase,6. Mechanism III
CLM_PDF014_Q05_003,Definitions and conceptual separations,PDF014,PDF014_Q05,variables_parameters,validated_paraphrase,3. Conceptual objects
CLM_PDF014_Q05_003,Debt rollover and dynamic efficiency,PDF014,PDF014_Q05,variables_parameters,validated_paraphrase,3. Conceptual objects
CLM_PDF014_Q05_003,Critical adaptation to urban land-rent financialization in Latin America,PDF014,PDF014_Q05,variables_parameters,validated_paraphrase,3. Conceptual objects
CLM_PDF014_Q05_004,Growth and capital-formation mechanisms,PDF014,PDF014_Q05,variables_parameters,validated_paraphrase,1. Introduction
CLM_PDF014_Q05_004,"Credit, leverage, collateral, and monetary policy",PDF014,PDF014_Q05,variables_parameters,validated_paraphrase,1. Introduction
CLM_PDF014_Q05_004,Debt rollover and dynamic efficiency,PDF014,PDF014_Q05,variables_parameters,validated_paraphrase,1. Introduction
CLM_PDF014_Q05_005,Growth and capital-formation mechanisms,PDF014,PDF014_Q05,variables_parameters,validated_paraphrase,1. Introduction
CLM_PDF014_Q05_005,"Credit, leverage, collateral, and monetary policy",PDF014,PDF014_Q05,variables_parameters,validated_paraphrase,1. Introduction
CLM_PDF014_Q05_005,Debt rollover and dynamic efficiency,PDF014,PDF014_Q05,variables_parameters,validated_paraphrase,1. Introduction
CLM_PDF014_Q05_006,Definitions and conceptual separations,PDF014,PDF014_Q05,variables_parameters,validated_paraphrase,6. Mechanism III
CLM_PDF014_Q05_006,Growth and capital-formation mechanisms,PDF014,PDF014_Q05,variables_parameters,validated_paraphrase,6. Mechanism III
CLM_PDF014_Q05_006,Unbalanced growth and overvaluation,PDF014,PDF014_Q05,variables_parameters,validated_paraphrase,6. Mechanism III
CLM_PDF014_Q05_006,Debt rollover and dynamic efficiency,PDF014,PDF014_Q05,variables_parameters,validated_paraphrase,6. Mechanism III
CLM_PDF014_Q05_007,Definitions and conceptual separations,PDF014,PDF014_Q05,variables_parameters,validated_paraphrase,1. Introduction
CLM_PDF014_Q05_007,Growth and capital-formation mechanisms,PDF014,PDF014_Q05,variables_parameters,validated_paraphrase,1. Introduction
CLM_PDF014_Q05_007,"Credit, leverage, collateral, and monetary policy",PDF014,PDF014_Q05,variables_parameters,validated_paraphrase,1. Introduction
CLM_PDF014_Q05_007,Unbalanced growth and overvaluation,PDF014,PDF014_Q05,variables_parameters,validated_paraphrase,1. Introduction
CLM_PDF014_Q05_007,Debt rollover and dynamic efficiency,PDF014,PDF014_Q05,variables_parameters,validated_paraphrase,1. Introduction
CLM_PDF014_Q06_001,Definitions and conceptual separations,PDF014,PDF014_Q06,causality,validated_paraphrase,7. Mechanism IV
CLM_PDF014_Q06_001,Growth and capital-formation mechanisms,PDF014,PDF014_Q06,causality,validated_paraphrase,7. Mechanism IV
CLM_PDF014_Q06_001,Unbalanced growth and overvaluation,PDF014,PDF014_Q06,causality,validated_paraphrase,7. Mechanism IV
CLM_PDF014_Q06_001,Debt rollover and dynamic efficiency,PDF014,PDF014_Q06,causality,validated_paraphrase,7. Mechanism IV
CLM_PDF014_Q06_002,Debt rollover and dynamic efficiency,PDF014,PDF014_Q06,variables_parameters,validated_paraphrase,7. Mechanism IV
CLM_PDF014_Q06_003,Definitions and conceptual separations,PDF014,PDF014_Q06,variables_parameters,validated_paraphrase,3. Conceptual objects
CLM_PDF014_Q06_003,Debt rollover and dynamic efficiency,PDF014,PDF014_Q06,variables_parameters,validated_paraphrase,3. Conceptual objects
CLM_PDF014_Q06_003,Critical adaptation to urban land-rent financialization in Latin America,PDF014,PDF014_Q06,variables_parameters,validated_paraphrase,3. Conceptual objects
CLM_PDF014_Q06_004,Debt rollover and dynamic efficiency,PDF014,PDF014_Q06,variables_parameters,validated_paraphrase,7. Mechanism IV
CLM_PDF014_Q06_005,Growth and capital-formation mechanisms,PDF014,PDF014_Q06,variables_parameters,validated_paraphrase,1. Introduction
CLM_PDF014_Q06_005,"Credit, leverage, collateral, and monetary policy",PDF014,PDF014_Q06,variables_parameters,validated_paraphrase,1. Introduction
CLM_PDF014_Q06_005,Debt rollover and dynamic efficiency,PDF014,PDF014_Q06,variables_parameters,validated_paraphrase,1. Introduction
CLM_PDF014_Q06_006,Growth and capital-formation mechanisms,PDF014,PDF014_Q06,variables_parameters,validated_paraphrase,6. Mechanism III
CLM_PDF014_Q06_006,"Credit, leverage, collateral, and monetary policy",PDF014,PDF014_Q06,variables_parameters,validated_paraphrase,6. Mechanism III
CLM_PDF014_Q06_006,Unbalanced growth and overvaluation,PDF014,PDF014_Q06,variables_parameters,validated_paraphrase,6. Mechanism III
CLM_PDF014_Q06_006,Debt rollover and dynamic efficiency,PDF014,PDF014_Q06,variables_parameters,validated_paraphrase,6. Mechanism III
CLM_PDF014_Q06_006,Wobbly dynamics and endogenous instability,PDF014,PDF014_Q06,variables_parameters,validated_paraphrase,6. Mechanism III
CLM_PDF014_Q06_007,"Credit, leverage, collateral, and monetary policy",PDF014,PDF014_Q06,causality,validated_paraphrase,7. Mechanism IV
CLM_PDF014_Q06_007,Debt rollover and dynamic efficiency,PDF014,PDF014_Q06,causality,validated_paraphrase,7. Mechanism IV
CLM_PDF014_Q06_007,Wobbly dynamics and endogenous instability,PDF014,PDF014_Q06,causality,validated_paraphrase,7. Mechanism IV
CLM_PDF014_Q07_001,Debt rollover and dynamic efficiency,PDF014,PDF014_Q07,variables_parameters,validated_paraphrase,7. Mechanism IV
CLM_PDF014_Q07_001,Critical adaptation to urban land-rent financialization in Latin America,PDF014,PDF014_Q07,variables_parameters,validated_paraphrase,7. Mechanism IV
CLM_PDF014_Q07_002,Debt rollover and dynamic efficiency,PDF014,PDF014_Q07,causality,validated_paraphrase,7. Mechanism IV
CLM_PDF014_Q07_002,Critical adaptation to urban land-rent financialization in Latin America,PDF014,PDF014_Q07,causality,validated_paraphrase,7. Mechanism IV
CLM_PDF014_Q07_003,"Credit, leverage, collateral, and monetary policy",PDF014,PDF014_Q07,variables_parameters,validated_paraphrase,7. Mechanism IV
CLM_PDF014_Q07_003,Debt rollover and dynamic efficiency,PDF014,PDF014_Q07,variables_parameters,validated_paraphrase,7. Mechanism IV
CLM_PDF014_Q07_003,Wobbly dynamics and endogenous instability,PDF014,PDF014_Q07,variables_parameters,validated_paraphrase,7. Mechanism IV
CLM_PDF014_Q07_004,Growth and capital-formation mechanisms,PDF014,PDF014_Q07,mechanism,validated_paraphrase,1. Introduction
CLM_PDF014_Q07_004,"Credit, leverage, collateral, and monetary policy",PDF014,PDF014_Q07,mechanism,validated_paraphrase,1. Introduction
CLM_PDF014_Q07_004,Unbalanced growth and overvaluation,PDF014,PDF014_Q07,mechanism,validated_paraphrase,1. Introduction
CLM_PDF014_Q07_004,Debt rollover and dynamic efficiency,PDF014,PDF014_Q07,mechanism,validated_paraphrase,1. Introduction
CLM_PDF014_Q07_005,Definitions and conceptual separations,PDF014,PDF014_Q07,mechanism,validated_paraphrase,3. Conceptual objects
CLM_PDF014_Q07_005,Debt rollover and dynamic efficiency,PDF014,PDF014_Q07,mechanism,validated_paraphrase,3. Conceptual objects
CLM_PDF014_Q07_005,Critical adaptation to urban land-rent financialization in Latin America,PDF014,PDF014_Q07,mechanism,validated_paraphrase,3. Conceptual objects
CLM_PDF014_Q07_006,Definitions and conceptual separations,PDF014,PDF014_Q07,variables_parameters,validated_paraphrase,7. Mechanism IV
CLM_PDF014_Q07_006,"Credit, leverage, collateral, and monetary policy",PDF014,PDF014_Q07,variables_parameters,validated_paraphrase,7. Mechanism IV
CLM_PDF014_Q07_006,Unbalanced growth and overvaluation,PDF014,PDF014_Q07,variables_parameters,validated_paraphrase,7. Mechanism IV
CLM_PDF014_Q07_006,Debt rollover and dynamic efficiency,PDF014,PDF014_Q07,variables_parameters,validated_paraphrase,7. Mechanism IV
CLM_PDF014_Q07_006,Wobbly dynamics and endogenous instability,PDF014,PDF014_Q07,variables_parameters,validated_paraphrase,7. Mechanism IV
